Mdt;Valore Livello;Valore Liv. Superiore;Valore Liv. Superiore_1;Str.;C;Liv.Sede;Sezione;Tipologia;Componente;Tipo Elemento;Check
  100;00            ;01                   ;1E                   ;Z-RES;E;5       ;0000   ;51       ;5150      ;             ;00_01_1E_5
  100;00            ;01                   ;2E                   ;Z-RES;E;5       ;0000   ;51       ;5150      ;             ;00_01_2E_5
  100;00            ;01                   ;3E                   ;Z-RES;E;5       ;0000   ;51       ;5150      ;             ;00_01_3E_5
  100;00            ;01                   ;4E                   ;Z-RES;E;5       ;0000   ;51       ;5150      ;             ;00_01_4E_5
  100;00            ;01                   ;5E                   ;Z-RES;E;5       ;0000   ;51       ;5150      ;             ;00_01_5E_5
  100;00            ;01                   ;6E                   ;Z-RES;E;5       ;0000   ;51       ;5150      ;             ;00_01_6E_5
  100;00            ;01                   ;7E                   ;Z-RES;E;5       ;0000   ;51       ;5150      ;             ;00_01_7E_5
  100;00            ;01                   ;8E                   ;Z-RES;E;5       ;0000   ;51       ;5150      ;             ;00_01_8E_5
  100;00            ;01                   ;9E                   ;Z-RES;E;5       ;0000   ;51       ;5150      ;             ;00_01_9E_5
  100;00            ;01                   ;AE                   ;Z-RES;E;5       ;0000   ;51       ;5150      ;             ;00_01_AE_5
  100;00            ;01                   ;BE                   ;Z-RES;E;5       ;0000   ;51       ;5150      ;             ;00_01_BE_5
  100;00            ;01                   ;CE                   ;Z-RES;E;5       ;0000   ;51       ;5150      ;             ;00_01_CE_5
  100;00            ;01                   ;DE                   ;Z-RES;E;5       ;0000   ;51       ;5150      ;             ;00_01_DE_5
  100;00            ;01                   ;EE                   ;Z-RES;E;5       ;0000   ;51       ;5150      ;             ;00_01_EE_5
  100;00            ;02                   ;1E                   ;Z-RES;E;5       ;0000   ;51       ;5150      ;             ;00_02_1E_5
  100;00            ;02                   ;2E                   ;Z-RES;E;5       ;0000   ;51       ;5150      ;             ;00_02_2E_5
  100;00            ;02                   ;3E                   ;Z-RES;E;5       ;0000   ;51       ;5150      ;             ;00_02_3E_5
  100;00            ;02                   ;4E                   ;Z-RES;E;5       ;0000   ;51       ;5150      ;             ;00_02_4E_5
  100;00            ;02                   ;5E                   ;Z-RES;E;5       ;0000   ;51       ;5150      ;             ;00_02_5E_5
  100;00            ;02                   ;6E                   ;Z-RES;E;5       ;0000   ;51       ;5150      ;             ;00_02_6E_5
  100;00            ;02                   ;7E                   ;Z-RES;E;5       ;0000   ;51       ;5150      ;             ;00_02_7E_5
  100;00            ;02                   ;8E                   ;Z-RES;E;5       ;0000   ;51       ;5150      ;             ;00_02_8E_5
  100;00            ;02                   ;9E                   ;Z-RES;E;5       ;0000   ;51       ;5150      ;             ;00_02_9E_5
  100;00            ;02                   ;AE                   ;Z-RES;E;5       ;0000   ;51       ;5150      ;             ;00_02_AE_5
  100;00            ;02                   ;BE                   ;Z-RES;E;5       ;0000   ;51       ;5150      ;             ;00_02_BE_5
  100;00            ;02                   ;CE                   ;Z-RES;E;5       ;0000   ;51       ;5150      ;             ;00_02_CE_5
  100;00            ;02                   ;DE                   ;Z-RES;E;5       ;0000   ;51       ;5150      ;             ;00_02_DE_5
  100;00            ;02                   ;EE                   ;Z-RES;E;5       ;0000   ;51       ;5150      ;             ;00_02_EE_5
  100;00            ;03                   ;1E                   ;Z-RES;E;5       ;0000   ;51       ;5150      ;             ;00_03_1E_5
  100;00            ;03                   ;2E                   ;Z-RES;E;5       ;0000   ;51       ;5150      ;             ;00_03_2E_5
  100;00            ;03                   ;3E                   ;Z-RES;E;5       ;0000   ;51       ;5150      ;             ;00_03_3E_5
  100;00            ;03                   ;4E                   ;Z-RES;E;5       ;0000   ;51       ;5150      ;             ;00_03_4E_5
  100;00            ;03                   ;5E                   ;Z-RES;E;5       ;0000   ;51       ;5150      ;             ;00_03_5E_5
  100;00            ;03                   ;6E                   ;Z-RES;E;5       ;0000   ;51       ;5150      ;             ;00_03_6E_5
  100;00            ;03                   ;7E                   ;Z-RES;E;5       ;0000   ;51       ;5150      ;             ;00_03_7E_5
  100;00            ;03                   ;8E                   ;Z-RES;E;5       ;0000   ;51       ;5150      ;             ;00_03_8E_5
  100;00            ;03                   ;9E                   ;Z-RES;E;5       ;0000   ;51       ;5150      ;             ;00_03_9E_5
  100;00            ;03                   ;AE                   ;Z-RES;E;5       ;0000   ;51       ;5150      ;             ;00_03_AE_5
  100;00            ;03                   ;BE                   ;Z-RES;E;5       ;0000   ;51       ;5150      ;             ;00_03_BE_5
  100;00            ;03                   ;CE                   ;Z-RES;E;5       ;0000   ;51       ;5150      ;             ;00_03_CE_5
  100;00            ;03                   ;DE                   ;Z-RES;E;5       ;0000   ;51       ;5150      ;             ;00_03_DE_5
  100;00            ;03                   ;EE                   ;Z-RES;E;5       ;0000   ;51       ;5150      ;             ;00_03_EE_5
  100;00            ;04                   ;1E                   ;Z-RES;E;5       ;0000   ;51       ;5150      ;             ;00_04_1E_5
  100;00            ;04                   ;2E                   ;Z-RES;E;5       ;0000   ;51       ;5150      ;             ;00_04_2E_5
  100;00            ;04                   ;3E                   ;Z-RES;E;5       ;0000   ;51       ;5150      ;             ;00_04_3E_5
  100;00            ;04                   ;4E                   ;Z-RES;E;5       ;0000   ;51       ;5150      ;             ;00_04_4E_5
  100;00            ;04                   ;5E                   ;Z-RES;E;5       ;0000   ;51       ;5150      ;             ;00_04_5E_5
  100;00            ;04                   ;6E                   ;Z-RES;E;5       ;0000   ;51       ;5150      ;             ;00_04_6E_5
  100;00            ;04                   ;7E                   ;Z-RES;E;5       ;0000   ;51       ;5150      ;             ;00_04_7E_5
  100;00            ;04                   ;8E                   ;Z-RES;E;5       ;0000   ;51       ;5150      ;             ;00_04_8E_5
  100;00            ;04                   ;9E                   ;Z-RES;E;5       ;0000   ;51       ;5150      ;             ;00_04_9E_5
  100;00            ;04                   ;AE                   ;Z-RES;E;5       ;0000   ;51       ;5150      ;             ;00_04_AE_5
  100;00            ;04                   ;BE                   ;Z-RES;E;5       ;0000   ;51       ;5150      ;             ;00_04_BE_5
  100;00            ;04                   ;CE                   ;Z-RES;E;5       ;0000   ;51       ;5150      ;             ;00_04_CE_5
  100;00            ;04                   ;DE                   ;Z-RES;E;5       ;0000   ;51       ;5150      ;             ;00_04_DE_5
  100;00            ;04                   ;EE                   ;Z-RES;E;5       ;0000   ;51       ;5150      ;             ;00_04_EE_5
  100;00            ;05                   ;1E                   ;Z-RES;E;5       ;0000   ;51       ;5150      ;             ;00_05_1E_5
  100;00            ;05                   ;2E                   ;Z-RES;E;5       ;0000   ;51       ;5150      ;             ;00_05_2E_5
  100;00            ;05                   ;3E                   ;Z-RES;E;5       ;0000   ;51       ;5150      ;             ;00_05_3E_5
  100;00            ;05                   ;4E                   ;Z-RES;E;5       ;0000   ;51       ;5150      ;             ;00_05_4E_5
  100;00            ;05                   ;5E                   ;Z-RES;E;5       ;0000   ;51       ;5150      ;             ;00_05_5E_5
  100;00            ;05                   ;6E                   ;Z-RES;E;5       ;0000   ;51       ;5150      ;             ;00_05_6E_5
  100;00            ;05                   ;7E                   ;Z-RES;E;5       ;0000   ;51       ;5150      ;             ;00_05_7E_5
  100;00            ;05                   ;8E                   ;Z-RES;E;5       ;0000   ;51       ;5150      ;             ;00_05_8E_5
  100;00            ;05                   ;9E                   ;Z-RES;E;5       ;0000   ;51       ;5150      ;             ;00_05_9E_5
  100;00            ;05                   ;AE                   ;Z-RES;E;5       ;0000   ;51       ;5150      ;             ;00_05_AE_5
  100;00            ;05                   ;BE                   ;Z-RES;E;5       ;0000   ;51       ;5150      ;             ;00_05_BE_5
  100;00            ;05                   ;CE                   ;Z-RES;E;5       ;0000   ;51       ;5150      ;             ;00_05_CE_5
  100;00            ;06                   ;1E                   ;Z-RES;E;5       ;0000   ;51       ;5150      ;             ;00_06_1E_5
  100;00            ;06                   ;2E                   ;Z-RES;E;5       ;0000   ;51       ;5150      ;             ;00_06_2E_5
  100;00            ;06                   ;3E                   ;Z-RES;E;5       ;0000   ;51       ;5150      ;             ;00_06_3E_5
  100;00            ;06                   ;4E                   ;Z-RES;E;5       ;0000   ;51       ;5150      ;             ;00_06_4E_5
  100;00            ;06                   ;5E                   ;Z-RES;E;5       ;0000   ;51       ;5150      ;             ;00_06_5E_5
  100;00            ;06                   ;6E                   ;Z-RES;E;5       ;0000   ;51       ;5150      ;             ;00_06_6E_5
  100;00            ;06                   ;7E                   ;Z-RES;E;5       ;0000   ;51       ;5150      ;             ;00_06_7E_5
  100;00            ;06                   ;8E                   ;Z-RES;E;5       ;0000   ;51       ;5150      ;             ;00_06_8E_5
  100;00            ;06                   ;9E                   ;Z-RES;E;5       ;0000   ;51       ;5150      ;             ;00_06_9E_5
  100;00            ;06                   ;AE                   ;Z-RES;E;5       ;0000   ;51       ;5150      ;             ;00_06_AE_5
  100;00            ;06                   ;BE                   ;Z-RES;E;5       ;0000   ;51       ;5150      ;             ;00_06_BE_5
  100;00            ;06                   ;CE                   ;Z-RES;E;5       ;0000   ;51       ;5150      ;             ;00_06_CE_5
  100;00            ;07                   ;1E                   ;Z-RES;E;5       ;0000   ;51       ;5150      ;             ;00_07_1E_5
  100;00            ;07                   ;2E                   ;Z-RES;E;5       ;0000   ;51       ;5150      ;             ;00_07_2E_5
  100;00            ;07                   ;3E                   ;Z-RES;E;5       ;0000   ;51       ;5150      ;             ;00_07_3E_5
  100;00            ;07                   ;4E                   ;Z-RES;E;5       ;0000   ;51       ;5150      ;             ;00_07_4E_5
  100;00            ;07                   ;5E                   ;Z-RES;E;5       ;0000   ;51       ;5150      ;             ;00_07_5E_5
  100;00            ;07                   ;6E                   ;Z-RES;E;5       ;0000   ;51       ;5150      ;             ;00_07_6E_5
  100;00            ;07                   ;7E                   ;Z-RES;E;5       ;0000   ;51       ;5150      ;             ;00_07_7E_5
  100;00            ;07                   ;8E                   ;Z-RES;E;5       ;0000   ;51       ;5150      ;             ;00_07_8E_5
  100;00            ;07                   ;9E                   ;Z-RES;E;5       ;0000   ;51       ;5150      ;             ;00_07_9E_5
  100;00            ;07                   ;AE                   ;Z-RES;E;5       ;0000   ;51       ;5150      ;             ;00_07_AE_5
  100;00            ;07                   ;BE                   ;Z-RES;E;5       ;0000   ;51       ;5150      ;             ;00_07_BE_5
  100;00            ;07                   ;CE                   ;Z-RES;E;5       ;0000   ;51       ;5150      ;             ;00_07_CE_5
  100;00            ;08                   ;1E                   ;Z-RES;E;5       ;0000   ;51       ;5150      ;             ;00_08_1E_5
  100;00            ;08                   ;2E                   ;Z-RES;E;5       ;0000   ;51       ;5150      ;             ;00_08_2E_5
  100;00            ;08                   ;3E                   ;Z-RES;E;5       ;0000   ;51       ;5150      ;             ;00_08_3E_5
  100;00            ;09                   ;1E                   ;Z-RES;E;5       ;0000   ;51       ;5150      ;             ;00_09_1E_5
  100;00            ;09                   ;3E                   ;Z-RES;E;5       ;0000   ;51       ;5150      ;             ;00_09_3E_5
  100;00            ;0E                   ;                     ;Z-RES;E;4       ;0000   ;51       ;5150      ;             ;00_0E_4
  100;01            ;0E                   ;                     ;Z-RES;E;4       ;       ;         ;          ;             ;01_0E_4
  100;01            ;1E                   ;                     ;Z-RES;E;4       ;0000   ;51       ;5180      ;             ;01_1E_4
  100;01            ;2E                   ;                     ;Z-RES;E;4       ;0000   ;51       ;5180      ;             ;01_2E_4
  100;01            ;3E                   ;                     ;Z-RES;E;4       ;0000   ;51       ;5180      ;             ;01_3E_4
  100;01            ;4E                   ;                     ;Z-RES;E;4       ;0000   ;51       ;5180      ;             ;01_4E_4
  100;01            ;5E                   ;                     ;Z-RES;E;4       ;0000   ;51       ;5180      ;             ;01_5E_4
  100;01            ;6E                   ;                     ;Z-RES;E;4       ;0000   ;51       ;5180      ;             ;01_6E_4
  100;01            ;7E                   ;                     ;Z-RES;E;4       ;0000   ;51       ;5180      ;             ;01_7E_4
  100;01            ;8E                   ;                     ;Z-RES;E;4       ;0000   ;51       ;5180      ;             ;01_8E_4
  100;01            ;9E                   ;                     ;Z-RES;E;4       ;0000   ;51       ;5180      ;             ;01_9E_4
  100;01            ;AE                   ;                     ;Z-RES;E;4       ;0000   ;51       ;5180      ;             ;01_AE_4
  100;01            ;BE                   ;                     ;Z-RES;E;4       ;0000   ;51       ;5180      ;             ;01_BE_4
  100;01            ;BT                   ;SA                   ;Z-RES;E;6       ;0000   ;51       ;5150      ;             ;01_BT_SA_6
  100;01            ;CE                   ;                     ;Z-RES;E;4       ;0000   ;51       ;5180      ;             ;01_CE_4
  100;01            ;DE                   ;                     ;Z-RES;E;4       ;0000   ;51       ;5180      ;             ;01_DE_4
  100;01            ;EE                   ;                     ;Z-RES;E;4       ;0000   ;51       ;5180      ;             ;01_EE_4
  100;01            ;LN                   ;LA                   ;Z-RES;E;6       ;0000   ;51       ;5150      ;             ;01_LN_LA_6
  100;01            ;LP                   ;LA                   ;Z-RES;E;6       ;0000   ;51       ;5150      ;             ;01_LP_LA_6
  100;01            ;LU                   ;LA                   ;Z-RES;E;6       ;0000   ;51       ;5150      ;             ;01_LU_LA_6
  100;01            ;M1                   ;1T                   ;Z-RES;E;6       ;0000   ;51       ;5150      ;             ;01_M1_1T_6
  100;01            ;MA                   ;1M                   ;Z-RES;E;6       ;0000   ;51       ;5150      ;             ;01_MA_1M_6
  100;01            ;MA                   ;2M                   ;Z-RES;E;6       ;0000   ;51       ;5150      ;             ;01_MA_2M_6
  100;01            ;MA                   ;3M                   ;Z-RES;E;6       ;0000   ;51       ;5150      ;             ;01_MA_3M_6
  100;01            ;MA                   ;4M                   ;Z-RES;E;6       ;0000   ;51       ;5150      ;             ;01_MA_4M_6
  100;01            ;MA                   ;5M                   ;Z-RES;E;6       ;0000   ;51       ;5150      ;             ;01_MA_5M_6
  100;01            ;MA                   ;6M                   ;Z-RES;E;6       ;0000   ;51       ;5150      ;             ;01_MA_6M_6
  100;01            ;MA                   ;7M                   ;Z-RES;E;6       ;0000   ;51       ;5150      ;             ;01_MA_7M_6
  100;01            ;MA                   ;8M                   ;Z-RES;E;6       ;0000   ;51       ;5150      ;             ;01_MA_8M_6
  100;01            ;MA                   ;9M                   ;Z-RES;E;6       ;0000   ;51       ;5150      ;             ;01_MA_9M_6
  100;01            ;MA                   ;AM                   ;Z-RES;E;6       ;0000   ;51       ;5150      ;             ;01_MA_AM_6
  100;01            ;MA                   ;BM                   ;Z-RES;E;6       ;0000   ;51       ;5150      ;             ;01_MA_BM_6
  100;01            ;MA                   ;CM                   ;Z-RES;E;6       ;0000   ;51       ;5150      ;             ;01_MA_CM_6
  100;01            ;MA                   ;DM                   ;Z-RES;E;6       ;0000   ;51       ;5150      ;             ;01_MA_DM_6
  100;01            ;MA                   ;EM                   ;Z-RES;E;6       ;0000   ;51       ;5150      ;             ;01_MA_EM_6
  100;01            ;RE                   ;0A                   ;Z-RES;E;5       ;0000   ;51       ;5150      ;             ;01_RE_0A_5
  100;01            ;SB                   ;LA                   ;Z-RES;E;6       ;0000   ;51       ;5150      ;             ;01_SB_LA_6
  100;01            ;TR                   ;SA                   ;Z-RES;E;6       ;0000   ;51       ;5150      ;             ;01_TR_SA_6
  100;01            ;TS                   ;SA                   ;Z-RES;E;6       ;0000   ;51       ;5150      ;             ;01_TS_SA_6
  100;02            ;0E                   ;                     ;Z-RES;E;4       ;0000   ;51       ;5190      ;             ;02_0E_4
  100;02            ;1E                   ;                     ;Z-RES;E;4       ;0000   ;51       ;5180      ;             ;02_1E_4
  100;02            ;2E                   ;                     ;Z-RES;E;4       ;0000   ;51       ;5180      ;             ;02_2E_4
  100;02            ;3E                   ;                     ;Z-RES;E;4       ;0000   ;51       ;5180      ;             ;02_3E_4
  100;02            ;4E                   ;                     ;Z-RES;E;4       ;0000   ;51       ;5180      ;             ;02_4E_4
  100;02            ;5E                   ;                     ;Z-RES;E;4       ;0000   ;51       ;5180      ;             ;02_5E_4
  100;02            ;6E                   ;                     ;Z-RES;E;4       ;0000   ;51       ;5180      ;             ;02_6E_4
  100;02            ;7E                   ;                     ;Z-RES;E;4       ;0000   ;51       ;5180      ;             ;02_7E_4
  100;02            ;8E                   ;                     ;Z-RES;E;4       ;0000   ;51       ;5180      ;             ;02_8E_4
  100;02            ;9E                   ;                     ;Z-RES;E;4       ;0000   ;51       ;5180      ;             ;02_9E_4
  100;02            ;AE                   ;                     ;Z-RES;E;4       ;0000   ;51       ;5180      ;             ;02_AE_4
  100;02            ;BE                   ;                     ;Z-RES;E;4       ;0000   ;51       ;5180      ;             ;02_BE_4
  100;02            ;CE                   ;                     ;Z-RES;E;4       ;0000   ;51       ;5180      ;             ;02_CE_4
  100;02            ;DE                   ;                     ;Z-RES;E;4       ;0000   ;51       ;5180      ;             ;02_DE_4
  100;02            ;EE                   ;                     ;Z-RES;E;4       ;0000   ;51       ;5180      ;             ;02_EE_4
  100;02            ;LN                   ;LA                   ;Z-RES;E;6       ;0000   ;51       ;5150      ;             ;02_LN_LA_6
  100;02            ;LP                   ;LA                   ;Z-RES;E;6       ;0000   ;51       ;5150      ;             ;02_LP_LA_6
  100;02            ;M1                   ;1T                   ;Z-RES;E;6       ;0000   ;51       ;5150      ;             ;02_M1_1T_6
  100;02            ;RE                   ;0A                   ;Z-RES;E;5       ;0000   ;51       ;5150      ;             ;02_RE_0A_5
  100;02            ;SG                   ;LA                   ;Z-RES;E;6       ;0000   ;51       ;5150      ;             ;02_SG_LA_6
  100;02            ;TR                   ;SA                   ;Z-RES;E;6       ;0000   ;51       ;5150      ;             ;02_TR_SA_6
  100;03            ;0E                   ;                     ;Z-RES;E;4       ;0000   ;51       ;5190      ;             ;03_0E_4
  100;03            ;1E                   ;                     ;Z-RES;E;4       ;0000   ;51       ;5180      ;             ;03_1E_4
  100;03            ;2E                   ;                     ;Z-RES;E;4       ;0000   ;51       ;5180      ;             ;03_2E_4
  100;03            ;3E                   ;                     ;Z-RES;E;4       ;0000   ;51       ;5180      ;             ;03_3E_4
  100;03            ;4E                   ;                     ;Z-RES;E;4       ;0000   ;51       ;5180      ;             ;03_4E_4
  100;03            ;5E                   ;                     ;Z-RES;E;4       ;0000   ;51       ;5180      ;             ;03_5E_4
  100;03            ;6E                   ;                     ;Z-RES;E;4       ;0000   ;51       ;5180      ;             ;03_6E_4
  100;03            ;7E                   ;                     ;Z-RES;E;4       ;0000   ;51       ;5180      ;             ;03_7E_4
  100;03            ;8E                   ;                     ;Z-RES;E;4       ;0000   ;51       ;5180      ;             ;03_8E_4
  100;03            ;9E                   ;                     ;Z-RES;E;4       ;0000   ;51       ;5180      ;             ;03_9E_4
  100;03            ;AE                   ;                     ;Z-RES;E;4       ;0000   ;51       ;5180      ;             ;03_AE_4
  100;03            ;BE                   ;                     ;Z-RES;E;4       ;0000   ;51       ;5180      ;             ;03_BE_4
  100;03            ;CE                   ;                     ;Z-RES;E;4       ;0000   ;51       ;5180      ;             ;03_CE_4
  100;03            ;DE                   ;                     ;Z-RES;E;4       ;0000   ;51       ;5180      ;             ;03_DE_4
  100;03            ;EE                   ;                     ;Z-RES;E;4       ;0000   ;51       ;5180      ;             ;03_EE_4
  100;03            ;LN                   ;LA                   ;Z-RES;E;6       ;0000   ;51       ;5150      ;             ;03_LN_LA_6
  100;03            ;LP                   ;LA                   ;Z-RES;E;6       ;0000   ;51       ;5150      ;             ;03_LP_LA_6
  100;03            ;M1                   ;1T                   ;Z-RES;E;6       ;0000   ;51       ;5150      ;             ;03_M1_1T_6
  100;03            ;TR                   ;SA                   ;Z-RES;E;6       ;0000   ;51       ;5150      ;             ;03_TR_SA_6
  100;04            ;0E                   ;                     ;Z-RES;E;4       ;0000   ;51       ;5190      ;             ;04_0E_4
  100;04            ;1E                   ;                     ;Z-RES;E;4       ;0000   ;51       ;5180      ;             ;04_1E_4
  100;04            ;2E                   ;                     ;Z-RES;E;4       ;0000   ;51       ;5180      ;             ;04_2E_4
  100;04            ;3E                   ;                     ;Z-RES;E;4       ;0000   ;51       ;5180      ;             ;04_3E_4
  100;04            ;4E                   ;                     ;Z-RES;E;4       ;0000   ;51       ;5180      ;             ;04_4E_4
  100;04            ;5E                   ;                     ;Z-RES;E;4       ;0000   ;51       ;5180      ;             ;04_5E_4
  100;04            ;6E                   ;                     ;Z-RES;E;4       ;0000   ;51       ;5180      ;             ;04_6E_4
  100;04            ;7E                   ;                     ;Z-RES;E;4       ;0000   ;51       ;5180      ;             ;04_7E_4
  100;04            ;8E                   ;                     ;Z-RES;E;4       ;0000   ;51       ;5180      ;             ;04_8E_4
  100;04            ;9E                   ;                     ;Z-RES;E;4       ;0000   ;51       ;5180      ;             ;04_9E_4
  100;04            ;AE                   ;                     ;Z-RES;E;4       ;0000   ;51       ;5180      ;             ;04_AE_4
  100;04            ;BE                   ;                     ;Z-RES;E;4       ;0000   ;51       ;5180      ;             ;04_BE_4
  100;04            ;CE                   ;                     ;Z-RES;E;4       ;0000   ;51       ;5180      ;             ;04_CE_4
  100;04            ;DE                   ;                     ;Z-RES;E;4       ;0000   ;51       ;5180      ;             ;04_DE_4
  100;04            ;EE                   ;                     ;Z-RES;E;4       ;0000   ;51       ;5180      ;             ;04_EE_4
  100;04            ;LP                   ;LA                   ;Z-RES;E;6       ;0000   ;51       ;5150      ;             ;04_LP_LA_6
  100;04            ;M1                   ;1T                   ;Z-RES;E;6       ;0000   ;51       ;5150      ;             ;04_M1_1T_6
  100;05            ;0E                   ;                     ;Z-RES;E;4       ;0000   ;51       ;5190      ;             ;05_0E_4
  100;05            ;1E                   ;                     ;Z-RES;E;4       ;0000   ;51       ;5180      ;             ;05_1E_4
  100;05            ;2E                   ;                     ;Z-RES;E;4       ;0000   ;51       ;5180      ;             ;05_2E_4
  100;05            ;3E                   ;                     ;Z-RES;E;4       ;0000   ;51       ;5180      ;             ;05_3E_4
  100;05            ;4E                   ;                     ;Z-RES;E;4       ;0000   ;51       ;5180      ;             ;05_4E_4
  100;05            ;5E                   ;                     ;Z-RES;E;4       ;0000   ;51       ;5180      ;             ;05_5E_4
  100;05            ;6E                   ;                     ;Z-RES;E;4       ;0000   ;51       ;5180      ;             ;05_6E_4
  100;05            ;7E                   ;                     ;Z-RES;E;4       ;0000   ;51       ;5180      ;             ;05_7E_4
  100;05            ;8E                   ;                     ;Z-RES;E;4       ;0000   ;51       ;5180      ;             ;05_8E_4
  100;05            ;9E                   ;                     ;Z-RES;E;4       ;0000   ;51       ;5180      ;             ;05_9E_4
  100;05            ;AE                   ;                     ;Z-RES;E;4       ;0000   ;51       ;5180      ;             ;05_AE_4
  100;05            ;BE                   ;                     ;Z-RES;E;4       ;0000   ;51       ;5180      ;             ;05_BE_4
  100;05            ;CE                   ;                     ;Z-RES;E;4       ;0000   ;51       ;5180      ;             ;05_CE_4
  100;05            ;M1                   ;1T                   ;Z-RES;E;6       ;0000   ;51       ;5150      ;             ;05_M1_1T_6
  100;06            ;0E                   ;                     ;Z-RES;E;4       ;0000   ;51       ;5190      ;             ;06_0E_4
  100;06            ;1E                   ;                     ;Z-RES;E;4       ;0000   ;51       ;5180      ;             ;06_1E_4
  100;06            ;2E                   ;                     ;Z-RES;E;4       ;0000   ;51       ;5180      ;             ;06_2E_4
  100;06            ;3E                   ;                     ;Z-RES;E;4       ;0000   ;51       ;5180      ;             ;06_3E_4
  100;06            ;4E                   ;                     ;Z-RES;E;4       ;0000   ;51       ;5180      ;             ;06_4E_4
  100;06            ;5E                   ;                     ;Z-RES;E;4       ;0000   ;51       ;5180      ;             ;06_5E_4
  100;06            ;6E                   ;                     ;Z-RES;E;4       ;0000   ;51       ;5180      ;             ;06_6E_4
  100;06            ;7E                   ;                     ;Z-RES;E;4       ;0000   ;51       ;5180      ;             ;06_7E_4
  100;06            ;8E                   ;                     ;Z-RES;E;4       ;0000   ;51       ;5180      ;             ;06_8E_4
  100;06            ;9E                   ;                     ;Z-RES;E;4       ;0000   ;51       ;5180      ;             ;06_9E_4
  100;06            ;AE                   ;                     ;Z-RES;E;4       ;0000   ;51       ;5180      ;             ;06_AE_4
  100;06            ;BE                   ;                     ;Z-RES;E;4       ;0000   ;51       ;5180      ;             ;06_BE_4
  100;06            ;CE                   ;                     ;Z-RES;E;4       ;0000   ;51       ;5180      ;             ;06_CE_4
  100;06            ;M1                   ;1T                   ;Z-RES;E;6       ;0000   ;51       ;5150      ;             ;06_M1_1T_6
  100;07            ;0E                   ;                     ;Z-RES;E;4       ;0000   ;51       ;5190      ;             ;07_0E_4
  100;07            ;1E                   ;                     ;Z-RES;E;4       ;0000   ;51       ;5180      ;             ;07_1E_4
  100;07            ;2E                   ;                     ;Z-RES;E;4       ;0000   ;51       ;5180      ;             ;07_2E_4
  100;07            ;3E                   ;                     ;Z-RES;E;4       ;0000   ;51       ;5180      ;             ;07_3E_4
  100;07            ;4E                   ;                     ;Z-RES;E;4       ;0000   ;51       ;5180      ;             ;07_4E_4
  100;07            ;5E                   ;                     ;Z-RES;E;4       ;0000   ;51       ;5180      ;             ;07_5E_4
  100;07            ;6E                   ;                     ;Z-RES;E;4       ;0000   ;51       ;5180      ;             ;07_6E_4
  100;07            ;7E                   ;                     ;Z-RES;E;4       ;0000   ;51       ;5180      ;             ;07_7E_4
  100;07            ;8E                   ;                     ;Z-RES;E;4       ;0000   ;51       ;5180      ;             ;07_8E_4
  100;07            ;9E                   ;                     ;Z-RES;E;4       ;0000   ;51       ;5180      ;             ;07_9E_4
  100;07            ;AE                   ;                     ;Z-RES;E;4       ;0000   ;51       ;5180      ;             ;07_AE_4
  100;07            ;BE                   ;                     ;Z-RES;E;4       ;0000   ;51       ;5180      ;             ;07_BE_4
  100;07            ;CE                   ;                     ;Z-RES;E;4       ;0000   ;51       ;5180      ;             ;07_CE_4
  100;07            ;M1                   ;1T                   ;Z-RES;E;6       ;0000   ;51       ;5150      ;             ;07_M1_1T_6
  100;08            ;0E                   ;                     ;Z-RES;E;4       ;0000   ;51       ;5190      ;             ;08_0E_4
  100;08            ;1E                   ;                     ;Z-RES;E;4       ;0000   ;51       ;5180      ;             ;08_1E_4
  100;08            ;2E                   ;                     ;Z-RES;E;4       ;0000   ;51       ;5180      ;             ;08_2E_4
  100;08            ;3E                   ;                     ;Z-RES;E;4       ;0000   ;51       ;5180      ;             ;08_3E_4
  100;08            ;4E                   ;                     ;Z-RES;E;4       ;0000   ;51       ;5180      ;             ;08_4E_4
  100;08            ;M1                   ;1T                   ;Z-RES;E;6       ;0000   ;51       ;5150      ;             ;08_M1_1T_6
  100;09            ;0E                   ;                     ;Z-RES;E;4       ;0000   ;51       ;5190      ;             ;09_0E_4
  100;09            ;1E                   ;                     ;Z-RES;E;4       ;0000   ;51       ;5180      ;             ;09_1E_4
  100;09            ;2E                   ;                     ;Z-RES;E;4       ;0000   ;51       ;5180      ;             ;09_2E_4
  100;09            ;3E                   ;                     ;Z-RES;E;4       ;0000   ;51       ;5180      ;             ;09_3E_4
  100;09            ;4E                   ;                     ;Z-RES;E;4       ;0000   ;51       ;5180      ;             ;09_4E_4
  100;10            ;0E                   ;                     ;Z-RES;E;4       ;       ;         ;          ;             ;10_0E_4
  100;10            ;1E                   ;                     ;Z-RES;E;4       ;0000   ;51       ;5180      ;             ;10_1E_4
  100;10            ;2E                   ;                     ;Z-RES;E;4       ;0000   ;51       ;5180      ;             ;10_2E_4
  100;10            ;3E                   ;                     ;Z-RES;E;4       ;0000   ;51       ;5180      ;             ;10_3E_4
  100;11            ;0E                   ;                     ;Z-RES;E;4       ;       ;         ;          ;             ;11_0E_4
  100;11            ;1E                   ;                     ;Z-RES;E;4       ;0000   ;51       ;5180      ;             ;11_1E_4
  100;11            ;2E                   ;                     ;Z-RES;E;4       ;0000   ;51       ;5180      ;             ;11_2E_4
  100;11            ;3E                   ;                     ;Z-RES;E;4       ;0000   ;51       ;5180      ;             ;11_3E_4
  100;12            ;0E                   ;                     ;Z-RES;E;4       ;       ;         ;          ;             ;12_0E_4
  100;12            ;1E                   ;                     ;Z-RES;E;4       ;0000   ;51       ;5180      ;             ;12_1E_4
  100;12            ;2E                   ;                     ;Z-RES;E;4       ;0000   ;51       ;5180      ;             ;12_2E_4
  100;12            ;3E                   ;                     ;Z-RES;E;4       ;0000   ;51       ;5180      ;             ;12_3E_4
  100;13            ;0E                   ;                     ;Z-RES;E;4       ;       ;         ;          ;             ;13_0E_4
  100;14            ;0E                   ;                     ;Z-RES;E;4       ;       ;         ;          ;             ;14_0E_4
  100;15            ;0E                   ;                     ;Z-RES;E;4       ;       ;         ;          ;             ;15_0E_4
  100;16            ;0E                   ;                     ;Z-RES;E;4       ;       ;         ;          ;             ;16_0E_4
  100;17            ;0E                   ;                     ;Z-RES;E;4       ;       ;         ;          ;             ;17_0E_4
  100;18            ;0E                   ;                     ;Z-RES;E;4       ;       ;         ;          ;             ;18_0E_4
  100;19            ;0E                   ;                     ;Z-RES;E;4       ;       ;         ;          ;             ;19_0E_4
  100;1L            ;0A                   ;                     ;Z-RES;E;4       ;0000   ;51       ;5150      ;             ;1L_0A_4
  100;1M            ;0A                   ;                     ;Z-RES;E;4       ;0000   ;51       ;5150      ;             ;1M_0A_4
  100;1S            ;0A                   ;                     ;Z-RES;E;4       ;0000   ;51       ;5150      ;             ;1S_0A_4
  100;1T            ;0A                   ;                     ;Z-RES;E;4       ;0000   ;51       ;5150      ;             ;1T_0A_4
  100;20            ;0E                   ;                     ;Z-RES;E;4       ;       ;         ;          ;             ;20_0E_4
  100;21            ;0E                   ;                     ;Z-RES;E;4       ;       ;         ;          ;             ;21_0E_4
  100;22            ;0E                   ;                     ;Z-RES;E;4       ;       ;         ;          ;             ;22_0E_4
  100;23            ;0E                   ;                     ;Z-RES;E;4       ;       ;         ;          ;             ;23_0E_4
  100;24            ;0E                   ;                     ;Z-RES;E;4       ;       ;         ;          ;             ;24_0E_4
  100;25            ;0E                   ;                     ;Z-RES;E;4       ;       ;         ;          ;             ;25_0E_4
  100;26            ;0E                   ;                     ;Z-RES;E;4       ;       ;         ;          ;             ;26_0E_4
  100;27            ;0E                   ;                     ;Z-RES;E;4       ;       ;         ;          ;             ;27_0E_4
  100;28            ;0E                   ;                     ;Z-RES;E;4       ;       ;         ;          ;             ;28_0E_4
  100;29            ;0E                   ;                     ;Z-RES;E;4       ;       ;         ;          ;             ;29_0E_4
  100;2M            ;0A                   ;                     ;Z-RES;E;4       ;0000   ;51       ;5150      ;             ;2M_0A_4
  100;30            ;0E                   ;                     ;Z-RES;E;4       ;0000   ;51       ;5180      ;             ;30_0E_4
  100;31            ;0E                   ;                     ;Z-RES;E;4       ;       ;         ;          ;             ;31_0E_4
  100;32            ;0E                   ;                     ;Z-RES;E;4       ;       ;         ;          ;             ;32_0E_4
  100;33            ;0E                   ;                     ;Z-RES;E;4       ;       ;         ;          ;             ;33_0E_4
  100;34            ;0E                   ;                     ;Z-RES;E;4       ;       ;         ;          ;             ;34_0E_4
  100;35            ;0E                   ;                     ;Z-RES;E;4       ;       ;         ;          ;             ;35_0E_4
  100;36            ;0E                   ;                     ;Z-RES;E;4       ;       ;         ;          ;             ;36_0E_4
  100;37            ;0E                   ;                     ;Z-RES;E;4       ;       ;         ;          ;             ;37_0E_4
  100;38            ;0E                   ;                     ;Z-RES;E;4       ;       ;         ;          ;             ;38_0E_4
  100;39            ;0E                   ;                     ;Z-RES;E;4       ;       ;         ;          ;             ;39_0E_4
  100;3M            ;0A                   ;                     ;Z-RES;E;4       ;0000   ;51       ;5150      ;             ;3M_0A_4
  100;40            ;0E                   ;                     ;Z-RES;E;4       ;       ;         ;          ;             ;40_0E_4
  100;41            ;0E                   ;                     ;Z-RES;E;4       ;       ;         ;          ;             ;41_0E_4
  100;42            ;0E                   ;                     ;Z-RES;E;4       ;       ;         ;          ;             ;42_0E_4
  100;4M            ;0A                   ;                     ;Z-RES;E;4       ;0000   ;51       ;5150      ;             ;4M_0A_4
  100;5M            ;0A                   ;                     ;Z-RES;E;4       ;0000   ;51       ;5150      ;             ;5M_0A_4
  100;6M            ;0A                   ;                     ;Z-RES;E;4       ;0000   ;51       ;5150      ;             ;6M_0A_4
  100;7M            ;0A                   ;                     ;Z-RES;E;4       ;0000   ;51       ;5150      ;             ;7M_0A_4
  100;8M            ;0A                   ;                     ;Z-RES;E;4       ;0000   ;51       ;5150      ;             ;8M_0A_4
  100;9M            ;0A                   ;                     ;Z-RES;E;4       ;0000   ;51       ;5150      ;             ;9M_0A_4
  100;A1            ;HV                   ;1L                   ;Z-RES;E;6       ;0000   ;51       ;5150      ;             ;A1_HV_1L_6
  100;A1            ;HV                   ;1T                   ;Z-RES;E;6       ;0000   ;51       ;5150      ;             ;A1_HV_1T_6
  100;A1            ;M1                   ;1T                   ;Z-RES;E;6       ;0000   ;51       ;5150      ;             ;A1_M1_1T_6
  100;A1            ;MA                   ;1M                   ;Z-RES;E;6       ;0000   ;51       ;5150      ;             ;A1_MA_1M_6
  100;A1            ;MA                   ;2M                   ;Z-RES;E;6       ;0000   ;51       ;5150      ;             ;A1_MA_2M_6
  100;A1            ;MA                   ;3M                   ;Z-RES;E;6       ;0000   ;51       ;5150      ;             ;A1_MA_3M_6
  100;A1            ;MA                   ;4M                   ;Z-RES;E;6       ;0000   ;51       ;5150      ;             ;A1_MA_4M_6
  100;A1            ;MA                   ;5M                   ;Z-RES;E;6       ;0000   ;51       ;5150      ;             ;A1_MA_5M_6
  100;A1            ;MA                   ;6M                   ;Z-RES;E;6       ;0000   ;51       ;5150      ;             ;A1_MA_6M_6
  100;A1            ;MA                   ;7M                   ;Z-RES;E;6       ;0000   ;51       ;5150      ;             ;A1_MA_7M_6
  100;A1            ;MA                   ;8M                   ;Z-RES;E;6       ;0000   ;51       ;5150      ;             ;A1_MA_8M_6
  100;A1            ;MA                   ;9M                   ;Z-RES;E;6       ;0000   ;51       ;5150      ;             ;A1_MA_9M_6
  100;A1            ;MA                   ;AM                   ;Z-RES;E;6       ;0000   ;51       ;5150      ;             ;A1_MA_AM_6
  100;A1            ;MA                   ;BM                   ;Z-RES;E;6       ;0000   ;51       ;5150      ;             ;A1_MA_BM_6
  100;A1            ;MA                   ;CM                   ;Z-RES;E;6       ;0000   ;51       ;5150      ;             ;A1_MA_CM_6
  100;A1            ;MA                   ;DM                   ;Z-RES;E;6       ;0000   ;51       ;5150      ;             ;A1_MA_DM_6
  100;A1            ;MA                   ;EM                   ;Z-RES;E;6       ;0000   ;51       ;5150      ;             ;A1_MA_EM_6
  100;A2            ;HV                   ;1L                   ;Z-RES;E;6       ;0000   ;51       ;5150      ;             ;A2_HV_1L_6
  100;A2            ;HV                   ;1T                   ;Z-RES;E;6       ;0000   ;51       ;5150      ;             ;A2_HV_1T_6
  100;A2            ;M1                   ;1T                   ;Z-RES;E;6       ;0000   ;51       ;5150      ;             ;A2_M1_1T_6
  100;A2            ;MA                   ;1M                   ;Z-RES;E;6       ;0000   ;51       ;5150      ;             ;A2_MA_1M_6
  100;A2            ;MA                   ;2M                   ;Z-RES;E;6       ;0000   ;51       ;5150      ;             ;A2_MA_2M_6
  100;A2            ;MA                   ;3M                   ;Z-RES;E;6       ;0000   ;51       ;5150      ;             ;A2_MA_3M_6
  100;A2            ;MA                   ;4M                   ;Z-RES;E;6       ;0000   ;51       ;5150      ;             ;A2_MA_4M_6
  100;A3            ;HV                   ;1L                   ;Z-RES;E;6       ;0000   ;51       ;5150      ;             ;A3_HV_1L_6
  100;A3            ;HV                   ;1T                   ;Z-RES;E;6       ;0000   ;51       ;5150      ;             ;A3_HV_1T_6
  100;A3            ;M1                   ;1T                   ;Z-RES;E;6       ;0000   ;51       ;5150      ;             ;A3_M1_1T_6
  100;A3            ;MA                   ;1M                   ;Z-RES;E;6       ;0000   ;51       ;5150      ;             ;A3_MA_1M_6
  100;A3            ;MA                   ;2M                   ;Z-RES;E;6       ;0000   ;51       ;5150      ;             ;A3_MA_2M_6
  100;A4            ;HV                   ;1T                   ;Z-RES;E;6       ;0000   ;51       ;5150      ;             ;A4_HV_1T_6
  100;A4            ;M1                   ;1T                   ;Z-RES;E;6       ;0000   ;51       ;5150      ;             ;A4_M1_1T_6
  100;A4            ;MA                   ;1M                   ;Z-RES;E;6       ;0000   ;51       ;5150      ;             ;A4_MA_1M_6
  100;A4            ;MA                   ;2M                   ;Z-RES;E;6       ;0000   ;51       ;5150      ;             ;A4_MA_2M_6
  100;A5            ;HV                   ;1T                   ;Z-RES;E;6       ;0000   ;51       ;5150      ;             ;A5_HV_1T_6
  100;A5            ;M1                   ;1T                   ;Z-RES;E;6       ;0000   ;51       ;5150      ;             ;A5_M1_1T_6
  100;A6            ;HV                   ;1T                   ;Z-RES;E;6       ;0000   ;51       ;5150      ;             ;A6_HV_1T_6
  100;A6            ;M1                   ;1T                   ;Z-RES;E;6       ;0000   ;51       ;5150      ;             ;A6_M1_1T_6
  100;A7            ;HV                   ;1T                   ;Z-RES;E;6       ;0000   ;51       ;5150      ;             ;A7_HV_1T_6
  100;A7            ;M1                   ;1T                   ;Z-RES;E;6       ;0000   ;51       ;5150      ;             ;A7_M1_1T_6
  100;A8            ;HV                   ;1T                   ;Z-RES;E;6       ;0000   ;51       ;5150      ;             ;A8_HV_1T_6
  100;A8            ;M1                   ;1T                   ;Z-RES;E;6       ;0000   ;51       ;5150      ;             ;A8_M1_1T_6
  100;A9            ;HV                   ;1T                   ;Z-RES;E;6       ;0000   ;51       ;5150      ;             ;A9_HV_1T_6
  100;A9            ;M1                   ;1T                   ;Z-RES;E;6       ;0000   ;51       ;5150      ;             ;A9_M1_1T_6
  100;AA            ;HV                   ;1T                   ;Z-RES;E;6       ;0000   ;51       ;5150      ;             ;AA_HV_1T_6
  100;AA            ;M1                   ;1T                   ;Z-RES;E;6       ;0000   ;51       ;5150      ;             ;AA_M1_1T_6
  100;AB            ;M1                   ;1T                   ;Z-RES;E;6       ;0000   ;51       ;5150      ;             ;AB_M1_1T_6
  100;AC            ;C0                   ;01                   ;Z-RES;E;6       ;0000   ;51       ;5180      ;             ;AC_C0_01_6
  100;AC            ;C0                   ;02                   ;Z-RES;E;6       ;0000   ;51       ;5180      ;             ;AC_C0_02_6
  100;AC            ;C0                   ;03                   ;Z-RES;E;6       ;0000   ;51       ;5180      ;             ;AC_C0_03_6
  100;AC            ;C0                   ;04                   ;Z-RES;E;6       ;0000   ;51       ;5180      ;             ;AC_C0_04_6
  100;AC            ;C0                   ;05                   ;Z-RES;E;6       ;0000   ;51       ;5180      ;             ;AC_C0_05_6
  100;AC            ;C0                   ;06                   ;Z-RES;E;6       ;0000   ;51       ;5180      ;             ;AC_C0_06_6
  100;AC            ;C0                   ;07                   ;Z-RES;E;6       ;0000   ;51       ;5180      ;             ;AC_C0_07_6
  100;AC            ;C0                   ;08                   ;Z-RES;E;6       ;0000   ;51       ;5180      ;             ;AC_C0_08_6
  100;AC            ;C1                   ;01                   ;Z-RES;E;6       ;0000   ;51       ;5180      ;             ;AC_C1_01_6
  100;AC            ;C1                   ;02                   ;Z-RES;E;6       ;0000   ;51       ;5180      ;             ;AC_C1_02_6
  100;AC            ;C1                   ;03                   ;Z-RES;E;6       ;0000   ;51       ;5180      ;             ;AC_C1_03_6
  100;AC            ;C1                   ;04                   ;Z-RES;E;6       ;0000   ;51       ;5180      ;             ;AC_C1_04_6
  100;AC            ;C1                   ;05                   ;Z-RES;E;6       ;0000   ;51       ;5180      ;             ;AC_C1_05_6
  100;AC            ;C1                   ;06                   ;Z-RES;E;6       ;0000   ;51       ;5180      ;             ;AC_C1_06_6
  100;AC            ;C1                   ;07                   ;Z-RES;E;6       ;0000   ;51       ;5180      ;             ;AC_C1_07_6
  100;AC            ;C2                   ;01                   ;Z-RES;E;6       ;0000   ;51       ;5180      ;             ;AC_C2_01_6
  100;AC            ;C2                   ;02                   ;Z-RES;E;6       ;0000   ;51       ;5180      ;             ;AC_C2_02_6
  100;AC            ;C2                   ;03                   ;Z-RES;E;6       ;0000   ;51       ;5180      ;             ;AC_C2_03_6
  100;AC            ;C2                   ;04                   ;Z-RES;E;6       ;0000   ;51       ;5180      ;             ;AC_C2_04_6
  100;AC            ;C2                   ;05                   ;Z-RES;E;6       ;0000   ;51       ;5180      ;             ;AC_C2_05_6
  100;AC            ;C2                   ;06                   ;Z-RES;E;6       ;0000   ;51       ;5180      ;             ;AC_C2_06_6
  100;AC            ;C2                   ;07                   ;Z-RES;E;6       ;0000   ;51       ;5180      ;             ;AC_C2_07_6
  100;AC            ;C3                   ;01                   ;Z-RES;E;6       ;0000   ;51       ;5180      ;             ;AC_C3_01_6
  100;AC            ;C3                   ;02                   ;Z-RES;E;6       ;0000   ;51       ;5180      ;             ;AC_C3_02_6
  100;AC            ;C3                   ;03                   ;Z-RES;E;6       ;0000   ;51       ;5180      ;             ;AC_C3_03_6
  100;AC            ;C3                   ;04                   ;Z-RES;E;6       ;0000   ;51       ;5180      ;             ;AC_C3_04_6
  100;AC            ;C3                   ;05                   ;Z-RES;E;6       ;0000   ;51       ;5180      ;             ;AC_C3_05_6
  100;AC            ;C3                   ;06                   ;Z-RES;E;6       ;0000   ;51       ;5180      ;             ;AC_C3_06_6
  100;AC            ;C3                   ;07                   ;Z-RES;E;6       ;0000   ;51       ;5180      ;             ;AC_C3_07_6
  100;AC            ;C4                   ;01                   ;Z-RES;E;6       ;0000   ;51       ;5180      ;             ;AC_C4_01_6
  100;AC            ;C4                   ;02                   ;Z-RES;E;6       ;0000   ;51       ;5180      ;             ;AC_C4_02_6
  100;AC            ;C4                   ;03                   ;Z-RES;E;6       ;0000   ;51       ;5180      ;             ;AC_C4_03_6
  100;AC            ;C4                   ;04                   ;Z-RES;E;6       ;0000   ;51       ;5180      ;             ;AC_C4_04_6
  100;AC            ;C4                   ;05                   ;Z-RES;E;6       ;0000   ;51       ;5180      ;             ;AC_C4_05_6
  100;AC            ;C4                   ;06                   ;Z-RES;E;6       ;0000   ;51       ;5180      ;             ;AC_C4_06_6
  100;AC            ;C4                   ;07                   ;Z-RES;E;6       ;0000   ;51       ;5180      ;             ;AC_C4_07_6
  100;AC            ;C5                   ;01                   ;Z-RES;E;6       ;0000   ;51       ;5180      ;             ;AC_C5_01_6
  100;AC            ;P1                   ;01                   ;Z-RES;E;6       ;0000   ;51       ;5180      ;             ;AC_P1_01_6
  100;AC            ;P1                   ;02                   ;Z-RES;E;6       ;0000   ;51       ;5180      ;             ;AC_P1_02_6
  100;AC            ;P1                   ;03                   ;Z-RES;E;6       ;0000   ;51       ;5180      ;             ;AC_P1_03_6
  100;AC            ;P1                   ;04                   ;Z-RES;E;6       ;0000   ;51       ;5180      ;             ;AC_P1_04_6
  100;AC            ;P1                   ;05                   ;Z-RES;E;6       ;0000   ;51       ;5180      ;             ;AC_P1_05_6
  100;AC            ;P1                   ;06                   ;Z-RES;E;6       ;0000   ;51       ;5180      ;             ;AC_P1_06_6
  100;AC            ;P1                   ;07                   ;Z-RES;E;6       ;0000   ;51       ;5180      ;             ;AC_P1_07_6
  100;AC            ;P1                   ;08                   ;Z-RES;E;6       ;0000   ;51       ;5180      ;             ;AC_P1_08_6
  100;AC            ;P1                   ;09                   ;Z-RES;E;6       ;0000   ;51       ;5180      ;             ;AC_P1_09_6
  100;AC            ;P1                   ;10                   ;Z-RES;E;6       ;0000   ;51       ;5180      ;             ;AC_P1_10_6
  100;AC            ;P1                   ;11                   ;Z-RES;E;6       ;0000   ;51       ;5180      ;             ;AC_P1_11_6
  100;AC            ;P1                   ;12                   ;Z-RES;E;6       ;0000   ;51       ;5180      ;             ;AC_P1_12_6
  100;AC            ;P2                   ;01                   ;Z-RES;E;6       ;0000   ;51       ;5180      ;             ;AC_P2_01_6
  100;AC            ;P2                   ;02                   ;Z-RES;E;6       ;0000   ;51       ;5180      ;             ;AC_P2_02_6
  100;AC            ;P2                   ;03                   ;Z-RES;E;6       ;0000   ;51       ;5180      ;             ;AC_P2_03_6
  100;AC            ;P2                   ;04                   ;Z-RES;E;6       ;0000   ;51       ;5180      ;             ;AC_P2_04_6
  100;AC            ;P2                   ;05                   ;Z-RES;E;6       ;0000   ;51       ;5180      ;             ;AC_P2_05_6
  100;AC            ;P2                   ;06                   ;Z-RES;E;6       ;0000   ;51       ;5180      ;             ;AC_P2_06_6
  100;AC            ;P2                   ;07                   ;Z-RES;E;6       ;0000   ;51       ;5180      ;             ;AC_P2_07_6
  100;AC            ;P2                   ;08                   ;Z-RES;E;6       ;0000   ;51       ;5180      ;             ;AC_P2_08_6
  100;AC            ;P2                   ;09                   ;Z-RES;E;6       ;0000   ;51       ;5180      ;             ;AC_P2_09_6
  100;AC            ;P2                   ;10                   ;Z-RES;E;6       ;0000   ;51       ;5180      ;             ;AC_P2_10_6
  100;AC            ;P2                   ;11                   ;Z-RES;E;6       ;0000   ;51       ;5180      ;             ;AC_P2_11_6
  100;AC            ;P2                   ;12                   ;Z-RES;E;6       ;0000   ;51       ;5180      ;             ;AC_P2_12_6
  100;AC            ;P3                   ;01                   ;Z-RES;E;6       ;0000   ;51       ;5180      ;             ;AC_P3_01_6
  100;AC            ;P3                   ;02                   ;Z-RES;E;6       ;0000   ;51       ;5180      ;             ;AC_P3_02_6
  100;AC            ;P3                   ;03                   ;Z-RES;E;6       ;0000   ;51       ;5180      ;             ;AC_P3_03_6
  100;AC            ;P3                   ;04                   ;Z-RES;E;6       ;0000   ;51       ;5180      ;             ;AC_P3_04_6
  100;AC            ;P3                   ;05                   ;Z-RES;E;6       ;0000   ;51       ;5180      ;             ;AC_P3_05_6
  100;AC            ;P3                   ;06                   ;Z-RES;E;6       ;0000   ;51       ;5180      ;             ;AC_P3_06_6
  100;AC            ;P3                   ;07                   ;Z-RES;E;6       ;0000   ;51       ;5180      ;             ;AC_P3_07_6
  100;AC            ;P4                   ;01                   ;Z-RES;E;6       ;0000   ;51       ;5180      ;             ;AC_P4_01_6
  100;AC            ;P4                   ;02                   ;Z-RES;E;6       ;0000   ;51       ;5180      ;             ;AC_P4_02_6
  100;AC            ;P4                   ;03                   ;Z-RES;E;6       ;0000   ;51       ;5180      ;             ;AC_P4_03_6
  100;AC            ;P4                   ;04                   ;Z-RES;E;6       ;0000   ;51       ;5180      ;             ;AC_P4_04_6
  100;AC            ;P4                   ;05                   ;Z-RES;E;6       ;0000   ;51       ;5180      ;             ;AC_P4_05_6
  100;AC            ;P4                   ;06                   ;Z-RES;E;6       ;0000   ;51       ;5180      ;             ;AC_P4_06_6
  100;AC            ;P4                   ;07                   ;Z-RES;E;6       ;0000   ;51       ;5180      ;             ;AC_P4_07_6
  100;AC            ;P5                   ;01                   ;Z-RES;E;6       ;0000   ;51       ;5180      ;             ;AC_P5_01_6
  100;AC            ;P6                   ;01                   ;Z-RES;E;6       ;0000   ;51       ;5180      ;             ;AC_P6_01_6
  100;AC            ;P7                   ;01                   ;Z-RES;E;6       ;0000   ;51       ;5180      ;             ;AC_P7_01_6
  100;AC            ;P8                   ;01                   ;Z-RES;E;6       ;0000   ;51       ;5180      ;             ;AC_P8_01_6
  100;AC            ;P9                   ;01                   ;Z-RES;E;6       ;0000   ;51       ;5180      ;             ;AC_P9_01_6
  100;AC            ;PA                   ;01                   ;Z-RES;E;6       ;0000   ;51       ;5180      ;             ;AC_PA_01_6
  100;AC            ;PB                   ;01                   ;Z-RES;E;6       ;0000   ;51       ;5180      ;             ;AC_PB_01_6
  100;AC            ;PC                   ;01                   ;Z-RES;E;6       ;0000   ;51       ;5180      ;             ;AC_PC_01_6
  100;AC            ;PD                   ;01                   ;Z-RES;E;6       ;0000   ;51       ;5180      ;             ;AC_PD_01_6
  100;AC            ;PE                   ;01                   ;Z-RES;E;6       ;0000   ;51       ;5180      ;             ;AC_PE_01_6
  100;AC            ;PF                   ;01                   ;Z-RES;E;6       ;0000   ;51       ;5180      ;             ;AC_PF_01_6
  100;AC            ;PG                   ;01                   ;Z-RES;E;6       ;0000   ;51       ;5180      ;             ;AC_PG_01_6
  100;AC            ;PH                   ;01                   ;Z-RES;E;6       ;0000   ;51       ;5180      ;             ;AC_PH_01_6
  100;AC            ;PI                   ;01                   ;Z-RES;E;6       ;0000   ;51       ;5180      ;             ;AC_PI_01_6
  100;AC            ;PJ                   ;01                   ;Z-RES;E;6       ;0000   ;51       ;5180      ;             ;AC_PJ_01_6
  100;AC            ;PK                   ;01                   ;Z-RES;E;6       ;0000   ;51       ;5180      ;             ;AC_PK_01_6
  100;AC            ;PL                   ;01                   ;Z-RES;E;6       ;0000   ;51       ;5180      ;             ;AC_PL_01_6
  100;AC            ;PM                   ;01                   ;Z-RES;E;6       ;0000   ;51       ;5180      ;             ;AC_PM_01_6
  100;AC            ;PN                   ;01                   ;Z-RES;E;6       ;0000   ;51       ;5180      ;             ;AC_PN_01_6
  100;AC            ;PO                   ;01                   ;Z-RES;E;6       ;0000   ;51       ;5180      ;             ;AC_PO_01_6
  100;AC            ;PP                   ;01                   ;Z-RES;E;6       ;0000   ;51       ;5180      ;             ;AC_PP_01_6
  100;AM            ;0A                   ;                     ;Z-RES;E;4       ;0000   ;51       ;5150      ;             ;AM_0A_4
  100;AP            ;N1                   ;00                   ;Z-RES;E;6       ;0000   ;51       ;5190      ;SCC          ;AP_N1_00_6
  100;AP            ;N2                   ;00                   ;Z-RES;E;6       ;0000   ;51       ;5190      ;SCC          ;AP_N2_00_6
  100;AP            ;N3                   ;00                   ;Z-RES;E;6       ;0000   ;51       ;5190      ;SCC          ;AP_N3_00_6
  100;AP            ;N4                   ;00                   ;Z-RES;E;6       ;0000   ;51       ;5190      ;SCC          ;AP_N4_00_6
  100;AP            ;N5                   ;00                   ;Z-RES;E;6       ;0000   ;51       ;5190      ;SCC          ;AP_N5_00_6
  100;AP            ;TC                   ;00                   ;Z-RES;E;5       ;0000   ;51       ;5180      ;             ;AP_TC_00_5
  100;AR            ;P1                   ;01                   ;Z-RES;E;6       ;0000   ;51       ;5180      ;             ;AR_P1_01_6
  100;AR            ;P1                   ;02                   ;Z-RES;E;6       ;0000   ;51       ;5180      ;             ;AR_P1_02_6
  100;AR            ;P1                   ;03                   ;Z-RES;E;6       ;0000   ;51       ;5180      ;             ;AR_P1_03_6
  100;AR            ;P1                   ;04                   ;Z-RES;E;6       ;0000   ;51       ;5180      ;             ;AR_P1_04_6
  100;AR            ;P1                   ;05                   ;Z-RES;E;6       ;0000   ;51       ;5180      ;             ;AR_P1_05_6
  100;AR            ;P1                   ;06                   ;Z-RES;E;6       ;0000   ;51       ;5180      ;             ;AR_P1_06_6
  100;AR            ;P1                   ;07                   ;Z-RES;E;6       ;0000   ;51       ;5180      ;             ;AR_P1_07_6
  100;AR            ;P1                   ;08                   ;Z-RES;E;6       ;0000   ;51       ;5180      ;             ;AR_P1_08_6
  100;AR            ;P1                   ;09                   ;Z-RES;E;6       ;0000   ;51       ;5180      ;             ;AR_P1_09_6
  100;AR            ;P1                   ;10                   ;Z-RES;E;6       ;0000   ;51       ;5180      ;             ;AR_P1_10_6
  100;AR            ;P1                   ;11                   ;Z-RES;E;6       ;0000   ;51       ;5180      ;             ;AR_P1_11_6
  100;AR            ;P1                   ;12                   ;Z-RES;E;6       ;0000   ;51       ;5180      ;             ;AR_P1_12_6
  100;AR            ;P2                   ;01                   ;Z-RES;E;6       ;0000   ;51       ;5180      ;             ;AR_P2_01_6
  100;AR            ;P2                   ;02                   ;Z-RES;E;6       ;0000   ;51       ;5180      ;             ;AR_P2_02_6
  100;AR            ;P2                   ;03                   ;Z-RES;E;6       ;0000   ;51       ;5180      ;             ;AR_P2_03_6
  100;AR            ;P2                   ;04                   ;Z-RES;E;6       ;0000   ;51       ;5180      ;             ;AR_P2_04_6
  100;AR            ;P2                   ;05                   ;Z-RES;E;6       ;0000   ;51       ;5180      ;             ;AR_P2_05_6
  100;AR            ;P2                   ;06                   ;Z-RES;E;6       ;0000   ;51       ;5180      ;             ;AR_P2_06_6
  100;AR            ;P2                   ;07                   ;Z-RES;E;6       ;0000   ;51       ;5180      ;             ;AR_P2_07_6
  100;AR            ;P2                   ;08                   ;Z-RES;E;6       ;0000   ;51       ;5180      ;             ;AR_P2_08_6
  100;AR            ;P2                   ;09                   ;Z-RES;E;6       ;0000   ;51       ;5180      ;             ;AR_P2_09_6
  100;AR            ;P2                   ;10                   ;Z-RES;E;6       ;0000   ;51       ;5180      ;             ;AR_P2_10_6
  100;AR            ;P2                   ;11                   ;Z-RES;E;6       ;0000   ;51       ;5180      ;             ;AR_P2_11_6
  100;AR            ;P2                   ;12                   ;Z-RES;E;6       ;0000   ;51       ;5180      ;             ;AR_P2_12_6
  100;AR            ;P3                   ;01                   ;Z-RES;E;6       ;0000   ;51       ;5180      ;             ;AR_P3_01_6
  100;AR            ;P3                   ;02                   ;Z-RES;E;6       ;0000   ;51       ;5180      ;             ;AR_P3_02_6
  100;AR            ;P3                   ;03                   ;Z-RES;E;6       ;0000   ;51       ;5180      ;             ;AR_P3_03_6
  100;AR            ;P3                   ;04                   ;Z-RES;E;6       ;0000   ;51       ;5180      ;             ;AR_P3_04_6
  100;AR            ;P3                   ;05                   ;Z-RES;E;6       ;0000   ;51       ;5180      ;             ;AR_P3_05_6
  100;AR            ;P3                   ;06                   ;Z-RES;E;6       ;0000   ;51       ;5180      ;             ;AR_P3_06_6
  100;AR            ;P3                   ;07                   ;Z-RES;E;6       ;0000   ;51       ;5180      ;             ;AR_P3_07_6
  100;AR            ;P4                   ;01                   ;Z-RES;E;6       ;0000   ;51       ;5180      ;             ;AR_P4_01_6
  100;AR            ;P4                   ;02                   ;Z-RES;E;6       ;0000   ;51       ;5180      ;             ;AR_P4_02_6
  100;AR            ;P4                   ;03                   ;Z-RES;E;6       ;0000   ;51       ;5180      ;             ;AR_P4_03_6
  100;AR            ;P4                   ;04                   ;Z-RES;E;6       ;0000   ;51       ;5180      ;             ;AR_P4_04_6
  100;AR            ;P4                   ;05                   ;Z-RES;E;6       ;0000   ;51       ;5180      ;             ;AR_P4_05_6
  100;AR            ;P4                   ;06                   ;Z-RES;E;6       ;0000   ;51       ;5180      ;             ;AR_P4_06_6
  100;AR            ;P4                   ;07                   ;Z-RES;E;6       ;0000   ;51       ;5180      ;             ;AR_P4_07_6
  100;AR            ;P5                   ;01                   ;Z-RES;E;6       ;0000   ;51       ;5180      ;             ;AR_P5_01_6
  100;AR            ;P6                   ;01                   ;Z-RES;E;6       ;0000   ;51       ;5180      ;             ;AR_P6_01_6
  100;AR            ;P7                   ;01                   ;Z-RES;E;6       ;0000   ;51       ;5180      ;             ;AR_P7_01_6
  100;AR            ;P8                   ;01                   ;Z-RES;E;6       ;0000   ;51       ;5180      ;             ;AR_P8_01_6
  100;AR            ;P9                   ;01                   ;Z-RES;E;6       ;0000   ;51       ;5180      ;             ;AR_P9_01_6
  100;AR            ;PA                   ;01                   ;Z-RES;E;6       ;0000   ;51       ;5180      ;             ;AR_PA_01_6
  100;AR            ;PB                   ;01                   ;Z-RES;E;6       ;0000   ;51       ;5180      ;             ;AR_PB_01_6
  100;AR            ;PC                   ;01                   ;Z-RES;E;6       ;0000   ;51       ;5180      ;             ;AR_PC_01_6
  100;AR            ;PD                   ;01                   ;Z-RES;E;6       ;0000   ;51       ;5180      ;             ;AR_PD_01_6
  100;AR            ;PE                   ;01                   ;Z-RES;E;6       ;0000   ;51       ;5180      ;             ;AR_PE_01_6
  100;AR            ;PF                   ;01                   ;Z-RES;E;6       ;0000   ;51       ;5180      ;             ;AR_PF_01_6
  100;AR            ;PG                   ;01                   ;Z-RES;E;6       ;0000   ;51       ;5180      ;             ;AR_PG_01_6
  100;AR            ;PH                   ;01                   ;Z-RES;E;6       ;0000   ;51       ;5180      ;             ;AR_PH_01_6
  100;AR            ;PI                   ;01                   ;Z-RES;E;6       ;0000   ;51       ;5180      ;             ;AR_PI_01_6
  100;AR            ;PJ                   ;01                   ;Z-RES;E;6       ;0000   ;51       ;5180      ;             ;AR_PJ_01_6
  100;AR            ;PK                   ;01                   ;Z-RES;E;6       ;0000   ;51       ;5180      ;             ;AR_PK_01_6
  100;AR            ;PL                   ;01                   ;Z-RES;E;6       ;0000   ;51       ;5180      ;             ;AR_PL_01_6
  100;AR            ;PM                   ;01                   ;Z-RES;E;6       ;0000   ;51       ;5180      ;             ;AR_PM_01_6
  100;AR            ;PN                   ;01                   ;Z-RES;E;6       ;0000   ;51       ;5180      ;             ;AR_PN_01_6
  100;AR            ;PO                   ;01                   ;Z-RES;E;6       ;0000   ;51       ;5180      ;             ;AR_PO_01_6
  100;AR            ;PP                   ;01                   ;Z-RES;E;6       ;0000   ;51       ;5180      ;             ;AR_PP_01_6
  100;AS            ;00                   ;                     ;Z-RES;E;4       ;0000   ;51       ;5150      ;             ;AS_00_4
  100;AT            ;HV                   ;1S                   ;Z-RES;E;6       ;0000   ;51       ;5150      ;             ;AT_HV_1S_6
  100;AT            ;I1                   ;MV                   ;Z-RES;E;6       ;0000   ;51       ;5140      ;             ;AT_I1_MV_6
  100;AT            ;I2                   ;MV                   ;Z-RES;E;6       ;0000   ;51       ;5140      ;             ;AT_I2_MV_6
  100;AT            ;I3                   ;MV                   ;Z-RES;E;6       ;0000   ;51       ;5140      ;             ;AT_I3_MV_6
  100;AT            ;I4                   ;MV                   ;Z-RES;E;6       ;0000   ;51       ;5140      ;             ;AT_I4_MV_6
  100;AT            ;I5                   ;MV                   ;Z-RES;E;6       ;0000   ;51       ;5140      ;             ;AT_I5_MV_6
  100;AT            ;I6                   ;MV                   ;Z-RES;E;6       ;0000   ;51       ;5140      ;             ;AT_I6_MV_6
  100;AT            ;I7                   ;MV                   ;Z-RES;E;6       ;0000   ;51       ;5140      ;             ;AT_I7_MV_6
  100;AT            ;I8                   ;MV                   ;Z-RES;E;6       ;0000   ;51       ;5140      ;             ;AT_I8_MV_6
  100;AT            ;I9                   ;MV                   ;Z-RES;E;6       ;0000   ;51       ;5140      ;             ;AT_I9_MV_6
  100;B1            ;01                   ;1E                   ;Z-RES;E;5       ;0000   ;51       ;5180      ;             ;B1_01_1E_5
  100;B1            ;01                   ;2E                   ;Z-RES;E;5       ;0000   ;51       ;5180      ;             ;B1_01_2E_5
  100;B1            ;01                   ;3E                   ;Z-RES;E;5       ;0000   ;51       ;5180      ;             ;B1_01_3E_5
  100;B1            ;01                   ;4E                   ;Z-RES;E;5       ;0000   ;51       ;5180      ;             ;B1_01_4E_5
  100;B1            ;01                   ;5E                   ;Z-RES;E;5       ;0000   ;51       ;5180      ;             ;B1_01_5E_5
  100;B1            ;01                   ;6E                   ;Z-RES;E;5       ;0000   ;51       ;5180      ;             ;B1_01_6E_5
  100;B1            ;01                   ;7E                   ;Z-RES;E;5       ;0000   ;51       ;5180      ;             ;B1_01_7E_5
  100;B1            ;01                   ;8E                   ;Z-RES;E;5       ;0000   ;51       ;5180      ;             ;B1_01_8E_5
  100;B1            ;01                   ;9E                   ;Z-RES;E;5       ;0000   ;51       ;5180      ;             ;B1_01_9E_5
  100;B1            ;01                   ;AE                   ;Z-RES;E;5       ;0000   ;51       ;5180      ;             ;B1_01_AE_5
  100;B1            ;01                   ;BE                   ;Z-RES;E;5       ;0000   ;51       ;5180      ;             ;B1_01_BE_5
  100;B1            ;01                   ;CE                   ;Z-RES;E;5       ;0000   ;51       ;5180      ;             ;B1_01_CE_5
  100;B1            ;01                   ;DE                   ;Z-RES;E;5       ;0000   ;51       ;5180      ;             ;B1_01_DE_5
  100;B1            ;01                   ;EE                   ;Z-RES;E;5       ;0000   ;51       ;5180      ;             ;B1_01_EE_5
  100;B1            ;02                   ;1E                   ;Z-RES;E;5       ;0000   ;51       ;5180      ;             ;B1_02_1E_5
  100;B1            ;02                   ;2E                   ;Z-RES;E;5       ;0000   ;51       ;5180      ;             ;B1_02_2E_5
  100;B1            ;02                   ;3E                   ;Z-RES;E;5       ;0000   ;51       ;5180      ;             ;B1_02_3E_5
  100;B1            ;02                   ;4E                   ;Z-RES;E;5       ;0000   ;51       ;5180      ;             ;B1_02_4E_5
  100;B1            ;02                   ;5E                   ;Z-RES;E;5       ;0000   ;51       ;5180      ;             ;B1_02_5E_5
  100;B1            ;02                   ;6E                   ;Z-RES;E;5       ;0000   ;51       ;5180      ;             ;B1_02_6E_5
  100;B1            ;02                   ;7E                   ;Z-RES;E;5       ;0000   ;51       ;5180      ;             ;B1_02_7E_5
  100;B1            ;02                   ;8E                   ;Z-RES;E;5       ;0000   ;51       ;5180      ;             ;B1_02_8E_5
  100;B1            ;02                   ;9E                   ;Z-RES;E;5       ;0000   ;51       ;5180      ;             ;B1_02_9E_5
  100;B1            ;02                   ;AE                   ;Z-RES;E;5       ;0000   ;51       ;5180      ;             ;B1_02_AE_5
  100;B1            ;02                   ;BE                   ;Z-RES;E;5       ;0000   ;51       ;5180      ;             ;B1_02_BE_5
  100;B1            ;02                   ;CE                   ;Z-RES;E;5       ;0000   ;51       ;5180      ;             ;B1_02_CE_5
  100;B1            ;02                   ;DE                   ;Z-RES;E;5       ;0000   ;51       ;5180      ;             ;B1_02_DE_5
  100;B1            ;02                   ;EE                   ;Z-RES;E;5       ;0000   ;51       ;5180      ;             ;B1_02_EE_5
  100;B1            ;03                   ;1E                   ;Z-RES;E;5       ;0000   ;51       ;5180      ;             ;B1_03_1E_5
  100;B1            ;03                   ;2E                   ;Z-RES;E;5       ;0000   ;51       ;5180      ;             ;B1_03_2E_5
  100;B1            ;03                   ;3E                   ;Z-RES;E;5       ;0000   ;51       ;5180      ;             ;B1_03_3E_5
  100;B1            ;03                   ;4E                   ;Z-RES;E;5       ;0000   ;51       ;5180      ;             ;B1_03_4E_5
  100;B1            ;03                   ;5E                   ;Z-RES;E;5       ;0000   ;51       ;5180      ;             ;B1_03_5E_5
  100;B1            ;03                   ;6E                   ;Z-RES;E;5       ;0000   ;51       ;5180      ;             ;B1_03_6E_5
  100;B1            ;03                   ;7E                   ;Z-RES;E;5       ;0000   ;51       ;5180      ;             ;B1_03_7E_5
  100;B1            ;03                   ;8E                   ;Z-RES;E;5       ;0000   ;51       ;5180      ;             ;B1_03_8E_5
  100;B1            ;03                   ;9E                   ;Z-RES;E;5       ;0000   ;51       ;5180      ;             ;B1_03_9E_5
  100;B1            ;03                   ;AE                   ;Z-RES;E;5       ;0000   ;51       ;5180      ;             ;B1_03_AE_5
  100;B1            ;03                   ;BE                   ;Z-RES;E;5       ;0000   ;51       ;5180      ;             ;B1_03_BE_5
  100;B1            ;03                   ;CE                   ;Z-RES;E;5       ;0000   ;51       ;5180      ;             ;B1_03_CE_5
  100;B1            ;03                   ;DE                   ;Z-RES;E;5       ;0000   ;51       ;5180      ;             ;B1_03_DE_5
  100;B1            ;03                   ;EE                   ;Z-RES;E;5       ;0000   ;51       ;5180      ;             ;B1_03_EE_5
  100;B1            ;04                   ;1E                   ;Z-RES;E;5       ;0000   ;51       ;5180      ;             ;B1_04_1E_5
  100;B1            ;04                   ;2E                   ;Z-RES;E;5       ;0000   ;51       ;5180      ;             ;B1_04_2E_5
  100;B1            ;04                   ;3E                   ;Z-RES;E;5       ;0000   ;51       ;5180      ;             ;B1_04_3E_5
  100;B1            ;04                   ;4E                   ;Z-RES;E;5       ;0000   ;51       ;5180      ;             ;B1_04_4E_5
  100;B1            ;04                   ;5E                   ;Z-RES;E;5       ;0000   ;51       ;5180      ;             ;B1_04_5E_5
  100;B1            ;04                   ;6E                   ;Z-RES;E;5       ;0000   ;51       ;5180      ;             ;B1_04_6E_5
  100;B1            ;04                   ;7E                   ;Z-RES;E;5       ;0000   ;51       ;5180      ;             ;B1_04_7E_5
  100;B1            ;04                   ;8E                   ;Z-RES;E;5       ;0000   ;51       ;5180      ;             ;B1_04_8E_5
  100;B1            ;04                   ;9E                   ;Z-RES;E;5       ;0000   ;51       ;5180      ;             ;B1_04_9E_5
  100;B1            ;04                   ;AE                   ;Z-RES;E;5       ;0000   ;51       ;5180      ;             ;B1_04_AE_5
  100;B1            ;04                   ;BE                   ;Z-RES;E;5       ;0000   ;51       ;5180      ;             ;B1_04_BE_5
  100;B1            ;04                   ;CE                   ;Z-RES;E;5       ;0000   ;51       ;5180      ;             ;B1_04_CE_5
  100;B1            ;04                   ;DE                   ;Z-RES;E;5       ;0000   ;51       ;5180      ;             ;B1_04_DE_5
  100;B1            ;04                   ;EE                   ;Z-RES;E;5       ;0000   ;51       ;5180      ;             ;B1_04_EE_5
  100;B1            ;05                   ;1E                   ;Z-RES;E;5       ;0000   ;51       ;5180      ;             ;B1_05_1E_5
  100;B1            ;05                   ;2E                   ;Z-RES;E;5       ;0000   ;51       ;5180      ;             ;B1_05_2E_5
  100;B1            ;05                   ;3E                   ;Z-RES;E;5       ;0000   ;51       ;5180      ;             ;B1_05_3E_5
  100;B1            ;05                   ;4E                   ;Z-RES;E;5       ;0000   ;51       ;5180      ;             ;B1_05_4E_5
  100;B1            ;05                   ;5E                   ;Z-RES;E;5       ;0000   ;51       ;5180      ;             ;B1_05_5E_5
  100;B1            ;05                   ;6E                   ;Z-RES;E;5       ;0000   ;51       ;5180      ;             ;B1_05_6E_5
  100;B1            ;05                   ;7E                   ;Z-RES;E;5       ;0000   ;51       ;5180      ;             ;B1_05_7E_5
  100;B1            ;05                   ;8E                   ;Z-RES;E;5       ;0000   ;51       ;5180      ;             ;B1_05_8E_5
  100;B1            ;05                   ;9E                   ;Z-RES;E;5       ;0000   ;51       ;5180      ;             ;B1_05_9E_5
  100;B1            ;05                   ;AE                   ;Z-RES;E;5       ;0000   ;51       ;5180      ;             ;B1_05_AE_5
  100;B1            ;05                   ;BE                   ;Z-RES;E;5       ;0000   ;51       ;5180      ;             ;B1_05_BE_5
  100;B1            ;05                   ;CE                   ;Z-RES;E;5       ;0000   ;51       ;5180      ;             ;B1_05_CE_5
  100;B1            ;06                   ;1E                   ;Z-RES;E;5       ;0000   ;51       ;5180      ;             ;B1_06_1E_5
  100;B1            ;06                   ;2E                   ;Z-RES;E;5       ;0000   ;51       ;5180      ;             ;B1_06_2E_5
  100;B1            ;06                   ;3E                   ;Z-RES;E;5       ;0000   ;51       ;5180      ;             ;B1_06_3E_5
  100;B1            ;06                   ;4E                   ;Z-RES;E;5       ;0000   ;51       ;5180      ;             ;B1_06_4E_5
  100;B1            ;06                   ;5E                   ;Z-RES;E;5       ;0000   ;51       ;5180      ;             ;B1_06_5E_5
  100;B1            ;06                   ;6E                   ;Z-RES;E;5       ;0000   ;51       ;5180      ;             ;B1_06_6E_5
  100;B1            ;06                   ;7E                   ;Z-RES;E;5       ;0000   ;51       ;5180      ;             ;B1_06_7E_5
  100;B1            ;06                   ;8E                   ;Z-RES;E;5       ;0000   ;51       ;5180      ;             ;B1_06_8E_5
  100;B1            ;06                   ;9E                   ;Z-RES;E;5       ;0000   ;51       ;5180      ;             ;B1_06_9E_5
  100;B1            ;06                   ;AE                   ;Z-RES;E;5       ;0000   ;51       ;5180      ;             ;B1_06_AE_5
  100;B1            ;06                   ;BE                   ;Z-RES;E;5       ;0000   ;51       ;5180      ;             ;B1_06_BE_5
  100;B1            ;06                   ;CE                   ;Z-RES;E;5       ;0000   ;51       ;5180      ;             ;B1_06_CE_5
  100;B1            ;07                   ;1E                   ;Z-RES;E;5       ;0000   ;51       ;5180      ;             ;B1_07_1E_5
  100;B1            ;07                   ;2E                   ;Z-RES;E;5       ;0000   ;51       ;5180      ;             ;B1_07_2E_5
  100;B1            ;07                   ;3E                   ;Z-RES;E;5       ;0000   ;51       ;5180      ;             ;B1_07_3E_5
  100;B1            ;07                   ;4E                   ;Z-RES;E;5       ;0000   ;51       ;5180      ;             ;B1_07_4E_5
  100;B1            ;07                   ;5E                   ;Z-RES;E;5       ;0000   ;51       ;5180      ;             ;B1_07_5E_5
  100;B1            ;07                   ;6E                   ;Z-RES;E;5       ;0000   ;51       ;5180      ;             ;B1_07_6E_5
  100;B1            ;07                   ;7E                   ;Z-RES;E;5       ;0000   ;51       ;5180      ;             ;B1_07_7E_5
  100;B1            ;07                   ;8E                   ;Z-RES;E;5       ;0000   ;51       ;5180      ;             ;B1_07_8E_5
  100;B1            ;07                   ;9E                   ;Z-RES;E;5       ;0000   ;51       ;5180      ;             ;B1_07_9E_5
  100;B1            ;07                   ;AE                   ;Z-RES;E;5       ;0000   ;51       ;5180      ;             ;B1_07_AE_5
  100;B1            ;07                   ;BE                   ;Z-RES;E;5       ;0000   ;51       ;5180      ;             ;B1_07_BE_5
  100;B1            ;07                   ;CE                   ;Z-RES;E;5       ;0000   ;51       ;5180      ;             ;B1_07_CE_5
  100;B1            ;08                   ;1E                   ;Z-RES;E;5       ;0000   ;51       ;5180      ;             ;B1_08_1E_5
  100;B1            ;08                   ;2E                   ;Z-RES;E;5       ;0000   ;51       ;5180      ;             ;B1_08_2E_5
  100;B1            ;08                   ;3E                   ;Z-RES;E;5       ;0000   ;51       ;5180      ;             ;B1_08_3E_5
  100;B1            ;09                   ;1E                   ;Z-RES;E;5       ;0000   ;51       ;5180      ;             ;B1_09_1E_5
  100;B1            ;09                   ;2E                   ;Z-RES;E;5       ;0000   ;51       ;5180      ;             ;B1_09_2E_5
  100;B1            ;09                   ;3E                   ;Z-RES;E;5       ;0000   ;51       ;5180      ;             ;B1_09_3E_5
  100;B1            ;09                   ;4E                   ;Z-RES;E;5       ;0000   ;51       ;5180      ;             ;B1_09_4E_5
  100;B1            ;10                   ;1E                   ;Z-RES;E;5       ;0000   ;51       ;5180      ;             ;B1_10_1E_5
  100;B1            ;10                   ;2E                   ;Z-RES;E;5       ;0000   ;51       ;5180      ;             ;B1_10_2E_5
  100;B1            ;10                   ;3E                   ;Z-RES;E;5       ;0000   ;51       ;5180      ;             ;B1_10_3E_5
  100;B1            ;11                   ;1E                   ;Z-RES;E;5       ;0000   ;51       ;5180      ;             ;B1_11_1E_5
  100;B1            ;11                   ;2E                   ;Z-RES;E;5       ;0000   ;51       ;5180      ;             ;B1_11_2E_5
  100;B1            ;11                   ;3E                   ;Z-RES;E;5       ;0000   ;51       ;5180      ;             ;B1_11_3E_5
  100;B1            ;12                   ;1E                   ;Z-RES;E;5       ;0000   ;51       ;5180      ;             ;B1_12_1E_5
  100;B1            ;12                   ;2E                   ;Z-RES;E;5       ;0000   ;51       ;5180      ;             ;B1_12_2E_5
  100;B1            ;12                   ;3E                   ;Z-RES;E;5       ;0000   ;51       ;5180      ;             ;B1_12_3E_5
  100;B2            ;01                   ;1E                   ;Z-RES;E;5       ;0000   ;51       ;5180      ;             ;B2_01_1E_5
  100;B2            ;01                   ;2E                   ;Z-RES;E;5       ;0000   ;51       ;5180      ;             ;B2_01_2E_5
  100;B2            ;01                   ;3E                   ;Z-RES;E;5       ;0000   ;51       ;5180      ;             ;B2_01_3E_5
  100;B2            ;01                   ;4E                   ;Z-RES;E;5       ;0000   ;51       ;5180      ;             ;B2_01_4E_5
  100;B2            ;01                   ;5E                   ;Z-RES;E;5       ;0000   ;51       ;5180      ;             ;B2_01_5E_5
  100;B2            ;01                   ;6E                   ;Z-RES;E;5       ;0000   ;51       ;5180      ;             ;B2_01_6E_5
  100;B2            ;01                   ;7E                   ;Z-RES;E;5       ;0000   ;51       ;5180      ;             ;B2_01_7E_5
  100;B2            ;01                   ;8E                   ;Z-RES;E;5       ;0000   ;51       ;5180      ;             ;B2_01_8E_5
  100;B2            ;01                   ;9E                   ;Z-RES;E;5       ;0000   ;51       ;5180      ;             ;B2_01_9E_5
  100;B2            ;01                   ;AE                   ;Z-RES;E;5       ;0000   ;51       ;5180      ;             ;B2_01_AE_5
  100;B2            ;01                   ;BE                   ;Z-RES;E;5       ;0000   ;51       ;5180      ;             ;B2_01_BE_5
  100;B2            ;01                   ;CE                   ;Z-RES;E;5       ;0000   ;51       ;5180      ;             ;B2_01_CE_5
  100;B2            ;01                   ;DE                   ;Z-RES;E;5       ;0000   ;51       ;5180      ;             ;B2_01_DE_5
  100;B2            ;01                   ;EE                   ;Z-RES;E;5       ;0000   ;51       ;5180      ;             ;B2_01_EE_5
  100;B2            ;02                   ;1E                   ;Z-RES;E;5       ;0000   ;51       ;5180      ;             ;B2_02_1E_5
  100;B2            ;02                   ;2E                   ;Z-RES;E;5       ;0000   ;51       ;5180      ;             ;B2_02_2E_5
  100;B2            ;02                   ;3E                   ;Z-RES;E;5       ;0000   ;51       ;5180      ;             ;B2_02_3E_5
  100;B2            ;02                   ;4E                   ;Z-RES;E;5       ;0000   ;51       ;5180      ;             ;B2_02_4E_5
  100;B2            ;02                   ;5E                   ;Z-RES;E;5       ;0000   ;51       ;5180      ;             ;B2_02_5E_5
  100;B2            ;02                   ;6E                   ;Z-RES;E;5       ;0000   ;51       ;5180      ;             ;B2_02_6E_5
  100;B2            ;02                   ;7E                   ;Z-RES;E;5       ;0000   ;51       ;5180      ;             ;B2_02_7E_5
  100;B2            ;02                   ;8E                   ;Z-RES;E;5       ;0000   ;51       ;5180      ;             ;B2_02_8E_5
  100;B2            ;02                   ;9E                   ;Z-RES;E;5       ;0000   ;51       ;5180      ;             ;B2_02_9E_5
  100;B2            ;02                   ;AE                   ;Z-RES;E;5       ;0000   ;51       ;5180      ;             ;B2_02_AE_5
  100;B2            ;02                   ;BE                   ;Z-RES;E;5       ;0000   ;51       ;5180      ;             ;B2_02_BE_5
  100;B2            ;02                   ;CE                   ;Z-RES;E;5       ;0000   ;51       ;5180      ;             ;B2_02_CE_5
  100;B2            ;02                   ;DE                   ;Z-RES;E;5       ;0000   ;51       ;5180      ;             ;B2_02_DE_5
  100;B2            ;02                   ;EE                   ;Z-RES;E;5       ;0000   ;51       ;5180      ;             ;B2_02_EE_5
  100;B2            ;03                   ;1E                   ;Z-RES;E;5       ;0000   ;51       ;5180      ;             ;B2_03_1E_5
  100;B2            ;03                   ;2E                   ;Z-RES;E;5       ;0000   ;51       ;5180      ;             ;B2_03_2E_5
  100;B2            ;03                   ;3E                   ;Z-RES;E;5       ;0000   ;51       ;5180      ;             ;B2_03_3E_5
  100;B2            ;03                   ;4E                   ;Z-RES;E;5       ;0000   ;51       ;5180      ;             ;B2_03_4E_5
  100;B2            ;03                   ;5E                   ;Z-RES;E;5       ;0000   ;51       ;5180      ;             ;B2_03_5E_5
  100;B2            ;03                   ;6E                   ;Z-RES;E;5       ;0000   ;51       ;5180      ;             ;B2_03_6E_5
  100;B2            ;03                   ;7E                   ;Z-RES;E;5       ;0000   ;51       ;5180      ;             ;B2_03_7E_5
  100;B2            ;03                   ;8E                   ;Z-RES;E;5       ;0000   ;51       ;5180      ;             ;B2_03_8E_5
  100;B2            ;03                   ;9E                   ;Z-RES;E;5       ;0000   ;51       ;5180      ;             ;B2_03_9E_5
  100;B2            ;03                   ;AE                   ;Z-RES;E;5       ;0000   ;51       ;5180      ;             ;B2_03_AE_5
  100;B2            ;03                   ;BE                   ;Z-RES;E;5       ;0000   ;51       ;5180      ;             ;B2_03_BE_5
  100;B2            ;03                   ;CE                   ;Z-RES;E;5       ;0000   ;51       ;5180      ;             ;B2_03_CE_5
  100;B2            ;03                   ;DE                   ;Z-RES;E;5       ;0000   ;51       ;5180      ;             ;B2_03_DE_5
  100;B2            ;03                   ;EE                   ;Z-RES;E;5       ;0000   ;51       ;5180      ;             ;B2_03_EE_5
  100;B2            ;04                   ;1E                   ;Z-RES;E;5       ;0000   ;51       ;5180      ;             ;B2_04_1E_5
  100;B2            ;04                   ;2E                   ;Z-RES;E;5       ;0000   ;51       ;5180      ;             ;B2_04_2E_5
  100;B2            ;04                   ;3E                   ;Z-RES;E;5       ;0000   ;51       ;5180      ;             ;B2_04_3E_5
  100;B2            ;04                   ;4E                   ;Z-RES;E;5       ;0000   ;51       ;5180      ;             ;B2_04_4E_5
  100;B2            ;04                   ;5E                   ;Z-RES;E;5       ;0000   ;51       ;5180      ;             ;B2_04_5E_5
  100;B2            ;04                   ;6E                   ;Z-RES;E;5       ;0000   ;51       ;5180      ;             ;B2_04_6E_5
  100;B2            ;04                   ;7E                   ;Z-RES;E;5       ;0000   ;51       ;5180      ;             ;B2_04_7E_5
  100;B2            ;04                   ;8E                   ;Z-RES;E;5       ;0000   ;51       ;5180      ;             ;B2_04_8E_5
  100;B2            ;04                   ;9E                   ;Z-RES;E;5       ;0000   ;51       ;5180      ;             ;B2_04_9E_5
  100;B2            ;04                   ;AE                   ;Z-RES;E;5       ;0000   ;51       ;5180      ;             ;B2_04_AE_5
  100;B2            ;04                   ;BE                   ;Z-RES;E;5       ;0000   ;51       ;5180      ;             ;B2_04_BE_5
  100;B2            ;04                   ;CE                   ;Z-RES;E;5       ;0000   ;51       ;5180      ;             ;B2_04_CE_5
  100;B2            ;04                   ;DE                   ;Z-RES;E;5       ;0000   ;51       ;5180      ;             ;B2_04_DE_5
  100;B2            ;04                   ;EE                   ;Z-RES;E;5       ;0000   ;51       ;5180      ;             ;B2_04_EE_5
  100;B2            ;05                   ;1E                   ;Z-RES;E;5       ;0000   ;51       ;5180      ;             ;B2_05_1E_5
  100;B2            ;05                   ;2E                   ;Z-RES;E;5       ;0000   ;51       ;5180      ;             ;B2_05_2E_5
  100;B2            ;05                   ;3E                   ;Z-RES;E;5       ;0000   ;51       ;5180      ;             ;B2_05_3E_5
  100;B2            ;05                   ;4E                   ;Z-RES;E;5       ;0000   ;51       ;5180      ;             ;B2_05_4E_5
  100;B2            ;05                   ;5E                   ;Z-RES;E;5       ;0000   ;51       ;5180      ;             ;B2_05_5E_5
  100;B2            ;05                   ;6E                   ;Z-RES;E;5       ;0000   ;51       ;5180      ;             ;B2_05_6E_5
  100;B2            ;05                   ;7E                   ;Z-RES;E;5       ;0000   ;51       ;5180      ;             ;B2_05_7E_5
  100;B2            ;05                   ;8E                   ;Z-RES;E;5       ;0000   ;51       ;5180      ;             ;B2_05_8E_5
  100;B2            ;05                   ;9E                   ;Z-RES;E;5       ;0000   ;51       ;5180      ;             ;B2_05_9E_5
  100;B2            ;05                   ;AE                   ;Z-RES;E;5       ;0000   ;51       ;5180      ;             ;B2_05_AE_5
  100;B2            ;05                   ;BE                   ;Z-RES;E;5       ;0000   ;51       ;5180      ;             ;B2_05_BE_5
  100;B2            ;05                   ;CE                   ;Z-RES;E;5       ;0000   ;51       ;5180      ;             ;B2_05_CE_5
  100;B2            ;06                   ;1E                   ;Z-RES;E;5       ;0000   ;51       ;5180      ;             ;B2_06_1E_5
  100;B2            ;06                   ;2E                   ;Z-RES;E;5       ;0000   ;51       ;5180      ;             ;B2_06_2E_5
  100;B2            ;06                   ;3E                   ;Z-RES;E;5       ;0000   ;51       ;5180      ;             ;B2_06_3E_5
  100;B2            ;06                   ;4E                   ;Z-RES;E;5       ;0000   ;51       ;5180      ;             ;B2_06_4E_5
  100;B2            ;06                   ;5E                   ;Z-RES;E;5       ;0000   ;51       ;5180      ;             ;B2_06_5E_5
  100;B2            ;06                   ;6E                   ;Z-RES;E;5       ;0000   ;51       ;5180      ;             ;B2_06_6E_5
  100;B2            ;06                   ;7E                   ;Z-RES;E;5       ;0000   ;51       ;5180      ;             ;B2_06_7E_5
  100;B2            ;06                   ;8E                   ;Z-RES;E;5       ;0000   ;51       ;5180      ;             ;B2_06_8E_5
  100;B2            ;06                   ;9E                   ;Z-RES;E;5       ;0000   ;51       ;5180      ;             ;B2_06_9E_5
  100;B2            ;06                   ;AE                   ;Z-RES;E;5       ;0000   ;51       ;5180      ;             ;B2_06_AE_5
  100;B2            ;06                   ;BE                   ;Z-RES;E;5       ;0000   ;51       ;5180      ;             ;B2_06_BE_5
  100;B2            ;06                   ;CE                   ;Z-RES;E;5       ;0000   ;51       ;5180      ;             ;B2_06_CE_5
  100;B2            ;07                   ;1E                   ;Z-RES;E;5       ;0000   ;51       ;5180      ;             ;B2_07_1E_5
  100;B2            ;07                   ;2E                   ;Z-RES;E;5       ;0000   ;51       ;5180      ;             ;B2_07_2E_5
  100;B2            ;07                   ;3E                   ;Z-RES;E;5       ;0000   ;51       ;5180      ;             ;B2_07_3E_5
  100;B2            ;07                   ;4E                   ;Z-RES;E;5       ;0000   ;51       ;5180      ;             ;B2_07_4E_5
  100;B2            ;07                   ;5E                   ;Z-RES;E;5       ;0000   ;51       ;5180      ;             ;B2_07_5E_5
  100;B2            ;07                   ;6E                   ;Z-RES;E;5       ;0000   ;51       ;5180      ;             ;B2_07_6E_5
  100;B2            ;07                   ;7E                   ;Z-RES;E;5       ;0000   ;51       ;5180      ;             ;B2_07_7E_5
  100;B2            ;07                   ;8E                   ;Z-RES;E;5       ;0000   ;51       ;5180      ;             ;B2_07_8E_5
  100;B2            ;07                   ;9E                   ;Z-RES;E;5       ;0000   ;51       ;5180      ;             ;B2_07_9E_5
  100;B2            ;07                   ;AE                   ;Z-RES;E;5       ;0000   ;51       ;5180      ;             ;B2_07_AE_5
  100;B2            ;07                   ;BE                   ;Z-RES;E;5       ;0000   ;51       ;5180      ;             ;B2_07_BE_5
  100;B2            ;07                   ;CE                   ;Z-RES;E;5       ;0000   ;51       ;5180      ;             ;B2_07_CE_5
  100;B2            ;08                   ;1E                   ;Z-RES;E;5       ;0000   ;51       ;5180      ;             ;B2_08_1E_5
  100;B2            ;08                   ;2E                   ;Z-RES;E;5       ;0000   ;51       ;5180      ;             ;B2_08_2E_5
  100;B2            ;08                   ;3E                   ;Z-RES;E;5       ;0000   ;51       ;5180      ;             ;B2_08_3E_5
  100;B2            ;09                   ;1E                   ;Z-RES;E;5       ;0000   ;51       ;5180      ;             ;B2_09_1E_5
  100;B2            ;09                   ;2E                   ;Z-RES;E;5       ;0000   ;51       ;5180      ;             ;B2_09_2E_5
  100;B2            ;09                   ;3E                   ;Z-RES;E;5       ;0000   ;51       ;5180      ;             ;B2_09_3E_5
  100;B2            ;10                   ;1E                   ;Z-RES;E;5       ;0000   ;51       ;5180      ;             ;B2_10_1E_5
  100;B2            ;10                   ;2E                   ;Z-RES;E;5       ;0000   ;51       ;5180      ;             ;B2_10_2E_5
  100;B2            ;10                   ;3E                   ;Z-RES;E;5       ;0000   ;51       ;5180      ;             ;B2_10_3E_5
  100;B2            ;11                   ;1E                   ;Z-RES;E;5       ;0000   ;51       ;5180      ;             ;B2_11_1E_5
  100;B2            ;11                   ;2E                   ;Z-RES;E;5       ;0000   ;51       ;5180      ;             ;B2_11_2E_5
  100;B2            ;11                   ;3E                   ;Z-RES;E;5       ;0000   ;51       ;5180      ;             ;B2_11_3E_5
  100;B2            ;12                   ;1E                   ;Z-RES;E;5       ;0000   ;51       ;5180      ;             ;B2_12_1E_5
  100;B2            ;12                   ;2E                   ;Z-RES;E;5       ;0000   ;51       ;5180      ;             ;B2_12_2E_5
  100;B2            ;12                   ;3E                   ;Z-RES;E;5       ;0000   ;51       ;5180      ;             ;B2_12_3E_5
  100;B3            ;01                   ;1E                   ;Z-RES;E;5       ;0000   ;51       ;5180      ;             ;B3_01_1E_5
  100;B3            ;01                   ;2E                   ;Z-RES;E;5       ;0000   ;51       ;5180      ;             ;B3_01_2E_5
  100;B3            ;01                   ;3E                   ;Z-RES;E;5       ;0000   ;51       ;5180      ;             ;B3_01_3E_5
  100;B3            ;01                   ;4E                   ;Z-RES;E;5       ;0000   ;51       ;5180      ;             ;B3_01_4E_5
  100;B3            ;01                   ;5E                   ;Z-RES;E;5       ;0000   ;51       ;5180      ;             ;B3_01_5E_5
  100;B3            ;01                   ;6E                   ;Z-RES;E;5       ;0000   ;51       ;5180      ;             ;B3_01_6E_5
  100;B3            ;01                   ;7E                   ;Z-RES;E;5       ;0000   ;51       ;5180      ;             ;B3_01_7E_5
  100;B3            ;01                   ;8E                   ;Z-RES;E;5       ;0000   ;51       ;5180      ;             ;B3_01_8E_5
  100;B3            ;01                   ;9E                   ;Z-RES;E;5       ;0000   ;51       ;5180      ;             ;B3_01_9E_5
  100;B3            ;01                   ;AE                   ;Z-RES;E;5       ;0000   ;51       ;5180      ;             ;B3_01_AE_5
  100;B3            ;01                   ;BE                   ;Z-RES;E;5       ;0000   ;51       ;5180      ;             ;B3_01_BE_5
  100;B3            ;01                   ;CE                   ;Z-RES;E;5       ;0000   ;51       ;5180      ;             ;B3_01_CE_5
  100;B3            ;01                   ;DE                   ;Z-RES;E;5       ;0000   ;51       ;5180      ;             ;B3_01_DE_5
  100;B3            ;01                   ;EE                   ;Z-RES;E;5       ;0000   ;51       ;5180      ;             ;B3_01_EE_5
  100;B3            ;02                   ;1E                   ;Z-RES;E;5       ;0000   ;51       ;5180      ;             ;B3_02_1E_5
  100;B3            ;02                   ;2E                   ;Z-RES;E;5       ;0000   ;51       ;5180      ;             ;B3_02_2E_5
  100;B3            ;02                   ;3E                   ;Z-RES;E;5       ;0000   ;51       ;5180      ;             ;B3_02_3E_5
  100;B3            ;02                   ;4E                   ;Z-RES;E;5       ;0000   ;51       ;5180      ;             ;B3_02_4E_5
  100;B3            ;02                   ;5E                   ;Z-RES;E;5       ;0000   ;51       ;5180      ;             ;B3_02_5E_5
  100;B3            ;02                   ;6E                   ;Z-RES;E;5       ;0000   ;51       ;5180      ;             ;B3_02_6E_5
  100;B3            ;02                   ;7E                   ;Z-RES;E;5       ;0000   ;51       ;5180      ;             ;B3_02_7E_5
  100;B3            ;02                   ;8E                   ;Z-RES;E;5       ;0000   ;51       ;5180      ;             ;B3_02_8E_5
  100;B3            ;02                   ;9E                   ;Z-RES;E;5       ;0000   ;51       ;5180      ;             ;B3_02_9E_5
  100;B3            ;02                   ;AE                   ;Z-RES;E;5       ;0000   ;51       ;5180      ;             ;B3_02_AE_5
  100;B3            ;02                   ;BE                   ;Z-RES;E;5       ;0000   ;51       ;5180      ;             ;B3_02_BE_5
  100;B3            ;02                   ;CE                   ;Z-RES;E;5       ;0000   ;51       ;5180      ;             ;B3_02_CE_5
  100;B3            ;02                   ;DE                   ;Z-RES;E;5       ;0000   ;51       ;5180      ;             ;B3_02_DE_5
  100;B3            ;02                   ;EE                   ;Z-RES;E;5       ;0000   ;51       ;5180      ;             ;B3_02_EE_5
  100;B3            ;03                   ;1E                   ;Z-RES;E;5       ;0000   ;51       ;5180      ;             ;B3_03_1E_5
  100;B3            ;03                   ;2E                   ;Z-RES;E;5       ;0000   ;51       ;5180      ;             ;B3_03_2E_5
  100;B3            ;03                   ;3E                   ;Z-RES;E;5       ;0000   ;51       ;5180      ;             ;B3_03_3E_5
  100;B3            ;03                   ;4E                   ;Z-RES;E;5       ;0000   ;51       ;5180      ;             ;B3_03_4E_5
  100;B3            ;03                   ;5E                   ;Z-RES;E;5       ;0000   ;51       ;5180      ;             ;B3_03_5E_5
  100;B3            ;03                   ;6E                   ;Z-RES;E;5       ;0000   ;51       ;5180      ;             ;B3_03_6E_5
  100;B3            ;03                   ;7E                   ;Z-RES;E;5       ;0000   ;51       ;5180      ;             ;B3_03_7E_5
  100;B3            ;03                   ;8E                   ;Z-RES;E;5       ;0000   ;51       ;5180      ;             ;B3_03_8E_5
  100;B3            ;03                   ;9E                   ;Z-RES;E;5       ;0000   ;51       ;5180      ;             ;B3_03_9E_5
  100;B3            ;03                   ;AE                   ;Z-RES;E;5       ;0000   ;51       ;5180      ;             ;B3_03_AE_5
  100;B3            ;03                   ;BE                   ;Z-RES;E;5       ;0000   ;51       ;5180      ;             ;B3_03_BE_5
  100;B3            ;03                   ;CE                   ;Z-RES;E;5       ;0000   ;51       ;5180      ;             ;B3_03_CE_5
  100;B3            ;03                   ;DE                   ;Z-RES;E;5       ;0000   ;51       ;5180      ;             ;B3_03_DE_5
  100;B3            ;03                   ;EE                   ;Z-RES;E;5       ;0000   ;51       ;5180      ;             ;B3_03_EE_5
  100;B3            ;04                   ;1E                   ;Z-RES;E;5       ;0000   ;51       ;5180      ;             ;B3_04_1E_5
  100;B3            ;04                   ;2E                   ;Z-RES;E;5       ;0000   ;51       ;5180      ;             ;B3_04_2E_5
  100;B3            ;04                   ;3E                   ;Z-RES;E;5       ;0000   ;51       ;5180      ;             ;B3_04_3E_5
  100;B3            ;04                   ;4E                   ;Z-RES;E;5       ;0000   ;51       ;5180      ;             ;B3_04_4E_5
  100;B3            ;04                   ;5E                   ;Z-RES;E;5       ;0000   ;51       ;5180      ;             ;B3_04_5E_5
  100;B3            ;04                   ;6E                   ;Z-RES;E;5       ;0000   ;51       ;5180      ;             ;B3_04_6E_5
  100;B3            ;04                   ;7E                   ;Z-RES;E;5       ;0000   ;51       ;5180      ;             ;B3_04_7E_5
  100;B3            ;04                   ;8E                   ;Z-RES;E;5       ;0000   ;51       ;5180      ;             ;B3_04_8E_5
  100;B3            ;04                   ;9E                   ;Z-RES;E;5       ;0000   ;51       ;5180      ;             ;B3_04_9E_5
  100;B3            ;04                   ;AE                   ;Z-RES;E;5       ;0000   ;51       ;5180      ;             ;B3_04_AE_5
  100;B3            ;04                   ;BE                   ;Z-RES;E;5       ;0000   ;51       ;5180      ;             ;B3_04_BE_5
  100;B3            ;04                   ;CE                   ;Z-RES;E;5       ;0000   ;51       ;5180      ;             ;B3_04_CE_5
  100;B3            ;04                   ;DE                   ;Z-RES;E;5       ;0000   ;51       ;5180      ;             ;B3_04_DE_5
  100;B3            ;04                   ;EE                   ;Z-RES;E;5       ;0000   ;51       ;5180      ;             ;B3_04_EE_5
  100;B3            ;05                   ;1E                   ;Z-RES;E;5       ;0000   ;51       ;5180      ;             ;B3_05_1E_5
  100;B3            ;05                   ;2E                   ;Z-RES;E;5       ;0000   ;51       ;5180      ;             ;B3_05_2E_5
  100;B3            ;05                   ;3E                   ;Z-RES;E;5       ;0000   ;51       ;5180      ;             ;B3_05_3E_5
  100;B3            ;05                   ;4E                   ;Z-RES;E;5       ;0000   ;51       ;5180      ;             ;B3_05_4E_5
  100;B3            ;05                   ;5E                   ;Z-RES;E;5       ;0000   ;51       ;5180      ;             ;B3_05_5E_5
  100;B3            ;05                   ;6E                   ;Z-RES;E;5       ;0000   ;51       ;5180      ;             ;B3_05_6E_5
  100;B3            ;05                   ;7E                   ;Z-RES;E;5       ;0000   ;51       ;5180      ;             ;B3_05_7E_5
  100;B3            ;05                   ;8E                   ;Z-RES;E;5       ;0000   ;51       ;5180      ;             ;B3_05_8E_5
  100;B3            ;05                   ;9E                   ;Z-RES;E;5       ;0000   ;51       ;5180      ;             ;B3_05_9E_5
  100;B3            ;05                   ;AE                   ;Z-RES;E;5       ;0000   ;51       ;5180      ;             ;B3_05_AE_5
  100;B3            ;05                   ;BE                   ;Z-RES;E;5       ;0000   ;51       ;5180      ;             ;B3_05_BE_5
  100;B3            ;05                   ;CE                   ;Z-RES;E;5       ;0000   ;51       ;5180      ;             ;B3_05_CE_5
  100;B3            ;06                   ;1E                   ;Z-RES;E;5       ;0000   ;51       ;5180      ;             ;B3_06_1E_5
  100;B3            ;06                   ;2E                   ;Z-RES;E;5       ;0000   ;51       ;5180      ;             ;B3_06_2E_5
  100;B3            ;06                   ;3E                   ;Z-RES;E;5       ;0000   ;51       ;5180      ;             ;B3_06_3E_5
  100;B3            ;06                   ;4E                   ;Z-RES;E;5       ;0000   ;51       ;5180      ;             ;B3_06_4E_5
  100;B3            ;06                   ;5E                   ;Z-RES;E;5       ;0000   ;51       ;5180      ;             ;B3_06_5E_5
  100;B3            ;06                   ;6E                   ;Z-RES;E;5       ;0000   ;51       ;5180      ;             ;B3_06_6E_5
  100;B3            ;06                   ;7E                   ;Z-RES;E;5       ;0000   ;51       ;5180      ;             ;B3_06_7E_5
  100;B3            ;06                   ;8E                   ;Z-RES;E;5       ;0000   ;51       ;5180      ;             ;B3_06_8E_5
  100;B3            ;06                   ;9E                   ;Z-RES;E;5       ;0000   ;51       ;5180      ;             ;B3_06_9E_5
  100;B3            ;06                   ;AE                   ;Z-RES;E;5       ;0000   ;51       ;5180      ;             ;B3_06_AE_5
  100;B3            ;06                   ;BE                   ;Z-RES;E;5       ;0000   ;51       ;5180      ;             ;B3_06_BE_5
  100;B3            ;06                   ;CE                   ;Z-RES;E;5       ;0000   ;51       ;5180      ;             ;B3_06_CE_5
  100;B3            ;07                   ;1E                   ;Z-RES;E;5       ;0000   ;51       ;5180      ;             ;B3_07_1E_5
  100;B3            ;07                   ;2E                   ;Z-RES;E;5       ;0000   ;51       ;5180      ;             ;B3_07_2E_5
  100;B3            ;07                   ;3E                   ;Z-RES;E;5       ;0000   ;51       ;5180      ;             ;B3_07_3E_5
  100;B3            ;07                   ;4E                   ;Z-RES;E;5       ;0000   ;51       ;5180      ;             ;B3_07_4E_5
  100;B3            ;07                   ;5E                   ;Z-RES;E;5       ;0000   ;51       ;5180      ;             ;B3_07_5E_5
  100;B3            ;07                   ;6E                   ;Z-RES;E;5       ;0000   ;51       ;5180      ;             ;B3_07_6E_5
  100;B3            ;07                   ;7E                   ;Z-RES;E;5       ;0000   ;51       ;5180      ;             ;B3_07_7E_5
  100;B3            ;07                   ;8E                   ;Z-RES;E;5       ;0000   ;51       ;5180      ;             ;B3_07_8E_5
  100;B3            ;07                   ;9E                   ;Z-RES;E;5       ;0000   ;51       ;5180      ;             ;B3_07_9E_5
  100;B3            ;07                   ;AE                   ;Z-RES;E;5       ;0000   ;51       ;5180      ;             ;B3_07_AE_5
  100;B3            ;07                   ;BE                   ;Z-RES;E;5       ;0000   ;51       ;5180      ;             ;B3_07_BE_5
  100;B3            ;07                   ;CE                   ;Z-RES;E;5       ;0000   ;51       ;5180      ;             ;B3_07_CE_5
  100;B3            ;08                   ;1E                   ;Z-RES;E;5       ;0000   ;51       ;5180      ;             ;B3_08_1E_5
  100;B3            ;08                   ;2E                   ;Z-RES;E;5       ;0000   ;51       ;5180      ;             ;B3_08_2E_5
  100;B3            ;08                   ;3E                   ;Z-RES;E;5       ;0000   ;51       ;5180      ;             ;B3_08_3E_5
  100;B3            ;09                   ;1E                   ;Z-RES;E;5       ;0000   ;51       ;5180      ;             ;B3_09_1E_5
  100;B3            ;09                   ;2E                   ;Z-RES;E;5       ;0000   ;51       ;5180      ;             ;B3_09_2E_5
  100;B3            ;09                   ;3E                   ;Z-RES;E;5       ;0000   ;51       ;5180      ;             ;B3_09_3E_5
  100;B3            ;10                   ;3E                   ;Z-RES;E;5       ;0000   ;51       ;5180      ;             ;B3_10_3E_5
  100;B3            ;11                   ;3E                   ;Z-RES;E;5       ;0000   ;51       ;5180      ;             ;B3_11_3E_5
  100;B3            ;12                   ;3E                   ;Z-RES;E;5       ;0000   ;51       ;5180      ;             ;B3_12_3E_5
  100;B4            ;01                   ;1E                   ;Z-RES;E;5       ;0000   ;51       ;5180      ;             ;B4_01_1E_5
  100;B4            ;01                   ;2E                   ;Z-RES;E;5       ;0000   ;51       ;5180      ;             ;B4_01_2E_5
  100;B4            ;01                   ;3E                   ;Z-RES;E;5       ;0000   ;51       ;5180      ;             ;B4_01_3E_5
  100;B4            ;01                   ;4E                   ;Z-RES;E;5       ;0000   ;51       ;5180      ;             ;B4_01_4E_5
  100;B4            ;01                   ;5E                   ;Z-RES;E;5       ;0000   ;51       ;5180      ;             ;B4_01_5E_5
  100;B4            ;01                   ;6E                   ;Z-RES;E;5       ;0000   ;51       ;5180      ;             ;B4_01_6E_5
  100;B4            ;01                   ;7E                   ;Z-RES;E;5       ;0000   ;51       ;5180      ;             ;B4_01_7E_5
  100;B4            ;01                   ;8E                   ;Z-RES;E;5       ;0000   ;51       ;5180      ;             ;B4_01_8E_5
  100;B4            ;01                   ;9E                   ;Z-RES;E;5       ;0000   ;51       ;5180      ;             ;B4_01_9E_5
  100;B4            ;01                   ;AE                   ;Z-RES;E;5       ;0000   ;51       ;5180      ;             ;B4_01_AE_5
  100;B4            ;01                   ;BE                   ;Z-RES;E;5       ;0000   ;51       ;5180      ;             ;B4_01_BE_5
  100;B4            ;01                   ;CE                   ;Z-RES;E;5       ;0000   ;51       ;5180      ;             ;B4_01_CE_5
  100;B4            ;01                   ;DE                   ;Z-RES;E;5       ;0000   ;51       ;5180      ;             ;B4_01_DE_5
  100;B4            ;01                   ;EE                   ;Z-RES;E;5       ;0000   ;51       ;5180      ;             ;B4_01_EE_5
  100;B4            ;02                   ;1E                   ;Z-RES;E;5       ;0000   ;51       ;5180      ;             ;B4_02_1E_5
  100;B4            ;02                   ;2E                   ;Z-RES;E;5       ;0000   ;51       ;5180      ;             ;B4_02_2E_5
  100;B4            ;02                   ;3E                   ;Z-RES;E;5       ;0000   ;51       ;5180      ;             ;B4_02_3E_5
  100;B4            ;02                   ;4E                   ;Z-RES;E;5       ;0000   ;51       ;5180      ;             ;B4_02_4E_5
  100;B4            ;02                   ;5E                   ;Z-RES;E;5       ;0000   ;51       ;5180      ;             ;B4_02_5E_5
  100;B4            ;02                   ;6E                   ;Z-RES;E;5       ;0000   ;51       ;5180      ;             ;B4_02_6E_5
  100;B4            ;02                   ;7E                   ;Z-RES;E;5       ;0000   ;51       ;5180      ;             ;B4_02_7E_5
  100;B4            ;02                   ;8E                   ;Z-RES;E;5       ;0000   ;51       ;5180      ;             ;B4_02_8E_5
  100;B4            ;02                   ;9E                   ;Z-RES;E;5       ;0000   ;51       ;5180      ;             ;B4_02_9E_5
  100;B4            ;02                   ;AE                   ;Z-RES;E;5       ;0000   ;51       ;5180      ;             ;B4_02_AE_5
  100;B4            ;02                   ;BE                   ;Z-RES;E;5       ;0000   ;51       ;5180      ;             ;B4_02_BE_5
  100;B4            ;02                   ;CE                   ;Z-RES;E;5       ;0000   ;51       ;5180      ;             ;B4_02_CE_5
  100;B4            ;02                   ;DE                   ;Z-RES;E;5       ;0000   ;51       ;5180      ;             ;B4_02_DE_5
  100;B4            ;02                   ;EE                   ;Z-RES;E;5       ;0000   ;51       ;5180      ;             ;B4_02_EE_5
  100;B4            ;03                   ;1E                   ;Z-RES;E;5       ;0000   ;51       ;5180      ;             ;B4_03_1E_5
  100;B4            ;03                   ;2E                   ;Z-RES;E;5       ;0000   ;51       ;5180      ;             ;B4_03_2E_5
  100;B4            ;03                   ;3E                   ;Z-RES;E;5       ;0000   ;51       ;5180      ;             ;B4_03_3E_5
  100;B4            ;03                   ;4E                   ;Z-RES;E;5       ;0000   ;51       ;5180      ;             ;B4_03_4E_5
  100;B4            ;03                   ;5E                   ;Z-RES;E;5       ;0000   ;51       ;5180      ;             ;B4_03_5E_5
  100;B4            ;03                   ;6E                   ;Z-RES;E;5       ;0000   ;51       ;5180      ;             ;B4_03_6E_5
  100;B4            ;03                   ;7E                   ;Z-RES;E;5       ;0000   ;51       ;5180      ;             ;B4_03_7E_5
  100;B4            ;03                   ;8E                   ;Z-RES;E;5       ;0000   ;51       ;5180      ;             ;B4_03_8E_5
  100;B4            ;03                   ;9E                   ;Z-RES;E;5       ;0000   ;51       ;5180      ;             ;B4_03_9E_5
  100;B4            ;03                   ;AE                   ;Z-RES;E;5       ;0000   ;51       ;5180      ;             ;B4_03_AE_5
  100;B4            ;03                   ;BE                   ;Z-RES;E;5       ;0000   ;51       ;5180      ;             ;B4_03_BE_5
  100;B4            ;03                   ;CE                   ;Z-RES;E;5       ;0000   ;51       ;5180      ;             ;B4_03_CE_5
  100;B4            ;03                   ;DE                   ;Z-RES;E;5       ;0000   ;51       ;5180      ;             ;B4_03_DE_5
  100;B4            ;03                   ;EE                   ;Z-RES;E;5       ;0000   ;51       ;5180      ;             ;B4_03_EE_5
  100;B4            ;04                   ;1E                   ;Z-RES;E;5       ;0000   ;51       ;5180      ;             ;B4_04_1E_5
  100;B4            ;04                   ;2E                   ;Z-RES;E;5       ;0000   ;51       ;5180      ;             ;B4_04_2E_5
  100;B4            ;04                   ;3E                   ;Z-RES;E;5       ;0000   ;51       ;5180      ;             ;B4_04_3E_5
  100;B4            ;04                   ;4E                   ;Z-RES;E;5       ;0000   ;51       ;5180      ;             ;B4_04_4E_5
  100;B4            ;04                   ;5E                   ;Z-RES;E;5       ;0000   ;51       ;5180      ;             ;B4_04_5E_5
  100;B4            ;04                   ;6E                   ;Z-RES;E;5       ;0000   ;51       ;5180      ;             ;B4_04_6E_5
  100;B4            ;04                   ;7E                   ;Z-RES;E;5       ;0000   ;51       ;5180      ;             ;B4_04_7E_5
  100;B4            ;04                   ;8E                   ;Z-RES;E;5       ;0000   ;51       ;5180      ;             ;B4_04_8E_5
  100;B4            ;04                   ;9E                   ;Z-RES;E;5       ;0000   ;51       ;5180      ;             ;B4_04_9E_5
  100;B4            ;04                   ;AE                   ;Z-RES;E;5       ;0000   ;51       ;5180      ;             ;B4_04_AE_5
  100;B4            ;04                   ;BE                   ;Z-RES;E;5       ;0000   ;51       ;5180      ;             ;B4_04_BE_5
  100;B4            ;04                   ;CE                   ;Z-RES;E;5       ;0000   ;51       ;5180      ;             ;B4_04_CE_5
  100;B4            ;04                   ;DE                   ;Z-RES;E;5       ;0000   ;51       ;5180      ;             ;B4_04_DE_5
  100;B4            ;04                   ;EE                   ;Z-RES;E;5       ;0000   ;51       ;5180      ;             ;B4_04_EE_5
  100;B4            ;05                   ;1E                   ;Z-RES;E;5       ;0000   ;51       ;5180      ;             ;B4_05_1E_5
  100;B4            ;05                   ;2E                   ;Z-RES;E;5       ;0000   ;51       ;5180      ;             ;B4_05_2E_5
  100;B4            ;05                   ;3E                   ;Z-RES;E;5       ;0000   ;51       ;5180      ;             ;B4_05_3E_5
  100;B4            ;05                   ;4E                   ;Z-RES;E;5       ;0000   ;51       ;5180      ;             ;B4_05_4E_5
  100;B4            ;05                   ;5E                   ;Z-RES;E;5       ;0000   ;51       ;5180      ;             ;B4_05_5E_5
  100;B4            ;05                   ;6E                   ;Z-RES;E;5       ;0000   ;51       ;5180      ;             ;B4_05_6E_5
  100;B4            ;05                   ;7E                   ;Z-RES;E;5       ;0000   ;51       ;5180      ;             ;B4_05_7E_5
  100;B4            ;05                   ;8E                   ;Z-RES;E;5       ;0000   ;51       ;5180      ;             ;B4_05_8E_5
  100;B4            ;05                   ;9E                   ;Z-RES;E;5       ;0000   ;51       ;5180      ;             ;B4_05_9E_5
  100;B4            ;05                   ;AE                   ;Z-RES;E;5       ;0000   ;51       ;5180      ;             ;B4_05_AE_5
  100;B4            ;05                   ;BE                   ;Z-RES;E;5       ;0000   ;51       ;5180      ;             ;B4_05_BE_5
  100;B4            ;05                   ;CE                   ;Z-RES;E;5       ;0000   ;51       ;5180      ;             ;B4_05_CE_5
  100;B4            ;06                   ;1E                   ;Z-RES;E;5       ;0000   ;51       ;5180      ;             ;B4_06_1E_5
  100;B4            ;06                   ;2E                   ;Z-RES;E;5       ;0000   ;51       ;5180      ;             ;B4_06_2E_5
  100;B4            ;06                   ;3E                   ;Z-RES;E;5       ;0000   ;51       ;5180      ;             ;B4_06_3E_5
  100;B4            ;06                   ;4E                   ;Z-RES;E;5       ;0000   ;51       ;5180      ;             ;B4_06_4E_5
  100;B4            ;06                   ;5E                   ;Z-RES;E;5       ;0000   ;51       ;5180      ;             ;B4_06_5E_5
  100;B4            ;06                   ;6E                   ;Z-RES;E;5       ;0000   ;51       ;5180      ;             ;B4_06_6E_5
  100;B4            ;06                   ;7E                   ;Z-RES;E;5       ;0000   ;51       ;5180      ;             ;B4_06_7E_5
  100;B4            ;06                   ;8E                   ;Z-RES;E;5       ;0000   ;51       ;5180      ;             ;B4_06_8E_5
  100;B4            ;06                   ;9E                   ;Z-RES;E;5       ;0000   ;51       ;5180      ;             ;B4_06_9E_5
  100;B4            ;06                   ;AE                   ;Z-RES;E;5       ;0000   ;51       ;5180      ;             ;B4_06_AE_5
  100;B4            ;06                   ;BE                   ;Z-RES;E;5       ;0000   ;51       ;5180      ;             ;B4_06_BE_5
  100;B4            ;06                   ;CE                   ;Z-RES;E;5       ;0000   ;51       ;5180      ;             ;B4_06_CE_5
  100;B4            ;07                   ;1E                   ;Z-RES;E;5       ;0000   ;51       ;5180      ;             ;B4_07_1E_5
  100;B4            ;07                   ;2E                   ;Z-RES;E;5       ;0000   ;51       ;5180      ;             ;B4_07_2E_5
  100;B4            ;07                   ;3E                   ;Z-RES;E;5       ;0000   ;51       ;5180      ;             ;B4_07_3E_5
  100;B4            ;07                   ;4E                   ;Z-RES;E;5       ;0000   ;51       ;5180      ;             ;B4_07_4E_5
  100;B4            ;07                   ;5E                   ;Z-RES;E;5       ;0000   ;51       ;5180      ;             ;B4_07_5E_5
  100;B4            ;07                   ;6E                   ;Z-RES;E;5       ;0000   ;51       ;5180      ;             ;B4_07_6E_5
  100;B4            ;07                   ;7E                   ;Z-RES;E;5       ;0000   ;51       ;5180      ;             ;B4_07_7E_5
  100;B4            ;07                   ;8E                   ;Z-RES;E;5       ;0000   ;51       ;5180      ;             ;B4_07_8E_5
  100;B4            ;07                   ;9E                   ;Z-RES;E;5       ;0000   ;51       ;5180      ;             ;B4_07_9E_5
  100;B4            ;07                   ;AE                   ;Z-RES;E;5       ;0000   ;51       ;5180      ;             ;B4_07_AE_5
  100;B4            ;07                   ;BE                   ;Z-RES;E;5       ;0000   ;51       ;5180      ;             ;B4_07_BE_5
  100;B4            ;07                   ;CE                   ;Z-RES;E;5       ;0000   ;51       ;5180      ;             ;B4_07_CE_5
  100;B4            ;08                   ;1E                   ;Z-RES;E;5       ;0000   ;51       ;5180      ;             ;B4_08_1E_5
  100;B4            ;08                   ;2E                   ;Z-RES;E;5       ;0000   ;51       ;5180      ;             ;B4_08_2E_5
  100;B4            ;08                   ;3E                   ;Z-RES;E;5       ;0000   ;51       ;5180      ;             ;B4_08_3E_5
  100;B4            ;09                   ;1E                   ;Z-RES;E;5       ;0000   ;51       ;5180      ;             ;B4_09_1E_5
  100;B4            ;09                   ;2E                   ;Z-RES;E;5       ;0000   ;51       ;5180      ;             ;B4_09_2E_5
  100;B4            ;09                   ;3E                   ;Z-RES;E;5       ;0000   ;51       ;5180      ;             ;B4_09_3E_5
  100;B4            ;10                   ;3E                   ;Z-RES;E;5       ;0000   ;51       ;5180      ;             ;B4_10_3E_5
  100;B4            ;11                   ;3E                   ;Z-RES;E;5       ;0000   ;51       ;5180      ;             ;B4_11_3E_5
  100;B5            ;01                   ;1E                   ;Z-RES;E;5       ;0000   ;51       ;5180      ;             ;B5_01_1E_5
  100;B5            ;01                   ;2E                   ;Z-RES;E;5       ;0000   ;51       ;5180      ;             ;B5_01_2E_5
  100;B5            ;01                   ;3E                   ;Z-RES;E;5       ;0000   ;51       ;5180      ;             ;B5_01_3E_5
  100;B5            ;01                   ;4E                   ;Z-RES;E;5       ;0000   ;51       ;5180      ;             ;B5_01_4E_5
  100;B5            ;01                   ;5E                   ;Z-RES;E;5       ;0000   ;51       ;5180      ;             ;B5_01_5E_5
  100;B5            ;01                   ;6E                   ;Z-RES;E;5       ;0000   ;51       ;5180      ;             ;B5_01_6E_5
  100;B5            ;01                   ;7E                   ;Z-RES;E;5       ;0000   ;51       ;5180      ;             ;B5_01_7E_5
  100;B5            ;01                   ;8E                   ;Z-RES;E;5       ;0000   ;51       ;5180      ;             ;B5_01_8E_5
  100;B5            ;01                   ;9E                   ;Z-RES;E;5       ;0000   ;51       ;5180      ;             ;B5_01_9E_5
  100;B5            ;01                   ;AE                   ;Z-RES;E;5       ;0000   ;51       ;5180      ;             ;B5_01_AE_5
  100;B5            ;01                   ;BE                   ;Z-RES;E;5       ;0000   ;51       ;5180      ;             ;B5_01_BE_5
  100;B5            ;01                   ;CE                   ;Z-RES;E;5       ;0000   ;51       ;5180      ;             ;B5_01_CE_5
  100;B5            ;02                   ;1E                   ;Z-RES;E;5       ;0000   ;51       ;5180      ;             ;B5_02_1E_5
  100;B5            ;02                   ;2E                   ;Z-RES;E;5       ;0000   ;51       ;5180      ;             ;B5_02_2E_5
  100;B5            ;02                   ;3E                   ;Z-RES;E;5       ;0000   ;51       ;5180      ;             ;B5_02_3E_5
  100;B5            ;02                   ;4E                   ;Z-RES;E;5       ;0000   ;51       ;5180      ;             ;B5_02_4E_5
  100;B5            ;02                   ;5E                   ;Z-RES;E;5       ;0000   ;51       ;5180      ;             ;B5_02_5E_5
  100;B5            ;02                   ;6E                   ;Z-RES;E;5       ;0000   ;51       ;5180      ;             ;B5_02_6E_5
  100;B5            ;02                   ;7E                   ;Z-RES;E;5       ;0000   ;51       ;5180      ;             ;B5_02_7E_5
  100;B5            ;02                   ;8E                   ;Z-RES;E;5       ;0000   ;51       ;5180      ;             ;B5_02_8E_5
  100;B5            ;02                   ;9E                   ;Z-RES;E;5       ;0000   ;51       ;5180      ;             ;B5_02_9E_5
  100;B5            ;02                   ;AE                   ;Z-RES;E;5       ;0000   ;51       ;5180      ;             ;B5_02_AE_5
  100;B5            ;02                   ;BE                   ;Z-RES;E;5       ;0000   ;51       ;5180      ;             ;B5_02_BE_5
  100;B5            ;02                   ;CE                   ;Z-RES;E;5       ;0000   ;51       ;5180      ;             ;B5_02_CE_5
  100;B5            ;03                   ;1E                   ;Z-RES;E;5       ;0000   ;51       ;5180      ;             ;B5_03_1E_5
  100;B5            ;03                   ;2E                   ;Z-RES;E;5       ;0000   ;51       ;5180      ;             ;B5_03_2E_5
  100;B5            ;03                   ;3E                   ;Z-RES;E;5       ;0000   ;51       ;5180      ;             ;B5_03_3E_5
  100;B5            ;03                   ;4E                   ;Z-RES;E;5       ;0000   ;51       ;5180      ;             ;B5_03_4E_5
  100;B5            ;03                   ;5E                   ;Z-RES;E;5       ;0000   ;51       ;5180      ;             ;B5_03_5E_5
  100;B5            ;03                   ;6E                   ;Z-RES;E;5       ;0000   ;51       ;5180      ;             ;B5_03_6E_5
  100;B5            ;03                   ;7E                   ;Z-RES;E;5       ;0000   ;51       ;5180      ;             ;B5_03_7E_5
  100;B5            ;03                   ;8E                   ;Z-RES;E;5       ;0000   ;51       ;5180      ;             ;B5_03_8E_5
  100;B5            ;03                   ;9E                   ;Z-RES;E;5       ;0000   ;51       ;5180      ;             ;B5_03_9E_5
  100;B5            ;03                   ;AE                   ;Z-RES;E;5       ;0000   ;51       ;5180      ;             ;B5_03_AE_5
  100;B5            ;03                   ;BE                   ;Z-RES;E;5       ;0000   ;51       ;5180      ;             ;B5_03_BE_5
  100;B5            ;03                   ;CE                   ;Z-RES;E;5       ;0000   ;51       ;5180      ;             ;B5_03_CE_5
  100;B5            ;04                   ;1E                   ;Z-RES;E;5       ;0000   ;51       ;5180      ;             ;B5_04_1E_5
  100;B5            ;04                   ;2E                   ;Z-RES;E;5       ;0000   ;51       ;5180      ;             ;B5_04_2E_5
  100;B5            ;04                   ;3E                   ;Z-RES;E;5       ;0000   ;51       ;5180      ;             ;B5_04_3E_5
  100;B5            ;04                   ;4E                   ;Z-RES;E;5       ;0000   ;51       ;5180      ;             ;B5_04_4E_5
  100;B5            ;04                   ;5E                   ;Z-RES;E;5       ;0000   ;51       ;5180      ;             ;B5_04_5E_5
  100;B5            ;04                   ;6E                   ;Z-RES;E;5       ;0000   ;51       ;5180      ;             ;B5_04_6E_5
  100;B5            ;04                   ;7E                   ;Z-RES;E;5       ;0000   ;51       ;5180      ;             ;B5_04_7E_5
  100;B5            ;04                   ;8E                   ;Z-RES;E;5       ;0000   ;51       ;5180      ;             ;B5_04_8E_5
  100;B5            ;04                   ;9E                   ;Z-RES;E;5       ;0000   ;51       ;5180      ;             ;B5_04_9E_5
  100;B5            ;04                   ;AE                   ;Z-RES;E;5       ;0000   ;51       ;5180      ;             ;B5_04_AE_5
  100;B5            ;04                   ;BE                   ;Z-RES;E;5       ;0000   ;51       ;5180      ;             ;B5_04_BE_5
  100;B5            ;04                   ;CE                   ;Z-RES;E;5       ;0000   ;51       ;5180      ;             ;B5_04_CE_5
  100;B5            ;05                   ;1E                   ;Z-RES;E;5       ;0000   ;51       ;5180      ;             ;B5_05_1E_5
  100;B5            ;05                   ;2E                   ;Z-RES;E;5       ;0000   ;51       ;5180      ;             ;B5_05_2E_5
  100;B5            ;05                   ;3E                   ;Z-RES;E;5       ;0000   ;51       ;5180      ;             ;B5_05_3E_5
  100;B5            ;05                   ;4E                   ;Z-RES;E;5       ;0000   ;51       ;5180      ;             ;B5_05_4E_5
  100;B5            ;05                   ;5E                   ;Z-RES;E;5       ;0000   ;51       ;5180      ;             ;B5_05_5E_5
  100;B5            ;05                   ;6E                   ;Z-RES;E;5       ;0000   ;51       ;5180      ;             ;B5_05_6E_5
  100;B5            ;05                   ;7E                   ;Z-RES;E;5       ;0000   ;51       ;5180      ;             ;B5_05_7E_5
  100;B5            ;05                   ;8E                   ;Z-RES;E;5       ;0000   ;51       ;5180      ;             ;B5_05_8E_5
  100;B5            ;05                   ;9E                   ;Z-RES;E;5       ;0000   ;51       ;5180      ;             ;B5_05_9E_5
  100;B5            ;05                   ;AE                   ;Z-RES;E;5       ;0000   ;51       ;5180      ;             ;B5_05_AE_5
  100;B5            ;05                   ;BE                   ;Z-RES;E;5       ;0000   ;51       ;5180      ;             ;B5_05_BE_5
  100;B5            ;05                   ;CE                   ;Z-RES;E;5       ;0000   ;51       ;5180      ;             ;B5_05_CE_5
  100;B5            ;06                   ;1E                   ;Z-RES;E;5       ;0000   ;51       ;5180      ;             ;B5_06_1E_5
  100;B5            ;06                   ;2E                   ;Z-RES;E;5       ;0000   ;51       ;5180      ;             ;B5_06_2E_5
  100;B5            ;06                   ;3E                   ;Z-RES;E;5       ;0000   ;51       ;5180      ;             ;B5_06_3E_5
  100;B5            ;06                   ;4E                   ;Z-RES;E;5       ;0000   ;51       ;5180      ;             ;B5_06_4E_5
  100;B5            ;06                   ;5E                   ;Z-RES;E;5       ;0000   ;51       ;5180      ;             ;B5_06_5E_5
  100;B5            ;06                   ;6E                   ;Z-RES;E;5       ;0000   ;51       ;5180      ;             ;B5_06_6E_5
  100;B5            ;06                   ;7E                   ;Z-RES;E;5       ;0000   ;51       ;5180      ;             ;B5_06_7E_5
  100;B5            ;06                   ;8E                   ;Z-RES;E;5       ;0000   ;51       ;5180      ;             ;B5_06_8E_5
  100;B5            ;06                   ;9E                   ;Z-RES;E;5       ;0000   ;51       ;5180      ;             ;B5_06_9E_5
  100;B5            ;06                   ;AE                   ;Z-RES;E;5       ;0000   ;51       ;5180      ;             ;B5_06_AE_5
  100;B5            ;06                   ;BE                   ;Z-RES;E;5       ;0000   ;51       ;5180      ;             ;B5_06_BE_5
  100;B5            ;06                   ;CE                   ;Z-RES;E;5       ;0000   ;51       ;5180      ;             ;B5_06_CE_5
  100;B5            ;07                   ;1E                   ;Z-RES;E;5       ;0000   ;51       ;5180      ;             ;B5_07_1E_5
  100;B5            ;07                   ;2E                   ;Z-RES;E;5       ;0000   ;51       ;5180      ;             ;B5_07_2E_5
  100;B5            ;07                   ;3E                   ;Z-RES;E;5       ;0000   ;51       ;5180      ;             ;B5_07_3E_5
  100;B5            ;07                   ;4E                   ;Z-RES;E;5       ;0000   ;51       ;5180      ;             ;B5_07_4E_5
  100;B5            ;07                   ;5E                   ;Z-RES;E;5       ;0000   ;51       ;5180      ;             ;B5_07_5E_5
  100;B5            ;07                   ;6E                   ;Z-RES;E;5       ;0000   ;51       ;5180      ;             ;B5_07_6E_5
  100;B5            ;07                   ;7E                   ;Z-RES;E;5       ;0000   ;51       ;5180      ;             ;B5_07_7E_5
  100;B5            ;07                   ;8E                   ;Z-RES;E;5       ;0000   ;51       ;5180      ;             ;B5_07_8E_5
  100;B5            ;07                   ;9E                   ;Z-RES;E;5       ;0000   ;51       ;5180      ;             ;B5_07_9E_5
  100;B5            ;07                   ;AE                   ;Z-RES;E;5       ;0000   ;51       ;5180      ;             ;B5_07_AE_5
  100;B5            ;07                   ;BE                   ;Z-RES;E;5       ;0000   ;51       ;5180      ;             ;B5_07_BE_5
  100;B5            ;07                   ;CE                   ;Z-RES;E;5       ;0000   ;51       ;5180      ;             ;B5_07_CE_5
  100;B5            ;08                   ;3E                   ;Z-RES;E;5       ;0000   ;51       ;5180      ;             ;B5_08_3E_5
  100;B5            ;09                   ;3E                   ;Z-RES;E;5       ;0000   ;51       ;5180      ;             ;B5_09_3E_5
  100;B5            ;10                   ;3E                   ;Z-RES;E;5       ;0000   ;51       ;5180      ;             ;B5_10_3E_5
  100;B6            ;01                   ;1E                   ;Z-RES;E;5       ;0000   ;51       ;5180      ;             ;B6_01_1E_5
  100;B6            ;01                   ;2E                   ;Z-RES;E;5       ;0000   ;51       ;5180      ;             ;B6_01_2E_5
  100;B6            ;01                   ;3E                   ;Z-RES;E;5       ;0000   ;51       ;5180      ;             ;B6_01_3E_5
  100;B6            ;01                   ;4E                   ;Z-RES;E;5       ;0000   ;51       ;5180      ;             ;B6_01_4E_5
  100;B6            ;01                   ;5E                   ;Z-RES;E;5       ;0000   ;51       ;5180      ;             ;B6_01_5E_5
  100;B6            ;01                   ;6E                   ;Z-RES;E;5       ;0000   ;51       ;5180      ;             ;B6_01_6E_5
  100;B6            ;01                   ;7E                   ;Z-RES;E;5       ;0000   ;51       ;5180      ;             ;B6_01_7E_5
  100;B6            ;01                   ;8E                   ;Z-RES;E;5       ;0000   ;51       ;5180      ;             ;B6_01_8E_5
  100;B6            ;01                   ;9E                   ;Z-RES;E;5       ;0000   ;51       ;5180      ;             ;B6_01_9E_5
  100;B6            ;01                   ;AE                   ;Z-RES;E;5       ;0000   ;51       ;5180      ;             ;B6_01_AE_5
  100;B6            ;01                   ;BE                   ;Z-RES;E;5       ;0000   ;51       ;5180      ;             ;B6_01_BE_5
  100;B6            ;01                   ;CE                   ;Z-RES;E;5       ;0000   ;51       ;5180      ;             ;B6_01_CE_5
  100;B6            ;02                   ;1E                   ;Z-RES;E;5       ;0000   ;51       ;5180      ;             ;B6_02_1E_5
  100;B6            ;02                   ;2E                   ;Z-RES;E;5       ;0000   ;51       ;5180      ;             ;B6_02_2E_5
  100;B6            ;02                   ;3E                   ;Z-RES;E;5       ;0000   ;51       ;5180      ;             ;B6_02_3E_5
  100;B6            ;02                   ;4E                   ;Z-RES;E;5       ;0000   ;51       ;5180      ;             ;B6_02_4E_5
  100;B6            ;02                   ;5E                   ;Z-RES;E;5       ;0000   ;51       ;5180      ;             ;B6_02_5E_5
  100;B6            ;02                   ;6E                   ;Z-RES;E;5       ;0000   ;51       ;5180      ;             ;B6_02_6E_5
  100;B6            ;02                   ;7E                   ;Z-RES;E;5       ;0000   ;51       ;5180      ;             ;B6_02_7E_5
  100;B6            ;02                   ;8E                   ;Z-RES;E;5       ;0000   ;51       ;5180      ;             ;B6_02_8E_5
  100;B6            ;02                   ;9E                   ;Z-RES;E;5       ;0000   ;51       ;5180      ;             ;B6_02_9E_5
  100;B6            ;02                   ;AE                   ;Z-RES;E;5       ;0000   ;51       ;5180      ;             ;B6_02_AE_5
  100;B6            ;02                   ;BE                   ;Z-RES;E;5       ;0000   ;51       ;5180      ;             ;B6_02_BE_5
  100;B6            ;02                   ;CE                   ;Z-RES;E;5       ;0000   ;51       ;5180      ;             ;B6_02_CE_5
  100;B6            ;03                   ;1E                   ;Z-RES;E;5       ;0000   ;51       ;5180      ;             ;B6_03_1E_5
  100;B6            ;03                   ;2E                   ;Z-RES;E;5       ;0000   ;51       ;5180      ;             ;B6_03_2E_5
  100;B6            ;03                   ;3E                   ;Z-RES;E;5       ;0000   ;51       ;5180      ;             ;B6_03_3E_5
  100;B6            ;03                   ;4E                   ;Z-RES;E;5       ;0000   ;51       ;5180      ;             ;B6_03_4E_5
  100;B6            ;03                   ;5E                   ;Z-RES;E;5       ;0000   ;51       ;5180      ;             ;B6_03_5E_5
  100;B6            ;03                   ;6E                   ;Z-RES;E;5       ;0000   ;51       ;5180      ;             ;B6_03_6E_5
  100;B6            ;03                   ;7E                   ;Z-RES;E;5       ;0000   ;51       ;5180      ;             ;B6_03_7E_5
  100;B6            ;03                   ;8E                   ;Z-RES;E;5       ;0000   ;51       ;5180      ;             ;B6_03_8E_5
  100;B6            ;03                   ;9E                   ;Z-RES;E;5       ;0000   ;51       ;5180      ;             ;B6_03_9E_5
  100;B6            ;03                   ;AE                   ;Z-RES;E;5       ;0000   ;51       ;5180      ;             ;B6_03_AE_5
  100;B6            ;03                   ;BE                   ;Z-RES;E;5       ;0000   ;51       ;5180      ;             ;B6_03_BE_5
  100;B6            ;03                   ;CE                   ;Z-RES;E;5       ;0000   ;51       ;5180      ;             ;B6_03_CE_5
  100;B6            ;04                   ;1E                   ;Z-RES;E;5       ;0000   ;51       ;5180      ;             ;B6_04_1E_5
  100;B6            ;04                   ;2E                   ;Z-RES;E;5       ;0000   ;51       ;5180      ;             ;B6_04_2E_5
  100;B6            ;04                   ;3E                   ;Z-RES;E;5       ;0000   ;51       ;5180      ;             ;B6_04_3E_5
  100;B6            ;04                   ;4E                   ;Z-RES;E;5       ;0000   ;51       ;5180      ;             ;B6_04_4E_5
  100;B6            ;04                   ;5E                   ;Z-RES;E;5       ;0000   ;51       ;5180      ;             ;B6_04_5E_5
  100;B6            ;04                   ;6E                   ;Z-RES;E;5       ;0000   ;51       ;5180      ;             ;B6_04_6E_5
  100;B6            ;04                   ;7E                   ;Z-RES;E;5       ;0000   ;51       ;5180      ;             ;B6_04_7E_5
  100;B6            ;04                   ;8E                   ;Z-RES;E;5       ;0000   ;51       ;5180      ;             ;B6_04_8E_5
  100;B6            ;04                   ;9E                   ;Z-RES;E;5       ;0000   ;51       ;5180      ;             ;B6_04_9E_5
  100;B6            ;04                   ;AE                   ;Z-RES;E;5       ;0000   ;51       ;5180      ;             ;B6_04_AE_5
  100;B6            ;04                   ;BE                   ;Z-RES;E;5       ;0000   ;51       ;5180      ;             ;B6_04_BE_5
  100;B6            ;04                   ;CE                   ;Z-RES;E;5       ;0000   ;51       ;5180      ;             ;B6_04_CE_5
  100;B6            ;05                   ;1E                   ;Z-RES;E;5       ;0000   ;51       ;5180      ;             ;B6_05_1E_5
  100;B6            ;05                   ;2E                   ;Z-RES;E;5       ;0000   ;51       ;5180      ;             ;B6_05_2E_5
  100;B6            ;05                   ;3E                   ;Z-RES;E;5       ;0000   ;51       ;5180      ;             ;B6_05_3E_5
  100;B6            ;05                   ;4E                   ;Z-RES;E;5       ;0000   ;51       ;5180      ;             ;B6_05_4E_5
  100;B6            ;05                   ;5E                   ;Z-RES;E;5       ;0000   ;51       ;5180      ;             ;B6_05_5E_5
  100;B6            ;05                   ;6E                   ;Z-RES;E;5       ;0000   ;51       ;5180      ;             ;B6_05_6E_5
  100;B6            ;05                   ;7E                   ;Z-RES;E;5       ;0000   ;51       ;5180      ;             ;B6_05_7E_5
  100;B6            ;05                   ;8E                   ;Z-RES;E;5       ;0000   ;51       ;5180      ;             ;B6_05_8E_5
  100;B6            ;05                   ;9E                   ;Z-RES;E;5       ;0000   ;51       ;5180      ;             ;B6_05_9E_5
  100;B6            ;05                   ;AE                   ;Z-RES;E;5       ;0000   ;51       ;5180      ;             ;B6_05_AE_5
  100;B6            ;05                   ;BE                   ;Z-RES;E;5       ;0000   ;51       ;5180      ;             ;B6_05_BE_5
  100;B6            ;05                   ;CE                   ;Z-RES;E;5       ;0000   ;51       ;5180      ;             ;B6_05_CE_5
  100;B6            ;06                   ;2E                   ;Z-RES;E;5       ;0000   ;51       ;5180      ;             ;B6_06_2E_5
  100;B6            ;07                   ;3E                   ;Z-RES;E;5       ;0000   ;51       ;5180      ;             ;B6_07_3E_5
  100;B6            ;08                   ;3E                   ;Z-RES;E;5       ;0000   ;51       ;5180      ;             ;B6_08_3E_5
  100;B6            ;09                   ;3E                   ;Z-RES;E;5       ;0000   ;51       ;5180      ;             ;B6_09_3E_5
  100;B6            ;10                   ;3E                   ;Z-RES;E;5       ;0000   ;51       ;5180      ;             ;B6_10_3E_5
  100;B7            ;01                   ;1E                   ;Z-RES;E;5       ;0000   ;51       ;5180      ;             ;B7_01_1E_5
  100;B7            ;01                   ;2E                   ;Z-RES;E;5       ;0000   ;51       ;5180      ;             ;B7_01_2E_5
  100;B7            ;01                   ;3E                   ;Z-RES;E;5       ;0000   ;51       ;5180      ;             ;B7_01_3E_5
  100;B7            ;01                   ;4E                   ;Z-RES;E;5       ;0000   ;51       ;5180      ;             ;B7_01_4E_5
  100;B7            ;02                   ;1E                   ;Z-RES;E;5       ;0000   ;51       ;5180      ;             ;B7_02_1E_5
  100;B7            ;02                   ;2E                   ;Z-RES;E;5       ;0000   ;51       ;5180      ;             ;B7_02_2E_5
  100;B7            ;02                   ;3E                   ;Z-RES;E;5       ;0000   ;51       ;5180      ;             ;B7_02_3E_5
  100;B7            ;02                   ;4E                   ;Z-RES;E;5       ;0000   ;51       ;5180      ;             ;B7_02_4E_5
  100;B7            ;03                   ;1E                   ;Z-RES;E;5       ;0000   ;51       ;5180      ;             ;B7_03_1E_5
  100;B7            ;03                   ;2E                   ;Z-RES;E;5       ;0000   ;51       ;5180      ;             ;B7_03_2E_5
  100;B7            ;03                   ;3E                   ;Z-RES;E;5       ;0000   ;51       ;5180      ;             ;B7_03_3E_5
  100;B7            ;03                   ;4E                   ;Z-RES;E;5       ;0000   ;51       ;5180      ;             ;B7_03_4E_5
  100;B7            ;04                   ;1E                   ;Z-RES;E;5       ;0000   ;51       ;5180      ;             ;B7_04_1E_5
  100;B7            ;04                   ;2E                   ;Z-RES;E;5       ;0000   ;51       ;5180      ;             ;B7_04_2E_5
  100;B7            ;04                   ;4E                   ;Z-RES;E;5       ;0000   ;51       ;5180      ;             ;B7_04_4E_5
  100;B8            ;01                   ;1E                   ;Z-RES;E;5       ;0000   ;51       ;5180      ;             ;B8_01_1E_5
  100;B8            ;01                   ;2E                   ;Z-RES;E;5       ;0000   ;51       ;5180      ;             ;B8_01_2E_5
  100;B8            ;01                   ;4E                   ;Z-RES;E;5       ;0000   ;51       ;5180      ;             ;B8_01_4E_5
  100;B8            ;02                   ;1E                   ;Z-RES;E;5       ;0000   ;51       ;5180      ;             ;B8_02_1E_5
  100;B8            ;02                   ;2E                   ;Z-RES;E;5       ;0000   ;51       ;5180      ;             ;B8_02_2E_5
  100;B8            ;02                   ;3E                   ;Z-RES;E;5       ;0000   ;51       ;5180      ;             ;B8_02_3E_5
  100;B8            ;02                   ;4E                   ;Z-RES;E;5       ;0000   ;51       ;5180      ;             ;B8_02_4E_5
  100;B8            ;03                   ;1E                   ;Z-RES;E;5       ;0000   ;51       ;5180      ;             ;B8_03_1E_5
  100;B8            ;03                   ;2E                   ;Z-RES;E;5       ;0000   ;51       ;5180      ;             ;B8_03_2E_5
  100;B8            ;03                   ;3E                   ;Z-RES;E;5       ;0000   ;51       ;5180      ;             ;B8_03_3E_5
  100;B8            ;03                   ;4E                   ;Z-RES;E;5       ;0000   ;51       ;5180      ;             ;B8_03_4E_5
  100;B8            ;04                   ;1E                   ;Z-RES;E;5       ;0000   ;51       ;5180      ;             ;B8_04_1E_5
  100;B8            ;04                   ;2E                   ;Z-RES;E;5       ;0000   ;51       ;5180      ;             ;B8_04_2E_5
  100;B8            ;04                   ;4E                   ;Z-RES;E;5       ;0000   ;51       ;5180      ;             ;B8_04_4E_5
  100;BA            ;01                   ;0E                   ;Z-RES;E;5       ;0000   ;51       ;5180      ;BAT          ;BA_01_0E_5
  100;BA            ;02                   ;0E                   ;Z-RES;E;5       ;0000   ;51       ;5180      ;BAT          ;BA_02_0E_5
  100;BA            ;03                   ;0E                   ;Z-RES;E;5       ;0000   ;51       ;5180      ;BAT          ;BA_03_0E_5
  100;BA            ;04                   ;0E                   ;Z-RES;E;5       ;0000   ;51       ;5180      ;BAT          ;BA_04_0E_5
  100;BA            ;05                   ;0E                   ;Z-RES;E;5       ;0000   ;51       ;5180      ;BAT          ;BA_05_0E_5
  100;BA            ;06                   ;0E                   ;Z-RES;E;5       ;0000   ;51       ;5180      ;BAT          ;BA_06_0E_5
  100;BA            ;07                   ;0E                   ;Z-RES;E;5       ;0000   ;51       ;5180      ;BAT          ;BA_07_0E_5
  100;BA            ;08                   ;0E                   ;Z-RES;E;5       ;0000   ;51       ;5180      ;BAT          ;BA_08_0E_5
  100;BA            ;09                   ;0E                   ;Z-RES;E;5       ;0000   ;51       ;5180      ;BAT          ;BA_09_0E_5
  100;BA            ;10                   ;0E                   ;Z-RES;E;5       ;0000   ;51       ;5180      ;BAT          ;BA_10_0E_5
  100;BA            ;11                   ;0E                   ;Z-RES;E;5       ;0000   ;51       ;5180      ;BAT          ;BA_11_0E_5
  100;BA            ;12                   ;0E                   ;Z-RES;E;5       ;0000   ;51       ;5180      ;BAT          ;BA_12_0E_5
  100;BA            ;13                   ;0E                   ;Z-RES;E;5       ;0000   ;51       ;5180      ;BAT          ;BA_13_0E_5
  100;BA            ;14                   ;0E                   ;Z-RES;E;5       ;0000   ;51       ;5180      ;BAT          ;BA_14_0E_5
  100;BA            ;15                   ;0E                   ;Z-RES;E;5       ;0000   ;51       ;5180      ;BAT          ;BA_15_0E_5
  100;BA            ;16                   ;0E                   ;Z-RES;E;5       ;0000   ;51       ;5180      ;BAT          ;BA_16_0E_5
  100;BA            ;17                   ;0E                   ;Z-RES;E;5       ;0000   ;51       ;5180      ;BAT          ;BA_17_0E_5
  100;BA            ;18                   ;0E                   ;Z-RES;E;5       ;0000   ;51       ;5180      ;BAT          ;BA_18_0E_5
  100;BA            ;19                   ;0E                   ;Z-RES;E;5       ;0000   ;51       ;5180      ;BAT          ;BA_19_0E_5
  100;BA            ;20                   ;0E                   ;Z-RES;E;5       ;0000   ;51       ;5180      ;BAT          ;BA_20_0E_5
  100;BA            ;21                   ;0E                   ;Z-RES;E;5       ;0000   ;51       ;5180      ;BAT          ;BA_21_0E_5
  100;BA            ;22                   ;0E                   ;Z-RES;E;5       ;0000   ;51       ;5180      ;BAT          ;BA_22_0E_5
  100;BA            ;23                   ;0E                   ;Z-RES;E;5       ;0000   ;51       ;5180      ;BAT          ;BA_23_0E_5
  100;BA            ;24                   ;0E                   ;Z-RES;E;5       ;0000   ;51       ;5180      ;BAT          ;BA_24_0E_5
  100;BA            ;25                   ;0E                   ;Z-RES;E;5       ;0000   ;51       ;5180      ;BAT          ;BA_25_0E_5
  100;BA            ;26                   ;0E                   ;Z-RES;E;5       ;0000   ;51       ;5180      ;BAT          ;BA_26_0E_5
  100;BA            ;27                   ;0E                   ;Z-RES;E;5       ;0000   ;51       ;5180      ;BAT          ;BA_27_0E_5
  100;BA            ;28                   ;0E                   ;Z-RES;E;5       ;0000   ;51       ;5180      ;BAT          ;BA_28_0E_5
  100;BA            ;29                   ;0E                   ;Z-RES;E;5       ;0000   ;51       ;5180      ;BAT          ;BA_29_0E_5
  100;BA            ;30                   ;0E                   ;Z-RES;E;5       ;0000   ;51       ;5180      ;BAT          ;BA_30_0E_5
  100;BA            ;31                   ;0E                   ;Z-RES;E;5       ;0000   ;51       ;5180      ;BAT          ;BA_31_0E_5
  100;BA            ;32                   ;0E                   ;Z-RES;E;5       ;0000   ;51       ;5180      ;BAT          ;BA_32_0E_5
  100;BA            ;33                   ;0E                   ;Z-RES;E;5       ;0000   ;51       ;5180      ;BAT          ;BA_33_0E_5
  100;BA            ;34                   ;0E                   ;Z-RES;E;5       ;0000   ;51       ;5180      ;BAT          ;BA_34_0E_5
  100;BA            ;35                   ;0E                   ;Z-RES;E;5       ;0000   ;51       ;5180      ;BAT          ;BA_35_0E_5
  100;BA            ;36                   ;0E                   ;Z-RES;E;5       ;0000   ;51       ;5180      ;BAT          ;BA_36_0E_5
  100;BA            ;37                   ;0E                   ;Z-RES;E;5       ;0000   ;51       ;5180      ;BAT          ;BA_37_0E_5
  100;BA            ;38                   ;0E                   ;Z-RES;E;5       ;0000   ;51       ;5180      ;BAT          ;BA_38_0E_5
  100;BA            ;39                   ;0E                   ;Z-RES;E;5       ;0000   ;51       ;5180      ;BAT          ;BA_39_0E_5
  100;BA            ;40                   ;0E                   ;Z-RES;E;5       ;0000   ;51       ;5180      ;BAT          ;BA_40_0E_5
  100;BA            ;41                   ;0E                   ;Z-RES;E;5       ;0000   ;51       ;5180      ;BAT          ;BA_41_0E_5
  100;BA            ;42                   ;0E                   ;Z-RES;E;5       ;0000   ;51       ;5180      ;BAT          ;BA_42_0E_5
  100;BB            ;BA                   ;01                   ;Z-RES;E;6       ;0000   ;51       ;5180      ;             ;BB_BA_01_6
  100;BB            ;BA                   ;02                   ;Z-RES;E;6       ;0000   ;51       ;5180      ;             ;BB_BA_02_6
  100;BB            ;BA                   ;03                   ;Z-RES;E;6       ;0000   ;51       ;5180      ;             ;BB_BA_03_6
  100;BB            ;BA                   ;04                   ;Z-RES;E;6       ;0000   ;51       ;5180      ;             ;BB_BA_04_6
  100;BB            ;BA                   ;05                   ;Z-RES;E;6       ;0000   ;51       ;5180      ;             ;BB_BA_05_6
  100;BB            ;BA                   ;06                   ;Z-RES;E;6       ;0000   ;51       ;5180      ;             ;BB_BA_06_6
  100;BB            ;BA                   ;07                   ;Z-RES;E;6       ;0000   ;51       ;5180      ;             ;BB_BA_07_6
  100;BB            ;BA                   ;08                   ;Z-RES;E;6       ;0000   ;51       ;5180      ;             ;BB_BA_08_6
  100;BB            ;BA                   ;09                   ;Z-RES;E;6       ;0000   ;51       ;5180      ;             ;BB_BA_09_6
  100;BB            ;BA                   ;10                   ;Z-RES;E;6       ;0000   ;51       ;5180      ;             ;BB_BA_10_6
  100;BB            ;BA                   ;11                   ;Z-RES;E;6       ;0000   ;51       ;5180      ;             ;BB_BA_11_6
  100;BB            ;BA                   ;12                   ;Z-RES;E;6       ;0000   ;51       ;5180      ;             ;BB_BA_12_6
  100;BB            ;BA                   ;13                   ;Z-RES;E;6       ;0000   ;51       ;5180      ;             ;BB_BA_13_6
  100;BB            ;BA                   ;14                   ;Z-RES;E;6       ;0000   ;51       ;5180      ;             ;BB_BA_14_6
  100;BB            ;BA                   ;15                   ;Z-RES;E;6       ;0000   ;51       ;5180      ;             ;BB_BA_15_6
  100;BB            ;BA                   ;16                   ;Z-RES;E;6       ;0000   ;51       ;5180      ;             ;BB_BA_16_6
  100;BB            ;BA                   ;17                   ;Z-RES;E;6       ;0000   ;51       ;5180      ;             ;BB_BA_17_6
  100;BB            ;BA                   ;18                   ;Z-RES;E;6       ;0000   ;51       ;5180      ;             ;BB_BA_18_6
  100;BB            ;BA                   ;19                   ;Z-RES;E;6       ;0000   ;51       ;5180      ;             ;BB_BA_19_6
  100;BB            ;BA                   ;20                   ;Z-RES;E;6       ;0000   ;51       ;5180      ;             ;BB_BA_20_6
  100;BB            ;BA                   ;21                   ;Z-RES;E;6       ;0000   ;51       ;5180      ;             ;BB_BA_21_6
  100;BB            ;BA                   ;22                   ;Z-RES;E;6       ;0000   ;51       ;5180      ;             ;BB_BA_22_6
  100;BB            ;BA                   ;23                   ;Z-RES;E;6       ;0000   ;51       ;5180      ;             ;BB_BA_23_6
  100;BB            ;BA                   ;24                   ;Z-RES;E;6       ;0000   ;51       ;5180      ;             ;BB_BA_24_6
  100;BC            ;B1                   ;01                   ;Z-RES;E;6       ;0000   ;51       ;5180      ;             ;BC_B1_01_6
  100;BC            ;B1                   ;02                   ;Z-RES;E;6       ;0000   ;51       ;5180      ;             ;BC_B1_02_6
  100;BC            ;B1                   ;03                   ;Z-RES;E;6       ;0000   ;51       ;5180      ;             ;BC_B1_03_6
  100;BC            ;B1                   ;04                   ;Z-RES;E;6       ;0000   ;51       ;5180      ;             ;BC_B1_04_6
  100;BC            ;B1                   ;05                   ;Z-RES;E;6       ;0000   ;51       ;5180      ;             ;BC_B1_05_6
  100;BC            ;B1                   ;06                   ;Z-RES;E;6       ;0000   ;51       ;5180      ;             ;BC_B1_06_6
  100;BC            ;B1                   ;07                   ;Z-RES;E;6       ;0000   ;51       ;5180      ;             ;BC_B1_07_6
  100;BC            ;B1                   ;08                   ;Z-RES;E;6       ;0000   ;51       ;5180      ;             ;BC_B1_08_6
  100;BC            ;B1                   ;09                   ;Z-RES;E;6       ;0000   ;51       ;5180      ;             ;BC_B1_09_6
  100;BC            ;B1                   ;10                   ;Z-RES;E;6       ;0000   ;51       ;5180      ;             ;BC_B1_10_6
  100;BC            ;B1                   ;11                   ;Z-RES;E;6       ;0000   ;51       ;5180      ;             ;BC_B1_11_6
  100;BC            ;B1                   ;12                   ;Z-RES;E;6       ;0000   ;51       ;5180      ;             ;BC_B1_12_6
  100;BC            ;B2                   ;01                   ;Z-RES;E;6       ;0000   ;51       ;5180      ;             ;BC_B2_01_6
  100;BC            ;B2                   ;02                   ;Z-RES;E;6       ;0000   ;51       ;5180      ;             ;BC_B2_02_6
  100;BC            ;B2                   ;03                   ;Z-RES;E;6       ;0000   ;51       ;5180      ;             ;BC_B2_03_6
  100;BC            ;B2                   ;04                   ;Z-RES;E;6       ;0000   ;51       ;5180      ;             ;BC_B2_04_6
  100;BC            ;B2                   ;05                   ;Z-RES;E;6       ;0000   ;51       ;5180      ;             ;BC_B2_05_6
  100;BC            ;B2                   ;06                   ;Z-RES;E;6       ;0000   ;51       ;5180      ;             ;BC_B2_06_6
  100;BC            ;B2                   ;07                   ;Z-RES;E;6       ;0000   ;51       ;5180      ;             ;BC_B2_07_6
  100;BC            ;B2                   ;08                   ;Z-RES;E;6       ;0000   ;51       ;5180      ;             ;BC_B2_08_6
  100;BC            ;B2                   ;09                   ;Z-RES;E;6       ;0000   ;51       ;5180      ;             ;BC_B2_09_6
  100;BC            ;B2                   ;10                   ;Z-RES;E;6       ;0000   ;51       ;5180      ;             ;BC_B2_10_6
  100;BC            ;B2                   ;11                   ;Z-RES;E;6       ;0000   ;51       ;5180      ;             ;BC_B2_11_6
  100;BC            ;B2                   ;12                   ;Z-RES;E;6       ;0000   ;51       ;5180      ;             ;BC_B2_12_6
  100;BC            ;B3                   ;01                   ;Z-RES;E;6       ;0000   ;51       ;5180      ;             ;BC_B3_01_6
  100;BC            ;B3                   ;02                   ;Z-RES;E;6       ;0000   ;51       ;5180      ;             ;BC_B3_02_6
  100;BC            ;B3                   ;03                   ;Z-RES;E;6       ;0000   ;51       ;5180      ;             ;BC_B3_03_6
  100;BC            ;B3                   ;04                   ;Z-RES;E;6       ;0000   ;51       ;5180      ;             ;BC_B3_04_6
  100;BC            ;B3                   ;05                   ;Z-RES;E;6       ;0000   ;51       ;5180      ;             ;BC_B3_05_6
  100;BC            ;B3                   ;06                   ;Z-RES;E;6       ;0000   ;51       ;5180      ;             ;BC_B3_06_6
  100;BC            ;B3                   ;07                   ;Z-RES;E;6       ;0000   ;51       ;5180      ;             ;BC_B3_07_6
  100;BC            ;B3                   ;08                   ;Z-RES;E;6       ;0000   ;51       ;5180      ;             ;BC_B3_08_6
  100;BC            ;B3                   ;09                   ;Z-RES;E;6       ;0000   ;51       ;5180      ;             ;BC_B3_09_6
  100;BC            ;B4                   ;01                   ;Z-RES;E;6       ;0000   ;51       ;5180      ;             ;BC_B4_01_6
  100;BC            ;B4                   ;02                   ;Z-RES;E;6       ;0000   ;51       ;5180      ;             ;BC_B4_02_6
  100;BC            ;B4                   ;03                   ;Z-RES;E;6       ;0000   ;51       ;5180      ;             ;BC_B4_03_6
  100;BC            ;B4                   ;04                   ;Z-RES;E;6       ;0000   ;51       ;5180      ;             ;BC_B4_04_6
  100;BC            ;B4                   ;05                   ;Z-RES;E;6       ;0000   ;51       ;5180      ;             ;BC_B4_05_6
  100;BC            ;B4                   ;06                   ;Z-RES;E;6       ;0000   ;51       ;5180      ;             ;BC_B4_06_6
  100;BC            ;B4                   ;07                   ;Z-RES;E;6       ;0000   ;51       ;5180      ;             ;BC_B4_07_6
  100;BC            ;B4                   ;08                   ;Z-RES;E;6       ;0000   ;51       ;5180      ;             ;BC_B4_08_6
  100;BC            ;B4                   ;09                   ;Z-RES;E;6       ;0000   ;51       ;5180      ;             ;BC_B4_09_6
  100;BC            ;B5                   ;01                   ;Z-RES;E;6       ;0000   ;51       ;5180      ;             ;BC_B5_01_6
  100;BC            ;B5                   ;02                   ;Z-RES;E;6       ;0000   ;51       ;5180      ;             ;BC_B5_02_6
  100;BC            ;B5                   ;03                   ;Z-RES;E;6       ;0000   ;51       ;5180      ;             ;BC_B5_03_6
  100;BC            ;B5                   ;04                   ;Z-RES;E;6       ;0000   ;51       ;5180      ;             ;BC_B5_04_6
  100;BC            ;B5                   ;05                   ;Z-RES;E;6       ;0000   ;51       ;5180      ;             ;BC_B5_05_6
  100;BC            ;B5                   ;06                   ;Z-RES;E;6       ;0000   ;51       ;5180      ;             ;BC_B5_06_6
  100;BC            ;B5                   ;07                   ;Z-RES;E;6       ;0000   ;51       ;5180      ;             ;BC_B5_07_6
  100;BC            ;B6                   ;01                   ;Z-RES;E;6       ;0000   ;51       ;5180      ;             ;BC_B6_01_6
  100;BC            ;B6                   ;02                   ;Z-RES;E;6       ;0000   ;51       ;5180      ;             ;BC_B6_02_6
  100;BC            ;B6                   ;03                   ;Z-RES;E;6       ;0000   ;51       ;5180      ;             ;BC_B6_03_6
  100;BC            ;B6                   ;04                   ;Z-RES;E;6       ;0000   ;51       ;5180      ;             ;BC_B6_04_6
  100;BC            ;B6                   ;05                   ;Z-RES;E;6       ;0000   ;51       ;5180      ;             ;BC_B6_05_6
  100;BC            ;B7                   ;01                   ;Z-RES;E;6       ;0000   ;51       ;5180      ;             ;BC_B7_01_6
  100;BC            ;B7                   ;02                   ;Z-RES;E;6       ;0000   ;51       ;5180      ;             ;BC_B7_02_6
  100;BC            ;B7                   ;03                   ;Z-RES;E;6       ;0000   ;51       ;5180      ;             ;BC_B7_03_6
  100;BC            ;B7                   ;04                   ;Z-RES;E;6       ;0000   ;51       ;5180      ;             ;BC_B7_04_6
  100;BC            ;B8                   ;01                   ;Z-RES;E;6       ;0000   ;51       ;5180      ;             ;BC_B8_01_6
  100;BC            ;B8                   ;02                   ;Z-RES;E;6       ;0000   ;51       ;5180      ;             ;BC_B8_02_6
  100;BC            ;B8                   ;03                   ;Z-RES;E;6       ;0000   ;51       ;5180      ;             ;BC_B8_03_6
  100;BC            ;B8                   ;04                   ;Z-RES;E;6       ;0000   ;51       ;5180      ;             ;BC_B8_04_6
  100;BG            ;00                   ;0E                   ;Z-RES;E;5       ;0000   ;51       ;5190      ;SCC          ;BG_00_0E_5
  100;BM            ;0A                   ;                     ;Z-RES;E;4       ;0000   ;51       ;5150      ;             ;BM_0A_4
  100;BM            ;B1                   ;01                   ;Z-RES;E;6       ;0000   ;51       ;5180      ;             ;BM_B1_01_6
  100;BM            ;B1                   ;02                   ;Z-RES;E;6       ;0000   ;51       ;5180      ;             ;BM_B1_02_6
  100;BM            ;B1                   ;03                   ;Z-RES;E;6       ;0000   ;51       ;5180      ;             ;BM_B1_03_6
  100;BM            ;B1                   ;04                   ;Z-RES;E;6       ;0000   ;51       ;5180      ;             ;BM_B1_04_6
  100;BM            ;B1                   ;05                   ;Z-RES;E;6       ;0000   ;51       ;5180      ;             ;BM_B1_05_6
  100;BM            ;B1                   ;06                   ;Z-RES;E;6       ;0000   ;51       ;5180      ;             ;BM_B1_06_6
  100;BM            ;B1                   ;07                   ;Z-RES;E;6       ;0000   ;51       ;5180      ;             ;BM_B1_07_6
  100;BM            ;B1                   ;08                   ;Z-RES;E;6       ;0000   ;51       ;5180      ;             ;BM_B1_08_6
  100;BM            ;B1                   ;09                   ;Z-RES;E;6       ;0000   ;51       ;5180      ;             ;BM_B1_09_6
  100;BM            ;B1                   ;10                   ;Z-RES;E;6       ;0000   ;51       ;5180      ;             ;BM_B1_10_6
  100;BM            ;B1                   ;11                   ;Z-RES;E;6       ;0000   ;51       ;5180      ;             ;BM_B1_11_6
  100;BM            ;B1                   ;12                   ;Z-RES;E;6       ;0000   ;51       ;5180      ;             ;BM_B1_12_6
  100;BM            ;B2                   ;01                   ;Z-RES;E;6       ;0000   ;51       ;5180      ;             ;BM_B2_01_6
  100;BM            ;B2                   ;02                   ;Z-RES;E;6       ;0000   ;51       ;5180      ;             ;BM_B2_02_6
  100;BM            ;B2                   ;03                   ;Z-RES;E;6       ;0000   ;51       ;5180      ;             ;BM_B2_03_6
  100;BM            ;B2                   ;04                   ;Z-RES;E;6       ;0000   ;51       ;5180      ;             ;BM_B2_04_6
  100;BM            ;B2                   ;05                   ;Z-RES;E;6       ;0000   ;51       ;5180      ;             ;BM_B2_05_6
  100;BM            ;B2                   ;06                   ;Z-RES;E;6       ;0000   ;51       ;5180      ;             ;BM_B2_06_6
  100;BM            ;B2                   ;07                   ;Z-RES;E;6       ;0000   ;51       ;5180      ;             ;BM_B2_07_6
  100;BM            ;B2                   ;08                   ;Z-RES;E;6       ;0000   ;51       ;5180      ;             ;BM_B2_08_6
  100;BM            ;B2                   ;09                   ;Z-RES;E;6       ;0000   ;51       ;5180      ;             ;BM_B2_09_6
  100;BM            ;B2                   ;10                   ;Z-RES;E;6       ;0000   ;51       ;5180      ;             ;BM_B2_10_6
  100;BM            ;B2                   ;11                   ;Z-RES;E;6       ;0000   ;51       ;5180      ;             ;BM_B2_11_6
  100;BM            ;B2                   ;12                   ;Z-RES;E;6       ;0000   ;51       ;5180      ;             ;BM_B2_12_6
  100;BM            ;B3                   ;01                   ;Z-RES;E;6       ;0000   ;51       ;5180      ;             ;BM_B3_01_6
  100;BM            ;B3                   ;02                   ;Z-RES;E;6       ;0000   ;51       ;5180      ;             ;BM_B3_02_6
  100;BM            ;B3                   ;03                   ;Z-RES;E;6       ;0000   ;51       ;5180      ;             ;BM_B3_03_6
  100;BM            ;B3                   ;04                   ;Z-RES;E;6       ;0000   ;51       ;5180      ;             ;BM_B3_04_6
  100;BM            ;B3                   ;05                   ;Z-RES;E;6       ;0000   ;51       ;5180      ;             ;BM_B3_05_6
  100;BM            ;B3                   ;06                   ;Z-RES;E;6       ;0000   ;51       ;5180      ;             ;BM_B3_06_6
  100;BM            ;B3                   ;07                   ;Z-RES;E;6       ;0000   ;51       ;5180      ;             ;BM_B3_07_6
  100;BM            ;B3                   ;08                   ;Z-RES;E;6       ;0000   ;51       ;5180      ;             ;BM_B3_08_6
  100;BM            ;B3                   ;09                   ;Z-RES;E;6       ;0000   ;51       ;5180      ;             ;BM_B3_09_6
  100;BM            ;B4                   ;01                   ;Z-RES;E;6       ;0000   ;51       ;5180      ;             ;BM_B4_01_6
  100;BM            ;B4                   ;02                   ;Z-RES;E;6       ;0000   ;51       ;5180      ;             ;BM_B4_02_6
  100;BM            ;B4                   ;03                   ;Z-RES;E;6       ;0000   ;51       ;5180      ;             ;BM_B4_03_6
  100;BM            ;B4                   ;04                   ;Z-RES;E;6       ;0000   ;51       ;5180      ;             ;BM_B4_04_6
  100;BM            ;B4                   ;05                   ;Z-RES;E;6       ;0000   ;51       ;5180      ;             ;BM_B4_05_6
  100;BM            ;B4                   ;06                   ;Z-RES;E;6       ;0000   ;51       ;5180      ;             ;BM_B4_06_6
  100;BM            ;B4                   ;07                   ;Z-RES;E;6       ;0000   ;51       ;5180      ;             ;BM_B4_07_6
  100;BM            ;B4                   ;08                   ;Z-RES;E;6       ;0000   ;51       ;5180      ;             ;BM_B4_08_6
  100;BM            ;B4                   ;09                   ;Z-RES;E;6       ;0000   ;51       ;5180      ;             ;BM_B4_09_6
  100;BM            ;B5                   ;01                   ;Z-RES;E;6       ;0000   ;51       ;5180      ;             ;BM_B5_01_6
  100;BM            ;B5                   ;02                   ;Z-RES;E;6       ;0000   ;51       ;5180      ;             ;BM_B5_02_6
  100;BM            ;B5                   ;03                   ;Z-RES;E;6       ;0000   ;51       ;5180      ;             ;BM_B5_03_6
  100;BM            ;B5                   ;04                   ;Z-RES;E;6       ;0000   ;51       ;5180      ;             ;BM_B5_04_6
  100;BM            ;B5                   ;05                   ;Z-RES;E;6       ;0000   ;51       ;5180      ;             ;BM_B5_05_6
  100;BM            ;B5                   ;06                   ;Z-RES;E;6       ;0000   ;51       ;5180      ;             ;BM_B5_06_6
  100;BM            ;B5                   ;07                   ;Z-RES;E;6       ;0000   ;51       ;5180      ;             ;BM_B5_07_6
  100;BM            ;B6                   ;01                   ;Z-RES;E;6       ;0000   ;51       ;5180      ;             ;BM_B6_01_6
  100;BM            ;B6                   ;02                   ;Z-RES;E;6       ;0000   ;51       ;5180      ;             ;BM_B6_02_6
  100;BM            ;B6                   ;03                   ;Z-RES;E;6       ;0000   ;51       ;5180      ;             ;BM_B6_03_6
  100;BM            ;B6                   ;04                   ;Z-RES;E;6       ;0000   ;51       ;5180      ;             ;BM_B6_04_6
  100;BM            ;B6                   ;05                   ;Z-RES;E;6       ;0000   ;51       ;5180      ;             ;BM_B6_05_6
  100;BM            ;B7                   ;01                   ;Z-RES;E;6       ;0000   ;51       ;5180      ;             ;BM_B7_01_6
  100;BM            ;B7                   ;02                   ;Z-RES;E;6       ;0000   ;51       ;5180      ;             ;BM_B7_02_6
  100;BM            ;B7                   ;03                   ;Z-RES;E;6       ;0000   ;51       ;5180      ;             ;BM_B7_03_6
  100;BM            ;B7                   ;04                   ;Z-RES;E;6       ;0000   ;51       ;5180      ;             ;BM_B7_04_6
  100;BM            ;B8                   ;01                   ;Z-RES;E;6       ;0000   ;51       ;5180      ;             ;BM_B8_01_6
  100;BM            ;B8                   ;02                   ;Z-RES;E;6       ;0000   ;51       ;5180      ;             ;BM_B8_02_6
  100;BM            ;B8                   ;03                   ;Z-RES;E;6       ;0000   ;51       ;5180      ;             ;BM_B8_03_6
  100;BM            ;B8                   ;04                   ;Z-RES;E;6       ;0000   ;51       ;5180      ;             ;BM_B8_04_6
  100;BR            ;PC                   ;01                   ;Z-RES;E;6       ;0000   ;51       ;5190      ;PCS          ;BR_PC_01_6
  100;BR            ;PC                   ;02                   ;Z-RES;E;6       ;0000   ;51       ;5190      ;PCS          ;BR_PC_02_6
  100;BR            ;PC                   ;03                   ;Z-RES;E;6       ;0000   ;51       ;5190      ;PCS          ;BR_PC_03_6
  100;BR            ;PC                   ;04                   ;Z-RES;E;6       ;0000   ;51       ;5190      ;PCS          ;BR_PC_04_6
  100;BR            ;PC                   ;05                   ;Z-RES;E;6       ;0000   ;51       ;5190      ;PCS          ;BR_PC_05_6
  100;BR            ;PC                   ;06                   ;Z-RES;E;6       ;0000   ;51       ;5190      ;PCS          ;BR_PC_06_6
  100;BR            ;PC                   ;07                   ;Z-RES;E;6       ;0000   ;51       ;5190      ;PCS          ;BR_PC_07_6
  100;BR            ;PC                   ;08                   ;Z-RES;E;6       ;0000   ;51       ;5190      ;PCS          ;BR_PC_08_6
  100;BR            ;PC                   ;09                   ;Z-RES;E;6       ;0000   ;51       ;5190      ;PCS          ;BR_PC_09_6
  100;BR            ;PC                   ;10                   ;Z-RES;E;6       ;0000   ;51       ;5190      ;PCS          ;BR_PC_10_6
  100;BR            ;PC                   ;11                   ;Z-RES;E;6       ;0000   ;51       ;5190      ;PCS          ;BR_PC_11_6
  100;BR            ;PC                   ;12                   ;Z-RES;E;6       ;0000   ;51       ;5190      ;PCS          ;BR_PC_12_6
  100;BR            ;PC                   ;13                   ;Z-RES;E;6       ;0000   ;51       ;5190      ;PCS          ;BR_PC_13_6
  100;BR            ;PC                   ;14                   ;Z-RES;E;6       ;0000   ;51       ;5190      ;PCS          ;BR_PC_14_6
  100;BR            ;PC                   ;15                   ;Z-RES;E;6       ;0000   ;51       ;5190      ;PCS          ;BR_PC_15_6
  100;BR            ;PC                   ;16                   ;Z-RES;E;6       ;0000   ;51       ;5190      ;PCS          ;BR_PC_16_6
  100;BR            ;PC                   ;17                   ;Z-RES;E;6       ;0000   ;51       ;5190      ;PCS          ;BR_PC_17_6
  100;BR            ;PC                   ;18                   ;Z-RES;E;6       ;0000   ;51       ;5190      ;PCS          ;BR_PC_18_6
  100;BR            ;PC                   ;19                   ;Z-RES;E;6       ;0000   ;51       ;5190      ;PCS          ;BR_PC_19_6
  100;BR            ;PC                   ;20                   ;Z-RES;E;6       ;0000   ;51       ;5190      ;PCS          ;BR_PC_20_6
  100;BR            ;PC                   ;21                   ;Z-RES;E;6       ;0000   ;51       ;5190      ;PCS          ;BR_PC_21_6
  100;BR            ;PC                   ;22                   ;Z-RES;E;6       ;0000   ;51       ;5190      ;PCS          ;BR_PC_22_6
  100;BR            ;PC                   ;23                   ;Z-RES;E;6       ;0000   ;51       ;5190      ;PCS          ;BR_PC_23_6
  100;BR            ;PC                   ;24                   ;Z-RES;E;6       ;0000   ;51       ;5190      ;PCS          ;BR_PC_24_6
  100;BS            ;B1                   ;01                   ;Z-RES;E;6       ;0000   ;51       ;5180      ;             ;BS_B1_01_6
  100;BS            ;B1                   ;02                   ;Z-RES;E;6       ;0000   ;51       ;5180      ;             ;BS_B1_02_6
  100;BS            ;B1                   ;03                   ;Z-RES;E;6       ;0000   ;51       ;5180      ;             ;BS_B1_03_6
  100;BS            ;B1                   ;04                   ;Z-RES;E;6       ;0000   ;51       ;5180      ;             ;BS_B1_04_6
  100;BS            ;B1                   ;05                   ;Z-RES;E;6       ;0000   ;51       ;5180      ;             ;BS_B1_05_6
  100;BS            ;B1                   ;06                   ;Z-RES;E;6       ;0000   ;51       ;5180      ;             ;BS_B1_06_6
  100;BS            ;B1                   ;07                   ;Z-RES;E;6       ;0000   ;51       ;5180      ;             ;BS_B1_07_6
  100;BS            ;B1                   ;08                   ;Z-RES;E;6       ;0000   ;51       ;5180      ;             ;BS_B1_08_6
  100;BS            ;B1                   ;09                   ;Z-RES;E;6       ;0000   ;51       ;5180      ;             ;BS_B1_09_6
  100;BS            ;B1                   ;10                   ;Z-RES;E;6       ;0000   ;51       ;5180      ;             ;BS_B1_10_6
  100;BS            ;B1                   ;11                   ;Z-RES;E;6       ;0000   ;51       ;5180      ;             ;BS_B1_11_6
  100;BS            ;B1                   ;12                   ;Z-RES;E;6       ;0000   ;51       ;5180      ;             ;BS_B1_12_6
  100;BS            ;B2                   ;01                   ;Z-RES;E;6       ;0000   ;51       ;5180      ;             ;BS_B2_01_6
  100;BS            ;B2                   ;02                   ;Z-RES;E;6       ;0000   ;51       ;5180      ;             ;BS_B2_02_6
  100;BS            ;B2                   ;03                   ;Z-RES;E;6       ;0000   ;51       ;5180      ;             ;BS_B2_03_6
  100;BS            ;B2                   ;04                   ;Z-RES;E;6       ;0000   ;51       ;5180      ;             ;BS_B2_04_6
  100;BS            ;B2                   ;05                   ;Z-RES;E;6       ;0000   ;51       ;5180      ;             ;BS_B2_05_6
  100;BS            ;B2                   ;06                   ;Z-RES;E;6       ;0000   ;51       ;5180      ;             ;BS_B2_06_6
  100;BS            ;B2                   ;07                   ;Z-RES;E;6       ;0000   ;51       ;5180      ;             ;BS_B2_07_6
  100;BS            ;B2                   ;08                   ;Z-RES;E;6       ;0000   ;51       ;5180      ;             ;BS_B2_08_6
  100;BS            ;B2                   ;09                   ;Z-RES;E;6       ;0000   ;51       ;5180      ;             ;BS_B2_09_6
  100;BS            ;B2                   ;10                   ;Z-RES;E;6       ;0000   ;51       ;5180      ;             ;BS_B2_10_6
  100;BS            ;B2                   ;11                   ;Z-RES;E;6       ;0000   ;51       ;5180      ;             ;BS_B2_11_6
  100;BS            ;B2                   ;12                   ;Z-RES;E;6       ;0000   ;51       ;5180      ;             ;BS_B2_12_6
  100;BS            ;B3                   ;01                   ;Z-RES;E;6       ;0000   ;51       ;5180      ;             ;BS_B3_01_6
  100;BS            ;B3                   ;02                   ;Z-RES;E;6       ;0000   ;51       ;5180      ;             ;BS_B3_02_6
  100;BS            ;B3                   ;03                   ;Z-RES;E;6       ;0000   ;51       ;5180      ;             ;BS_B3_03_6
  100;BS            ;B3                   ;04                   ;Z-RES;E;6       ;0000   ;51       ;5180      ;             ;BS_B3_04_6
  100;BS            ;B3                   ;05                   ;Z-RES;E;6       ;0000   ;51       ;5180      ;             ;BS_B3_05_6
  100;BS            ;B3                   ;06                   ;Z-RES;E;6       ;0000   ;51       ;5180      ;             ;BS_B3_06_6
  100;BS            ;B3                   ;07                   ;Z-RES;E;6       ;0000   ;51       ;5180      ;             ;BS_B3_07_6
  100;BS            ;B3                   ;08                   ;Z-RES;E;6       ;0000   ;51       ;5180      ;             ;BS_B3_08_6
  100;BS            ;B3                   ;09                   ;Z-RES;E;6       ;0000   ;51       ;5180      ;             ;BS_B3_09_6
  100;BS            ;B4                   ;01                   ;Z-RES;E;6       ;0000   ;51       ;5180      ;             ;BS_B4_01_6
  100;BS            ;B4                   ;02                   ;Z-RES;E;6       ;0000   ;51       ;5180      ;             ;BS_B4_02_6
  100;BS            ;B4                   ;03                   ;Z-RES;E;6       ;0000   ;51       ;5180      ;             ;BS_B4_03_6
  100;BS            ;B4                   ;04                   ;Z-RES;E;6       ;0000   ;51       ;5180      ;             ;BS_B4_04_6
  100;BS            ;B4                   ;05                   ;Z-RES;E;6       ;0000   ;51       ;5180      ;             ;BS_B4_05_6
  100;BS            ;B4                   ;06                   ;Z-RES;E;6       ;0000   ;51       ;5180      ;             ;BS_B4_06_6
  100;BS            ;B4                   ;07                   ;Z-RES;E;6       ;0000   ;51       ;5180      ;             ;BS_B4_07_6
  100;BS            ;B4                   ;08                   ;Z-RES;E;6       ;0000   ;51       ;5180      ;             ;BS_B4_08_6
  100;BS            ;B4                   ;09                   ;Z-RES;E;6       ;0000   ;51       ;5180      ;             ;BS_B4_09_6
  100;BS            ;B5                   ;01                   ;Z-RES;E;6       ;0000   ;51       ;5180      ;             ;BS_B5_01_6
  100;BS            ;B5                   ;02                   ;Z-RES;E;6       ;0000   ;51       ;5180      ;             ;BS_B5_02_6
  100;BS            ;B5                   ;03                   ;Z-RES;E;6       ;0000   ;51       ;5180      ;             ;BS_B5_03_6
  100;BS            ;B5                   ;04                   ;Z-RES;E;6       ;0000   ;51       ;5180      ;             ;BS_B5_04_6
  100;BS            ;B5                   ;05                   ;Z-RES;E;6       ;0000   ;51       ;5180      ;             ;BS_B5_05_6
  100;BS            ;B5                   ;06                   ;Z-RES;E;6       ;0000   ;51       ;5180      ;             ;BS_B5_06_6
  100;BS            ;B5                   ;07                   ;Z-RES;E;6       ;0000   ;51       ;5180      ;             ;BS_B5_07_6
  100;BS            ;B6                   ;01                   ;Z-RES;E;6       ;0000   ;51       ;5180      ;             ;BS_B6_01_6
  100;BS            ;B6                   ;02                   ;Z-RES;E;6       ;0000   ;51       ;5180      ;             ;BS_B6_02_6
  100;BS            ;B6                   ;03                   ;Z-RES;E;6       ;0000   ;51       ;5180      ;             ;BS_B6_03_6
  100;BS            ;B6                   ;04                   ;Z-RES;E;6       ;0000   ;51       ;5180      ;             ;BS_B6_04_6
  100;BS            ;B6                   ;05                   ;Z-RES;E;6       ;0000   ;51       ;5180      ;             ;BS_B6_05_6
  100;BS            ;B7                   ;01                   ;Z-RES;E;6       ;0000   ;51       ;5180      ;             ;BS_B7_01_6
  100;BS            ;B7                   ;02                   ;Z-RES;E;6       ;0000   ;51       ;5180      ;             ;BS_B7_02_6
  100;BS            ;B7                   ;03                   ;Z-RES;E;6       ;0000   ;51       ;5180      ;             ;BS_B7_03_6
  100;BS            ;B7                   ;04                   ;Z-RES;E;6       ;0000   ;51       ;5180      ;             ;BS_B7_04_6
  100;BS            ;B8                   ;01                   ;Z-RES;E;6       ;0000   ;51       ;5180      ;             ;BS_B8_01_6
  100;BS            ;B8                   ;02                   ;Z-RES;E;6       ;0000   ;51       ;5180      ;             ;BS_B8_02_6
  100;BS            ;B8                   ;03                   ;Z-RES;E;6       ;0000   ;51       ;5180      ;             ;BS_B8_03_6
  100;BS            ;B8                   ;04                   ;Z-RES;E;6       ;0000   ;51       ;5180      ;             ;BS_B8_04_6
  100;BS            ;HV                   ;1L                   ;Z-RES;E;6       ;0000   ;51       ;5150      ;             ;BS_HV_1L_6
  100;BS            ;HV                   ;1T                   ;Z-RES;E;6       ;0000   ;51       ;5150      ;             ;BS_HV_1T_6
  100;BS            ;M1                   ;1T                   ;Z-RES;E;6       ;0000   ;51       ;5150      ;             ;BS_M1_1T_6
  100;BS            ;MA                   ;1M                   ;Z-RES;E;6       ;0000   ;51       ;5150      ;             ;BS_MA_1M_6
  100;BS            ;MA                   ;2M                   ;Z-RES;E;6       ;0000   ;51       ;5150      ;             ;BS_MA_2M_6
  100;BS            ;MA                   ;3M                   ;Z-RES;E;6       ;0000   ;51       ;5150      ;             ;BS_MA_3M_6
  100;BS            ;MA                   ;4M                   ;Z-RES;E;6       ;0000   ;51       ;5150      ;             ;BS_MA_4M_6
  100;BS            ;MA                   ;5M                   ;Z-RES;E;6       ;0000   ;51       ;5150      ;             ;BS_MA_5M_6
  100;BS            ;MA                   ;6M                   ;Z-RES;E;6       ;0000   ;51       ;5150      ;             ;BS_MA_6M_6
  100;BS            ;MA                   ;7M                   ;Z-RES;E;6       ;0000   ;51       ;5150      ;             ;BS_MA_7M_6
  100;BS            ;MA                   ;8M                   ;Z-RES;E;6       ;0000   ;51       ;5150      ;             ;BS_MA_8M_6
  100;BS            ;MA                   ;9M                   ;Z-RES;E;6       ;0000   ;51       ;5150      ;             ;BS_MA_9M_6
  100;BS            ;MA                   ;AM                   ;Z-RES;E;6       ;0000   ;51       ;5150      ;             ;BS_MA_AM_6
  100;BS            ;MA                   ;BM                   ;Z-RES;E;6       ;0000   ;51       ;5150      ;             ;BS_MA_BM_6
  100;BS            ;MA                   ;CM                   ;Z-RES;E;6       ;0000   ;51       ;5150      ;             ;BS_MA_CM_6
  100;BS            ;MA                   ;DM                   ;Z-RES;E;6       ;0000   ;51       ;5150      ;             ;BS_MA_DM_6
  100;BS            ;MA                   ;EM                   ;Z-RES;E;6       ;0000   ;51       ;5150      ;             ;BS_MA_EM_6
  100;BT            ;SA                   ;0A                   ;Z-RES;E;5       ;0000   ;51       ;5150      ;             ;BT_SA_0A_5
  100;BU            ;VC                   ;00                   ;Z-RES;E;5       ;0000   ;51       ;5110      ;             ;BU_VC_00_5
  100;BU            ;ZZ                   ;0E                   ;Z-RES;E;5       ;0000   ;51       ;5110      ;SCC          ;BU_ZZ_0E_5
  100;C0            ;01                   ;1E                   ;Z-RES;E;5       ;0000   ;51       ;5150      ;             ;C0_01_1E_5
  100;C0            ;01                   ;2E                   ;Z-RES;E;5       ;0000   ;51       ;5150      ;             ;C0_01_2E_5
  100;C0            ;01                   ;3E                   ;Z-RES;E;5       ;0000   ;51       ;5150      ;             ;C0_01_3E_5
  100;C0            ;01                   ;4E                   ;Z-RES;E;5       ;0000   ;51       ;5150      ;             ;C0_01_4E_5
  100;C0            ;01                   ;5E                   ;Z-RES;E;5       ;0000   ;51       ;5150      ;             ;C0_01_5E_5
  100;C0            ;01                   ;6E                   ;Z-RES;E;5       ;0000   ;51       ;5150      ;             ;C0_01_6E_5
  100;C0            ;01                   ;7E                   ;Z-RES;E;5       ;0000   ;51       ;5150      ;             ;C0_01_7E_5
  100;C0            ;01                   ;8E                   ;Z-RES;E;5       ;0000   ;51       ;5150      ;             ;C0_01_8E_5
  100;C0            ;01                   ;9E                   ;Z-RES;E;5       ;0000   ;51       ;5150      ;             ;C0_01_9E_5
  100;C0            ;01                   ;AE                   ;Z-RES;E;5       ;0000   ;51       ;5150      ;             ;C0_01_AE_5
  100;C0            ;02                   ;1E                   ;Z-RES;E;5       ;0000   ;51       ;5150      ;             ;C0_02_1E_5
  100;C0            ;02                   ;2E                   ;Z-RES;E;5       ;0000   ;51       ;5150      ;             ;C0_02_2E_5
  100;C0            ;02                   ;3E                   ;Z-RES;E;5       ;0000   ;51       ;5150      ;             ;C0_02_3E_5
  100;C0            ;02                   ;4E                   ;Z-RES;E;5       ;0000   ;51       ;5150      ;             ;C0_02_4E_5
  100;C0            ;02                   ;5E                   ;Z-RES;E;5       ;0000   ;51       ;5150      ;             ;C0_02_5E_5
  100;C0            ;02                   ;6E                   ;Z-RES;E;5       ;0000   ;51       ;5150      ;             ;C0_02_6E_5
  100;C0            ;02                   ;7E                   ;Z-RES;E;5       ;0000   ;51       ;5150      ;             ;C0_02_7E_5
  100;C0            ;02                   ;8E                   ;Z-RES;E;5       ;0000   ;51       ;5150      ;             ;C0_02_8E_5
  100;C0            ;02                   ;9E                   ;Z-RES;E;5       ;0000   ;51       ;5150      ;             ;C0_02_9E_5
  100;C0            ;02                   ;AE                   ;Z-RES;E;5       ;0000   ;51       ;5150      ;             ;C0_02_AE_5
  100;C0            ;03                   ;1E                   ;Z-RES;E;5       ;0000   ;51       ;5150      ;             ;C0_03_1E_5
  100;C0            ;03                   ;2E                   ;Z-RES;E;5       ;0000   ;51       ;5150      ;             ;C0_03_2E_5
  100;C0            ;03                   ;3E                   ;Z-RES;E;5       ;0000   ;51       ;5150      ;             ;C0_03_3E_5
  100;C0            ;03                   ;4E                   ;Z-RES;E;5       ;0000   ;51       ;5150      ;             ;C0_03_4E_5
  100;C0            ;03                   ;5E                   ;Z-RES;E;5       ;0000   ;51       ;5150      ;             ;C0_03_5E_5
  100;C0            ;03                   ;6E                   ;Z-RES;E;5       ;0000   ;51       ;5150      ;             ;C0_03_6E_5
  100;C0            ;03                   ;7E                   ;Z-RES;E;5       ;0000   ;51       ;5150      ;             ;C0_03_7E_5
  100;C0            ;03                   ;8E                   ;Z-RES;E;5       ;0000   ;51       ;5150      ;             ;C0_03_8E_5
  100;C0            ;03                   ;9E                   ;Z-RES;E;5       ;0000   ;51       ;5150      ;             ;C0_03_9E_5
  100;C0            ;03                   ;AE                   ;Z-RES;E;5       ;0000   ;51       ;5150      ;             ;C0_03_AE_5
  100;C0            ;04                   ;1E                   ;Z-RES;E;5       ;0000   ;51       ;5150      ;             ;C0_04_1E_5
  100;C0            ;04                   ;2E                   ;Z-RES;E;5       ;0000   ;51       ;5150      ;             ;C0_04_2E_5
  100;C0            ;04                   ;3E                   ;Z-RES;E;5       ;0000   ;51       ;5150      ;             ;C0_04_3E_5
  100;C0            ;04                   ;4E                   ;Z-RES;E;5       ;0000   ;51       ;5150      ;             ;C0_04_4E_5
  100;C0            ;04                   ;5E                   ;Z-RES;E;5       ;0000   ;51       ;5150      ;             ;C0_04_5E_5
  100;C0            ;04                   ;6E                   ;Z-RES;E;5       ;0000   ;51       ;5150      ;             ;C0_04_6E_5
  100;C0            ;04                   ;7E                   ;Z-RES;E;5       ;0000   ;51       ;5150      ;             ;C0_04_7E_5
  100;C0            ;04                   ;8E                   ;Z-RES;E;5       ;0000   ;51       ;5150      ;             ;C0_04_8E_5
  100;C0            ;04                   ;9E                   ;Z-RES;E;5       ;0000   ;51       ;5150      ;             ;C0_04_9E_5
  100;C0            ;05                   ;1E                   ;Z-RES;E;5       ;0000   ;51       ;5150      ;             ;C0_05_1E_5
  100;C0            ;05                   ;2E                   ;Z-RES;E;5       ;0000   ;51       ;5150      ;             ;C0_05_2E_5
  100;C0            ;05                   ;3E                   ;Z-RES;E;5       ;0000   ;51       ;5150      ;             ;C0_05_3E_5
  100;C0            ;05                   ;4E                   ;Z-RES;E;5       ;0000   ;51       ;5150      ;             ;C0_05_4E_5
  100;C0            ;05                   ;5E                   ;Z-RES;E;5       ;0000   ;51       ;5150      ;             ;C0_05_5E_5
  100;C0            ;05                   ;6E                   ;Z-RES;E;5       ;0000   ;51       ;5150      ;             ;C0_05_6E_5
  100;C0            ;05                   ;7E                   ;Z-RES;E;5       ;0000   ;51       ;5150      ;             ;C0_05_7E_5
  100;C0            ;05                   ;8E                   ;Z-RES;E;5       ;0000   ;51       ;5150      ;             ;C0_05_8E_5
  100;C0            ;05                   ;9E                   ;Z-RES;E;5       ;0000   ;51       ;5150      ;             ;C0_05_9E_5
  100;C0            ;06                   ;1E                   ;Z-RES;E;5       ;0000   ;51       ;5150      ;             ;C0_06_1E_5
  100;C0            ;06                   ;2E                   ;Z-RES;E;5       ;0000   ;51       ;5150      ;             ;C0_06_2E_5
  100;C0            ;06                   ;3E                   ;Z-RES;E;5       ;0000   ;51       ;5150      ;             ;C0_06_3E_5
  100;C0            ;06                   ;4E                   ;Z-RES;E;5       ;0000   ;51       ;5150      ;             ;C0_06_4E_5
  100;C0            ;06                   ;5E                   ;Z-RES;E;5       ;0000   ;51       ;5150      ;             ;C0_06_5E_5
  100;C0            ;06                   ;6E                   ;Z-RES;E;5       ;0000   ;51       ;5150      ;             ;C0_06_6E_5
  100;C0            ;06                   ;7E                   ;Z-RES;E;5       ;0000   ;51       ;5150      ;             ;C0_06_7E_5
  100;C0            ;06                   ;8E                   ;Z-RES;E;5       ;0000   ;51       ;5150      ;             ;C0_06_8E_5
  100;C0            ;06                   ;9E                   ;Z-RES;E;5       ;0000   ;51       ;5150      ;             ;C0_06_9E_5
  100;C0            ;07                   ;1E                   ;Z-RES;E;5       ;0000   ;51       ;5150      ;             ;C0_07_1E_5
  100;C0            ;07                   ;2E                   ;Z-RES;E;5       ;0000   ;51       ;5180      ;             ;C0_07_2E_5
  100;C0            ;07                   ;3E                   ;Z-RES;E;5       ;0000   ;51       ;5180      ;             ;C0_07_3E_5
  100;C0            ;07                   ;4E                   ;Z-RES;E;5       ;0000   ;51       ;5180      ;             ;C0_07_4E_5
  100;C0            ;07                   ;5E                   ;Z-RES;E;5       ;0000   ;51       ;5150      ;             ;C0_07_5E_5
  100;C0            ;07                   ;6E                   ;Z-RES;E;5       ;0000   ;51       ;5150      ;             ;C0_07_6E_5
  100;C0            ;08                   ;1E                   ;Z-RES;E;5       ;0000   ;51       ;5150      ;             ;C0_08_1E_5
  100;C0            ;08                   ;2E                   ;Z-RES;E;5       ;0000   ;51       ;5180      ;             ;C0_08_2E_5
  100;C0            ;08                   ;3E                   ;Z-RES;E;5       ;0000   ;51       ;5180      ;             ;C0_08_3E_5
  100;C0            ;08                   ;4E                   ;Z-RES;E;5       ;0000   ;51       ;5180      ;             ;C0_08_4E_5
  100;C0            ;09                   ;1E                   ;Z-RES;E;5       ;0000   ;51       ;5180      ;             ;C0_09_1E_5
  100;C0            ;09                   ;2E                   ;Z-RES;E;5       ;0000   ;51       ;5180      ;             ;C0_09_2E_5
  100;C0            ;09                   ;3E                   ;Z-RES;E;5       ;0000   ;51       ;5180      ;             ;C0_09_3E_5
  100;C0            ;09                   ;4E                   ;Z-RES;E;5       ;0000   ;51       ;5150      ;             ;C0_09_4E_5
  100;C1            ;01                   ;1E                   ;Z-RES;E;5       ;0000   ;51       ;5150      ;             ;C1_01_1E_5
  100;C1            ;01                   ;2E                   ;Z-RES;E;5       ;0000   ;51       ;5150      ;             ;C1_01_2E_5
  100;C1            ;01                   ;3E                   ;Z-RES;E;5       ;0000   ;51       ;5150      ;             ;C1_01_3E_5
  100;C1            ;01                   ;4E                   ;Z-RES;E;5       ;0000   ;51       ;5150      ;             ;C1_01_4E_5
  100;C1            ;01                   ;5E                   ;Z-RES;E;5       ;0000   ;51       ;5150      ;             ;C1_01_5E_5
  100;C1            ;01                   ;6E                   ;Z-RES;E;5       ;0000   ;51       ;5150      ;             ;C1_01_6E_5
  100;C1            ;01                   ;7E                   ;Z-RES;E;5       ;0000   ;51       ;5150      ;             ;C1_01_7E_5
  100;C1            ;01                   ;8E                   ;Z-RES;E;5       ;0000   ;51       ;5150      ;             ;C1_01_8E_5
  100;C1            ;01                   ;9E                   ;Z-RES;E;5       ;0000   ;51       ;5150      ;             ;C1_01_9E_5
  100;C1            ;01                   ;AE                   ;Z-RES;E;5       ;0000   ;51       ;5150      ;             ;C1_01_AE_5
  100;C1            ;01                   ;BE                   ;Z-RES;E;5       ;0000   ;51       ;5150      ;             ;C1_01_BE_5
  100;C1            ;01                   ;CE                   ;Z-RES;E;5       ;0000   ;51       ;5150      ;             ;C1_01_CE_5
  100;C1            ;01                   ;DE                   ;Z-RES;E;5       ;0000   ;51       ;5150      ;             ;C1_01_DE_5
  100;C1            ;01                   ;EE                   ;Z-RES;E;5       ;0000   ;51       ;5150      ;             ;C1_01_EE_5
  100;C1            ;02                   ;1E                   ;Z-RES;E;5       ;0000   ;51       ;5150      ;             ;C1_02_1E_5
  100;C1            ;02                   ;2E                   ;Z-RES;E;5       ;0000   ;51       ;5150      ;             ;C1_02_2E_5
  100;C1            ;02                   ;3E                   ;Z-RES;E;5       ;0000   ;51       ;5150      ;             ;C1_02_3E_5
  100;C1            ;02                   ;4E                   ;Z-RES;E;5       ;0000   ;51       ;5150      ;             ;C1_02_4E_5
  100;C1            ;02                   ;5E                   ;Z-RES;E;5       ;0000   ;51       ;5150      ;             ;C1_02_5E_5
  100;C1            ;02                   ;6E                   ;Z-RES;E;5       ;0000   ;51       ;5150      ;             ;C1_02_6E_5
  100;C1            ;02                   ;7E                   ;Z-RES;E;5       ;0000   ;51       ;5150      ;             ;C1_02_7E_5
  100;C1            ;02                   ;8E                   ;Z-RES;E;5       ;0000   ;51       ;5150      ;             ;C1_02_8E_5
  100;C1            ;02                   ;9E                   ;Z-RES;E;5       ;0000   ;51       ;5150      ;             ;C1_02_9E_5
  100;C1            ;02                   ;AE                   ;Z-RES;E;5       ;0000   ;51       ;5150      ;             ;C1_02_AE_5
  100;C1            ;02                   ;BE                   ;Z-RES;E;5       ;0000   ;51       ;5150      ;             ;C1_02_BE_5
  100;C1            ;02                   ;CE                   ;Z-RES;E;5       ;0000   ;51       ;5150      ;             ;C1_02_CE_5
  100;C1            ;02                   ;DE                   ;Z-RES;E;5       ;0000   ;51       ;5150      ;             ;C1_02_DE_5
  100;C1            ;02                   ;EE                   ;Z-RES;E;5       ;0000   ;51       ;5150      ;             ;C1_02_EE_5
  100;C1            ;03                   ;1E                   ;Z-RES;E;5       ;0000   ;51       ;5150      ;             ;C1_03_1E_5
  100;C1            ;03                   ;2E                   ;Z-RES;E;5       ;0000   ;51       ;5150      ;             ;C1_03_2E_5
  100;C1            ;03                   ;3E                   ;Z-RES;E;5       ;0000   ;51       ;5150      ;             ;C1_03_3E_5
  100;C1            ;03                   ;4E                   ;Z-RES;E;5       ;0000   ;51       ;5150      ;             ;C1_03_4E_5
  100;C1            ;03                   ;5E                   ;Z-RES;E;5       ;0000   ;51       ;5150      ;             ;C1_03_5E_5
  100;C1            ;03                   ;6E                   ;Z-RES;E;5       ;0000   ;51       ;5150      ;             ;C1_03_6E_5
  100;C1            ;03                   ;7E                   ;Z-RES;E;5       ;0000   ;51       ;5150      ;             ;C1_03_7E_5
  100;C1            ;03                   ;8E                   ;Z-RES;E;5       ;0000   ;51       ;5150      ;             ;C1_03_8E_5
  100;C1            ;03                   ;9E                   ;Z-RES;E;5       ;0000   ;51       ;5150      ;             ;C1_03_9E_5
  100;C1            ;03                   ;AE                   ;Z-RES;E;5       ;0000   ;51       ;5150      ;             ;C1_03_AE_5
  100;C1            ;03                   ;BE                   ;Z-RES;E;5       ;0000   ;51       ;5150      ;             ;C1_03_BE_5
  100;C1            ;03                   ;CE                   ;Z-RES;E;5       ;0000   ;51       ;5150      ;             ;C1_03_CE_5
  100;C1            ;03                   ;DE                   ;Z-RES;E;5       ;0000   ;51       ;5150      ;             ;C1_03_DE_5
  100;C1            ;03                   ;EE                   ;Z-RES;E;5       ;0000   ;51       ;5150      ;             ;C1_03_EE_5
  100;C1            ;04                   ;1E                   ;Z-RES;E;5       ;0000   ;51       ;5150      ;             ;C1_04_1E_5
  100;C1            ;04                   ;2E                   ;Z-RES;E;5       ;0000   ;51       ;5150      ;             ;C1_04_2E_5
  100;C1            ;04                   ;3E                   ;Z-RES;E;5       ;0000   ;51       ;5150      ;             ;C1_04_3E_5
  100;C1            ;04                   ;4E                   ;Z-RES;E;5       ;0000   ;51       ;5150      ;             ;C1_04_4E_5
  100;C1            ;04                   ;5E                   ;Z-RES;E;5       ;0000   ;51       ;5150      ;             ;C1_04_5E_5
  100;C1            ;04                   ;6E                   ;Z-RES;E;5       ;0000   ;51       ;5150      ;             ;C1_04_6E_5
  100;C1            ;04                   ;7E                   ;Z-RES;E;5       ;0000   ;51       ;5150      ;             ;C1_04_7E_5
  100;C1            ;04                   ;8E                   ;Z-RES;E;5       ;0000   ;51       ;5150      ;             ;C1_04_8E_5
  100;C1            ;04                   ;9E                   ;Z-RES;E;5       ;0000   ;51       ;5150      ;             ;C1_04_9E_5
  100;C1            ;04                   ;AE                   ;Z-RES;E;5       ;0000   ;51       ;5150      ;             ;C1_04_AE_5
  100;C1            ;04                   ;BE                   ;Z-RES;E;5       ;0000   ;51       ;5150      ;             ;C1_04_BE_5
  100;C1            ;04                   ;CE                   ;Z-RES;E;5       ;0000   ;51       ;5150      ;             ;C1_04_CE_5
  100;C1            ;04                   ;DE                   ;Z-RES;E;5       ;0000   ;51       ;5150      ;             ;C1_04_DE_5
  100;C1            ;04                   ;EE                   ;Z-RES;E;5       ;0000   ;51       ;5150      ;             ;C1_04_EE_5
  100;C1            ;05                   ;1E                   ;Z-RES;E;5       ;0000   ;51       ;5150      ;             ;C1_05_1E_5
  100;C1            ;05                   ;2E                   ;Z-RES;E;5       ;0000   ;51       ;5150      ;             ;C1_05_2E_5
  100;C1            ;05                   ;3E                   ;Z-RES;E;5       ;0000   ;51       ;5150      ;             ;C1_05_3E_5
  100;C1            ;05                   ;4E                   ;Z-RES;E;5       ;0000   ;51       ;5150      ;             ;C1_05_4E_5
  100;C1            ;05                   ;5E                   ;Z-RES;E;5       ;0000   ;51       ;5150      ;             ;C1_05_5E_5
  100;C1            ;05                   ;6E                   ;Z-RES;E;5       ;0000   ;51       ;5150      ;             ;C1_05_6E_5
  100;C1            ;05                   ;7E                   ;Z-RES;E;5       ;0000   ;51       ;5150      ;             ;C1_05_7E_5
  100;C1            ;05                   ;8E                   ;Z-RES;E;5       ;0000   ;51       ;5150      ;             ;C1_05_8E_5
  100;C1            ;05                   ;9E                   ;Z-RES;E;5       ;0000   ;51       ;5150      ;             ;C1_05_9E_5
  100;C1            ;05                   ;AE                   ;Z-RES;E;5       ;0000   ;51       ;5150      ;             ;C1_05_AE_5
  100;C1            ;05                   ;BE                   ;Z-RES;E;5       ;0000   ;51       ;5150      ;             ;C1_05_BE_5
  100;C1            ;05                   ;CE                   ;Z-RES;E;5       ;0000   ;51       ;5150      ;             ;C1_05_CE_5
  100;C1            ;06                   ;1E                   ;Z-RES;E;5       ;0000   ;51       ;5150      ;             ;C1_06_1E_5
  100;C1            ;06                   ;2E                   ;Z-RES;E;5       ;0000   ;51       ;5150      ;             ;C1_06_2E_5
  100;C1            ;06                   ;3E                   ;Z-RES;E;5       ;0000   ;51       ;5150      ;             ;C1_06_3E_5
  100;C1            ;06                   ;4E                   ;Z-RES;E;5       ;0000   ;51       ;5150      ;             ;C1_06_4E_5
  100;C1            ;06                   ;5E                   ;Z-RES;E;5       ;0000   ;51       ;5150      ;             ;C1_06_5E_5
  100;C1            ;06                   ;6E                   ;Z-RES;E;5       ;0000   ;51       ;5150      ;             ;C1_06_6E_5
  100;C1            ;06                   ;7E                   ;Z-RES;E;5       ;0000   ;51       ;5150      ;             ;C1_06_7E_5
  100;C1            ;06                   ;8E                   ;Z-RES;E;5       ;0000   ;51       ;5150      ;             ;C1_06_8E_5
  100;C1            ;06                   ;9E                   ;Z-RES;E;5       ;0000   ;51       ;5150      ;             ;C1_06_9E_5
  100;C1            ;06                   ;AE                   ;Z-RES;E;5       ;0000   ;51       ;5150      ;             ;C1_06_AE_5
  100;C1            ;06                   ;BE                   ;Z-RES;E;5       ;0000   ;51       ;5150      ;             ;C1_06_BE_5
  100;C1            ;06                   ;CE                   ;Z-RES;E;5       ;0000   ;51       ;5150      ;             ;C1_06_CE_5
  100;C1            ;07                   ;1E                   ;Z-RES;E;5       ;0000   ;51       ;5150      ;             ;C1_07_1E_5
  100;C1            ;07                   ;2E                   ;Z-RES;E;5       ;0000   ;51       ;5150      ;             ;C1_07_2E_5
  100;C1            ;07                   ;3E                   ;Z-RES;E;5       ;0000   ;51       ;5150      ;             ;C1_07_3E_5
  100;C1            ;07                   ;4E                   ;Z-RES;E;5       ;0000   ;51       ;5150      ;             ;C1_07_4E_5
  100;C1            ;07                   ;5E                   ;Z-RES;E;5       ;0000   ;51       ;5150      ;             ;C1_07_5E_5
  100;C1            ;07                   ;6E                   ;Z-RES;E;5       ;0000   ;51       ;5150      ;             ;C1_07_6E_5
  100;C1            ;07                   ;7E                   ;Z-RES;E;5       ;0000   ;51       ;5150      ;             ;C1_07_7E_5
  100;C1            ;07                   ;8E                   ;Z-RES;E;5       ;0000   ;51       ;5150      ;             ;C1_07_8E_5
  100;C1            ;07                   ;9E                   ;Z-RES;E;5       ;0000   ;51       ;5150      ;             ;C1_07_9E_5
  100;C1            ;07                   ;AE                   ;Z-RES;E;5       ;0000   ;51       ;5150      ;             ;C1_07_AE_5
  100;C1            ;07                   ;BE                   ;Z-RES;E;5       ;0000   ;51       ;5150      ;             ;C1_07_BE_5
  100;C1            ;07                   ;CE                   ;Z-RES;E;5       ;0000   ;51       ;5150      ;             ;C1_07_CE_5
  100;C1            ;08                   ;1E                   ;Z-RES;E;5       ;0000   ;51       ;5150      ;             ;C1_08_1E_5
  100;C1            ;08                   ;2E                   ;Z-RES;E;5       ;0000   ;51       ;5150      ;             ;C1_08_2E_5
  100;C1            ;08                   ;3E                   ;Z-RES;E;5       ;0000   ;51       ;5150      ;             ;C1_08_3E_5
  100;C1            ;08                   ;4E                   ;Z-RES;E;5       ;0000   ;51       ;5180      ;             ;C1_08_4E_5
  100;C1            ;09                   ;1E                   ;Z-RES;E;5       ;0000   ;51       ;5150      ;             ;C1_09_1E_5
  100;C1            ;09                   ;2E                   ;Z-RES;E;5       ;0000   ;51       ;5150      ;             ;C1_09_2E_5
  100;C1            ;09                   ;3E                   ;Z-RES;E;5       ;0000   ;51       ;5150      ;             ;C1_09_3E_5
  100;C1            ;09                   ;4E                   ;Z-RES;E;5       ;0000   ;51       ;5150      ;             ;C1_09_4E_5
  100;C1            ;10                   ;1E                   ;Z-RES;E;5       ;0000   ;51       ;5150      ;             ;C1_10_1E_5
  100;C1            ;10                   ;2E                   ;Z-RES;E;5       ;0000   ;51       ;5150      ;             ;C1_10_2E_5
  100;C1            ;10                   ;3E                   ;Z-RES;E;5       ;0000   ;51       ;5150      ;             ;C1_10_3E_5
  100;C1            ;11                   ;1E                   ;Z-RES;E;5       ;0000   ;51       ;5150      ;             ;C1_11_1E_5
  100;C1            ;11                   ;2E                   ;Z-RES;E;5       ;0000   ;51       ;5150      ;             ;C1_11_2E_5
  100;C1            ;11                   ;3E                   ;Z-RES;E;5       ;0000   ;51       ;5150      ;             ;C1_11_3E_5
  100;C1            ;12                   ;1E                   ;Z-RES;E;5       ;0000   ;51       ;5150      ;             ;C1_12_1E_5
  100;C1            ;12                   ;2E                   ;Z-RES;E;5       ;0000   ;51       ;5150      ;             ;C1_12_2E_5
  100;C1            ;12                   ;3E                   ;Z-RES;E;5       ;0000   ;51       ;5150      ;             ;C1_12_3E_5
  100;C1            ;HV                   ;1L                   ;Z-RES;E;6       ;0000   ;51       ;5150      ;             ;C1_HV_1L_6
  100;C1            ;HV                   ;1T                   ;Z-RES;E;6       ;0000   ;51       ;5150      ;             ;C1_HV_1T_6
  100;C2            ;01                   ;1E                   ;Z-RES;E;5       ;0000   ;51       ;5150      ;             ;C2_01_1E_5
  100;C2            ;01                   ;2E                   ;Z-RES;E;5       ;0000   ;51       ;5150      ;             ;C2_01_2E_5
  100;C2            ;01                   ;3E                   ;Z-RES;E;5       ;0000   ;51       ;5150      ;             ;C2_01_3E_5
  100;C2            ;01                   ;4E                   ;Z-RES;E;5       ;0000   ;51       ;5150      ;             ;C2_01_4E_5
  100;C2            ;01                   ;5E                   ;Z-RES;E;5       ;0000   ;51       ;5150      ;             ;C2_01_5E_5
  100;C2            ;01                   ;6E                   ;Z-RES;E;5       ;0000   ;51       ;5150      ;             ;C2_01_6E_5
  100;C2            ;01                   ;7E                   ;Z-RES;E;5       ;0000   ;51       ;5150      ;             ;C2_01_7E_5
  100;C2            ;01                   ;8E                   ;Z-RES;E;5       ;0000   ;51       ;5150      ;             ;C2_01_8E_5
  100;C2            ;01                   ;9E                   ;Z-RES;E;5       ;0000   ;51       ;5150      ;             ;C2_01_9E_5
  100;C2            ;01                   ;AE                   ;Z-RES;E;5       ;0000   ;51       ;5150      ;             ;C2_01_AE_5
  100;C2            ;01                   ;BE                   ;Z-RES;E;5       ;0000   ;51       ;5150      ;             ;C2_01_BE_5
  100;C2            ;01                   ;CE                   ;Z-RES;E;5       ;0000   ;51       ;5150      ;             ;C2_01_CE_5
  100;C2            ;01                   ;DE                   ;Z-RES;E;5       ;0000   ;51       ;5150      ;             ;C2_01_DE_5
  100;C2            ;01                   ;EE                   ;Z-RES;E;5       ;0000   ;51       ;5150      ;             ;C2_01_EE_5
  100;C2            ;02                   ;1E                   ;Z-RES;E;5       ;0000   ;51       ;5150      ;             ;C2_02_1E_5
  100;C2            ;02                   ;2E                   ;Z-RES;E;5       ;0000   ;51       ;5150      ;             ;C2_02_2E_5
  100;C2            ;02                   ;3E                   ;Z-RES;E;5       ;0000   ;51       ;5150      ;             ;C2_02_3E_5
  100;C2            ;02                   ;4E                   ;Z-RES;E;5       ;0000   ;51       ;5150      ;             ;C2_02_4E_5
  100;C2            ;02                   ;5E                   ;Z-RES;E;5       ;0000   ;51       ;5150      ;             ;C2_02_5E_5
  100;C2            ;02                   ;6E                   ;Z-RES;E;5       ;0000   ;51       ;5150      ;             ;C2_02_6E_5
  100;C2            ;02                   ;7E                   ;Z-RES;E;5       ;0000   ;51       ;5150      ;             ;C2_02_7E_5
  100;C2            ;02                   ;8E                   ;Z-RES;E;5       ;0000   ;51       ;5150      ;             ;C2_02_8E_5
  100;C2            ;02                   ;9E                   ;Z-RES;E;5       ;0000   ;51       ;5150      ;             ;C2_02_9E_5
  100;C2            ;02                   ;AE                   ;Z-RES;E;5       ;0000   ;51       ;5150      ;             ;C2_02_AE_5
  100;C2            ;02                   ;BE                   ;Z-RES;E;5       ;0000   ;51       ;5150      ;             ;C2_02_BE_5
  100;C2            ;02                   ;CE                   ;Z-RES;E;5       ;0000   ;51       ;5150      ;             ;C2_02_CE_5
  100;C2            ;02                   ;DE                   ;Z-RES;E;5       ;0000   ;51       ;5150      ;             ;C2_02_DE_5
  100;C2            ;02                   ;EE                   ;Z-RES;E;5       ;0000   ;51       ;5150      ;             ;C2_02_EE_5
  100;C2            ;03                   ;1E                   ;Z-RES;E;5       ;0000   ;51       ;5150      ;             ;C2_03_1E_5
  100;C2            ;03                   ;2E                   ;Z-RES;E;5       ;0000   ;51       ;5150      ;             ;C2_03_2E_5
  100;C2            ;03                   ;3E                   ;Z-RES;E;5       ;0000   ;51       ;5150      ;             ;C2_03_3E_5
  100;C2            ;03                   ;4E                   ;Z-RES;E;5       ;0000   ;51       ;5150      ;             ;C2_03_4E_5
  100;C2            ;03                   ;5E                   ;Z-RES;E;5       ;0000   ;51       ;5150      ;             ;C2_03_5E_5
  100;C2            ;03                   ;6E                   ;Z-RES;E;5       ;0000   ;51       ;5150      ;             ;C2_03_6E_5
  100;C2            ;03                   ;7E                   ;Z-RES;E;5       ;0000   ;51       ;5150      ;             ;C2_03_7E_5
  100;C2            ;03                   ;8E                   ;Z-RES;E;5       ;0000   ;51       ;5150      ;             ;C2_03_8E_5
  100;C2            ;03                   ;9E                   ;Z-RES;E;5       ;0000   ;51       ;5150      ;             ;C2_03_9E_5
  100;C2            ;03                   ;AE                   ;Z-RES;E;5       ;0000   ;51       ;5150      ;             ;C2_03_AE_5
  100;C2            ;03                   ;BE                   ;Z-RES;E;5       ;0000   ;51       ;5150      ;             ;C2_03_BE_5
  100;C2            ;03                   ;CE                   ;Z-RES;E;5       ;0000   ;51       ;5150      ;             ;C2_03_CE_5
  100;C2            ;03                   ;DE                   ;Z-RES;E;5       ;0000   ;51       ;5150      ;             ;C2_03_DE_5
  100;C2            ;03                   ;EE                   ;Z-RES;E;5       ;0000   ;51       ;5150      ;             ;C2_03_EE_5
  100;C2            ;04                   ;1E                   ;Z-RES;E;5       ;0000   ;51       ;5150      ;             ;C2_04_1E_5
  100;C2            ;04                   ;2E                   ;Z-RES;E;5       ;0000   ;51       ;5150      ;             ;C2_04_2E_5
  100;C2            ;04                   ;3E                   ;Z-RES;E;5       ;0000   ;51       ;5150      ;             ;C2_04_3E_5
  100;C2            ;04                   ;4E                   ;Z-RES;E;5       ;0000   ;51       ;5150      ;             ;C2_04_4E_5
  100;C2            ;04                   ;5E                   ;Z-RES;E;5       ;0000   ;51       ;5150      ;             ;C2_04_5E_5
  100;C2            ;04                   ;6E                   ;Z-RES;E;5       ;0000   ;51       ;5150      ;             ;C2_04_6E_5
  100;C2            ;04                   ;7E                   ;Z-RES;E;5       ;0000   ;51       ;5150      ;             ;C2_04_7E_5
  100;C2            ;04                   ;8E                   ;Z-RES;E;5       ;0000   ;51       ;5150      ;             ;C2_04_8E_5
  100;C2            ;04                   ;9E                   ;Z-RES;E;5       ;0000   ;51       ;5150      ;             ;C2_04_9E_5
  100;C2            ;04                   ;AE                   ;Z-RES;E;5       ;0000   ;51       ;5150      ;             ;C2_04_AE_5
  100;C2            ;04                   ;BE                   ;Z-RES;E;5       ;0000   ;51       ;5150      ;             ;C2_04_BE_5
  100;C2            ;04                   ;CE                   ;Z-RES;E;5       ;0000   ;51       ;5150      ;             ;C2_04_CE_5
  100;C2            ;04                   ;DE                   ;Z-RES;E;5       ;0000   ;51       ;5150      ;             ;C2_04_DE_5
  100;C2            ;04                   ;EE                   ;Z-RES;E;5       ;0000   ;51       ;5150      ;             ;C2_04_EE_5
  100;C2            ;05                   ;1E                   ;Z-RES;E;5       ;0000   ;51       ;5150      ;             ;C2_05_1E_5
  100;C2            ;05                   ;2E                   ;Z-RES;E;5       ;0000   ;51       ;5150      ;             ;C2_05_2E_5
  100;C2            ;05                   ;3E                   ;Z-RES;E;5       ;0000   ;51       ;5150      ;             ;C2_05_3E_5
  100;C2            ;05                   ;4E                   ;Z-RES;E;5       ;0000   ;51       ;5150      ;             ;C2_05_4E_5
  100;C2            ;05                   ;5E                   ;Z-RES;E;5       ;0000   ;51       ;5150      ;             ;C2_05_5E_5
  100;C2            ;05                   ;6E                   ;Z-RES;E;5       ;0000   ;51       ;5150      ;             ;C2_05_6E_5
  100;C2            ;05                   ;7E                   ;Z-RES;E;5       ;0000   ;51       ;5150      ;             ;C2_05_7E_5
  100;C2            ;05                   ;8E                   ;Z-RES;E;5       ;0000   ;51       ;5150      ;             ;C2_05_8E_5
  100;C2            ;05                   ;9E                   ;Z-RES;E;5       ;0000   ;51       ;5150      ;             ;C2_05_9E_5
  100;C2            ;05                   ;AE                   ;Z-RES;E;5       ;0000   ;51       ;5150      ;             ;C2_05_AE_5
  100;C2            ;05                   ;BE                   ;Z-RES;E;5       ;0000   ;51       ;5150      ;             ;C2_05_BE_5
  100;C2            ;05                   ;CE                   ;Z-RES;E;5       ;0000   ;51       ;5150      ;             ;C2_05_CE_5
  100;C2            ;06                   ;1E                   ;Z-RES;E;5       ;0000   ;51       ;5150      ;             ;C2_06_1E_5
  100;C2            ;06                   ;2E                   ;Z-RES;E;5       ;0000   ;51       ;5150      ;             ;C2_06_2E_5
  100;C2            ;06                   ;3E                   ;Z-RES;E;5       ;0000   ;51       ;5150      ;             ;C2_06_3E_5
  100;C2            ;06                   ;4E                   ;Z-RES;E;5       ;0000   ;51       ;5150      ;             ;C2_06_4E_5
  100;C2            ;06                   ;5E                   ;Z-RES;E;5       ;0000   ;51       ;5150      ;             ;C2_06_5E_5
  100;C2            ;06                   ;6E                   ;Z-RES;E;5       ;0000   ;51       ;5150      ;             ;C2_06_6E_5
  100;C2            ;06                   ;7E                   ;Z-RES;E;5       ;0000   ;51       ;5150      ;             ;C2_06_7E_5
  100;C2            ;06                   ;8E                   ;Z-RES;E;5       ;0000   ;51       ;5150      ;             ;C2_06_8E_5
  100;C2            ;06                   ;9E                   ;Z-RES;E;5       ;0000   ;51       ;5150      ;             ;C2_06_9E_5
  100;C2            ;06                   ;AE                   ;Z-RES;E;5       ;0000   ;51       ;5150      ;             ;C2_06_AE_5
  100;C2            ;06                   ;BE                   ;Z-RES;E;5       ;0000   ;51       ;5150      ;             ;C2_06_BE_5
  100;C2            ;06                   ;CE                   ;Z-RES;E;5       ;0000   ;51       ;5150      ;             ;C2_06_CE_5
  100;C2            ;07                   ;1E                   ;Z-RES;E;5       ;0000   ;51       ;5150      ;             ;C2_07_1E_5
  100;C2            ;07                   ;2E                   ;Z-RES;E;5       ;0000   ;51       ;5150      ;             ;C2_07_2E_5
  100;C2            ;07                   ;3E                   ;Z-RES;E;5       ;0000   ;51       ;5150      ;             ;C2_07_3E_5
  100;C2            ;07                   ;4E                   ;Z-RES;E;5       ;0000   ;51       ;5180      ;             ;C2_07_4E_5
  100;C2            ;07                   ;5E                   ;Z-RES;E;5       ;0000   ;51       ;5150      ;             ;C2_07_5E_5
  100;C2            ;07                   ;6E                   ;Z-RES;E;5       ;0000   ;51       ;5150      ;             ;C2_07_6E_5
  100;C2            ;07                   ;7E                   ;Z-RES;E;5       ;0000   ;51       ;5150      ;             ;C2_07_7E_5
  100;C2            ;07                   ;8E                   ;Z-RES;E;5       ;0000   ;51       ;5150      ;             ;C2_07_8E_5
  100;C2            ;07                   ;9E                   ;Z-RES;E;5       ;0000   ;51       ;5150      ;             ;C2_07_9E_5
  100;C2            ;07                   ;AE                   ;Z-RES;E;5       ;0000   ;51       ;5150      ;             ;C2_07_AE_5
  100;C2            ;07                   ;BE                   ;Z-RES;E;5       ;0000   ;51       ;5150      ;             ;C2_07_BE_5
  100;C2            ;07                   ;CE                   ;Z-RES;E;5       ;0000   ;51       ;5150      ;             ;C2_07_CE_5
  100;C2            ;08                   ;1E                   ;Z-RES;E;5       ;0000   ;51       ;5150      ;             ;C2_08_1E_5
  100;C2            ;08                   ;2E                   ;Z-RES;E;5       ;0000   ;51       ;5150      ;             ;C2_08_2E_5
  100;C2            ;08                   ;3E                   ;Z-RES;E;5       ;0000   ;51       ;5150      ;             ;C2_08_3E_5
  100;C2            ;09                   ;1E                   ;Z-RES;E;5       ;0000   ;51       ;5150      ;             ;C2_09_1E_5
  100;C2            ;09                   ;2E                   ;Z-RES;E;5       ;0000   ;51       ;5180      ;             ;C2_09_2E_5
  100;C2            ;09                   ;3E                   ;Z-RES;E;5       ;0000   ;51       ;5150      ;             ;C2_09_3E_5
  100;C2            ;09                   ;4E                   ;Z-RES;E;5       ;0000   ;51       ;5150      ;             ;C2_09_4E_5
  100;C2            ;10                   ;3E                   ;Z-RES;E;5       ;0000   ;51       ;5150      ;             ;C2_10_3E_5
  100;C2            ;11                   ;3E                   ;Z-RES;E;5       ;0000   ;51       ;5150      ;             ;C2_11_3E_5
  100;C2            ;12                   ;3E                   ;Z-RES;E;5       ;0000   ;51       ;5150      ;             ;C2_12_3E_5
  100;C3            ;01                   ;1E                   ;Z-RES;E;5       ;0000   ;51       ;5150      ;             ;C3_01_1E_5
  100;C3            ;01                   ;2E                   ;Z-RES;E;5       ;0000   ;51       ;5150      ;             ;C3_01_2E_5
  100;C3            ;01                   ;3E                   ;Z-RES;E;5       ;0000   ;51       ;5150      ;             ;C3_01_3E_5
  100;C3            ;01                   ;4E                   ;Z-RES;E;5       ;0000   ;51       ;5150      ;             ;C3_01_4E_5
  100;C3            ;01                   ;5E                   ;Z-RES;E;5       ;0000   ;51       ;5150      ;             ;C3_01_5E_5
  100;C3            ;01                   ;6E                   ;Z-RES;E;5       ;0000   ;51       ;5150      ;             ;C3_01_6E_5
  100;C3            ;01                   ;7E                   ;Z-RES;E;5       ;0000   ;51       ;5150      ;             ;C3_01_7E_5
  100;C3            ;01                   ;8E                   ;Z-RES;E;5       ;0000   ;51       ;5150      ;             ;C3_01_8E_5
  100;C3            ;01                   ;9E                   ;Z-RES;E;5       ;0000   ;51       ;5150      ;             ;C3_01_9E_5
  100;C3            ;01                   ;AE                   ;Z-RES;E;5       ;0000   ;51       ;5150      ;             ;C3_01_AE_5
  100;C3            ;01                   ;BE                   ;Z-RES;E;5       ;0000   ;51       ;5150      ;             ;C3_01_BE_5
  100;C3            ;01                   ;CE                   ;Z-RES;E;5       ;0000   ;51       ;5150      ;             ;C3_01_CE_5
  100;C3            ;01                   ;DE                   ;Z-RES;E;5       ;0000   ;51       ;5150      ;             ;C3_01_DE_5
  100;C3            ;01                   ;EE                   ;Z-RES;E;5       ;0000   ;51       ;5150      ;             ;C3_01_EE_5
  100;C3            ;02                   ;1E                   ;Z-RES;E;5       ;0000   ;51       ;5150      ;             ;C3_02_1E_5
  100;C3            ;02                   ;2E                   ;Z-RES;E;5       ;0000   ;51       ;5150      ;             ;C3_02_2E_5
  100;C3            ;02                   ;3E                   ;Z-RES;E;5       ;0000   ;51       ;5150      ;             ;C3_02_3E_5
  100;C3            ;02                   ;4E                   ;Z-RES;E;5       ;0000   ;51       ;5150      ;             ;C3_02_4E_5
  100;C3            ;02                   ;5E                   ;Z-RES;E;5       ;0000   ;51       ;5150      ;             ;C3_02_5E_5
  100;C3            ;02                   ;6E                   ;Z-RES;E;5       ;0000   ;51       ;5150      ;             ;C3_02_6E_5
  100;C3            ;02                   ;7E                   ;Z-RES;E;5       ;0000   ;51       ;5150      ;             ;C3_02_7E_5
  100;C3            ;02                   ;8E                   ;Z-RES;E;5       ;0000   ;51       ;5150      ;             ;C3_02_8E_5
  100;C3            ;02                   ;9E                   ;Z-RES;E;5       ;0000   ;51       ;5150      ;             ;C3_02_9E_5
  100;C3            ;02                   ;AE                   ;Z-RES;E;5       ;0000   ;51       ;5150      ;             ;C3_02_AE_5
  100;C3            ;02                   ;BE                   ;Z-RES;E;5       ;0000   ;51       ;5150      ;             ;C3_02_BE_5
  100;C3            ;02                   ;CE                   ;Z-RES;E;5       ;0000   ;51       ;5150      ;             ;C3_02_CE_5
  100;C3            ;02                   ;DE                   ;Z-RES;E;5       ;0000   ;51       ;5150      ;             ;C3_02_DE_5
  100;C3            ;02                   ;EE                   ;Z-RES;E;5       ;0000   ;51       ;5150      ;             ;C3_02_EE_5
  100;C3            ;03                   ;1E                   ;Z-RES;E;5       ;0000   ;51       ;5150      ;             ;C3_03_1E_5
  100;C3            ;03                   ;2E                   ;Z-RES;E;5       ;0000   ;51       ;5150      ;             ;C3_03_2E_5
  100;C3            ;03                   ;3E                   ;Z-RES;E;5       ;0000   ;51       ;5150      ;             ;C3_03_3E_5
  100;C3            ;03                   ;4E                   ;Z-RES;E;5       ;0000   ;51       ;5150      ;             ;C3_03_4E_5
  100;C3            ;03                   ;5E                   ;Z-RES;E;5       ;0000   ;51       ;5150      ;             ;C3_03_5E_5
  100;C3            ;03                   ;6E                   ;Z-RES;E;5       ;0000   ;51       ;5150      ;             ;C3_03_6E_5
  100;C3            ;03                   ;7E                   ;Z-RES;E;5       ;0000   ;51       ;5150      ;             ;C3_03_7E_5
  100;C3            ;03                   ;8E                   ;Z-RES;E;5       ;0000   ;51       ;5150      ;             ;C3_03_8E_5
  100;C3            ;03                   ;9E                   ;Z-RES;E;5       ;0000   ;51       ;5150      ;             ;C3_03_9E_5
  100;C3            ;03                   ;AE                   ;Z-RES;E;5       ;0000   ;51       ;5150      ;             ;C3_03_AE_5
  100;C3            ;03                   ;BE                   ;Z-RES;E;5       ;0000   ;51       ;5150      ;             ;C3_03_BE_5
  100;C3            ;03                   ;CE                   ;Z-RES;E;5       ;0000   ;51       ;5150      ;             ;C3_03_CE_5
  100;C3            ;03                   ;DE                   ;Z-RES;E;5       ;0000   ;51       ;5150      ;             ;C3_03_DE_5
  100;C3            ;03                   ;EE                   ;Z-RES;E;5       ;0000   ;51       ;5150      ;             ;C3_03_EE_5
  100;C3            ;04                   ;1E                   ;Z-RES;E;5       ;0000   ;51       ;5150      ;             ;C3_04_1E_5
  100;C3            ;04                   ;2E                   ;Z-RES;E;5       ;0000   ;51       ;5150      ;             ;C3_04_2E_5
  100;C3            ;04                   ;3E                   ;Z-RES;E;5       ;0000   ;51       ;5150      ;             ;C3_04_3E_5
  100;C3            ;04                   ;4E                   ;Z-RES;E;5       ;0000   ;51       ;5150      ;             ;C3_04_4E_5
  100;C3            ;04                   ;5E                   ;Z-RES;E;5       ;0000   ;51       ;5150      ;             ;C3_04_5E_5
  100;C3            ;04                   ;6E                   ;Z-RES;E;5       ;0000   ;51       ;5150      ;             ;C3_04_6E_5
  100;C3            ;04                   ;7E                   ;Z-RES;E;5       ;0000   ;51       ;5150      ;             ;C3_04_7E_5
  100;C3            ;04                   ;8E                   ;Z-RES;E;5       ;0000   ;51       ;5150      ;             ;C3_04_8E_5
  100;C3            ;04                   ;9E                   ;Z-RES;E;5       ;0000   ;51       ;5150      ;             ;C3_04_9E_5
  100;C3            ;04                   ;AE                   ;Z-RES;E;5       ;0000   ;51       ;5150      ;             ;C3_04_AE_5
  100;C3            ;04                   ;BE                   ;Z-RES;E;5       ;0000   ;51       ;5150      ;             ;C3_04_BE_5
  100;C3            ;04                   ;DE                   ;Z-RES;E;5       ;0000   ;51       ;5150      ;             ;C3_04_DE_5
  100;C3            ;04                   ;EE                   ;Z-RES;E;5       ;0000   ;51       ;5150      ;             ;C3_04_EE_5
  100;C3            ;05                   ;1E                   ;Z-RES;E;5       ;0000   ;51       ;5150      ;             ;C3_05_1E_5
  100;C3            ;05                   ;2E                   ;Z-RES;E;5       ;0000   ;51       ;5150      ;             ;C3_05_2E_5
  100;C3            ;05                   ;3E                   ;Z-RES;E;5       ;0000   ;51       ;5150      ;             ;C3_05_3E_5
  100;C3            ;05                   ;4E                   ;Z-RES;E;5       ;0000   ;51       ;5150      ;             ;C3_05_4E_5
  100;C3            ;05                   ;5E                   ;Z-RES;E;5       ;0000   ;51       ;5150      ;             ;C3_05_5E_5
  100;C3            ;05                   ;6E                   ;Z-RES;E;5       ;0000   ;51       ;5150      ;             ;C3_05_6E_5
  100;C3            ;05                   ;7E                   ;Z-RES;E;5       ;0000   ;51       ;5150      ;             ;C3_05_7E_5
  100;C3            ;05                   ;8E                   ;Z-RES;E;5       ;0000   ;51       ;5150      ;             ;C3_05_8E_5
  100;C3            ;05                   ;9E                   ;Z-RES;E;5       ;0000   ;51       ;5150      ;             ;C3_05_9E_5
  100;C3            ;06                   ;1E                   ;Z-RES;E;5       ;0000   ;51       ;5150      ;             ;C3_06_1E_5
  100;C3            ;06                   ;2E                   ;Z-RES;E;5       ;0000   ;51       ;5150      ;             ;C3_06_2E_5
  100;C3            ;06                   ;3E                   ;Z-RES;E;5       ;0000   ;51       ;5150      ;             ;C3_06_3E_5
  100;C3            ;06                   ;4E                   ;Z-RES;E;5       ;0000   ;51       ;5150      ;             ;C3_06_4E_5
  100;C3            ;06                   ;5E                   ;Z-RES;E;5       ;0000   ;51       ;5150      ;             ;C3_06_5E_5
  100;C3            ;06                   ;6E                   ;Z-RES;E;5       ;0000   ;51       ;5150      ;             ;C3_06_6E_5
  100;C3            ;06                   ;7E                   ;Z-RES;E;5       ;0000   ;51       ;5150      ;             ;C3_06_7E_5
  100;C3            ;06                   ;8E                   ;Z-RES;E;5       ;0000   ;51       ;5150      ;             ;C3_06_8E_5
  100;C3            ;06                   ;9E                   ;Z-RES;E;5       ;0000   ;51       ;5150      ;             ;C3_06_9E_5
  100;C3            ;07                   ;1E                   ;Z-RES;E;5       ;0000   ;51       ;5150      ;             ;C3_07_1E_5
  100;C3            ;07                   ;2E                   ;Z-RES;E;5       ;0000   ;51       ;5180      ;             ;C3_07_2E_5
  100;C3            ;07                   ;3E                   ;Z-RES;E;5       ;0000   ;51       ;5150      ;             ;C3_07_3E_5
  100;C3            ;07                   ;4E                   ;Z-RES;E;5       ;0000   ;51       ;5180      ;             ;C3_07_4E_5
  100;C3            ;07                   ;5E                   ;Z-RES;E;5       ;0000   ;51       ;5150      ;             ;C3_07_5E_5
  100;C3            ;07                   ;6E                   ;Z-RES;E;5       ;0000   ;51       ;5150      ;             ;C3_07_6E_5
  100;C3            ;08                   ;1E                   ;Z-RES;E;5       ;0000   ;51       ;5150      ;             ;C3_08_1E_5
  100;C3            ;08                   ;2E                   ;Z-RES;E;5       ;0000   ;51       ;5180      ;             ;C3_08_2E_5
  100;C3            ;08                   ;3E                   ;Z-RES;E;5       ;0000   ;51       ;5150      ;             ;C3_08_3E_5
  100;C3            ;09                   ;1E                   ;Z-RES;E;5       ;0000   ;51       ;5180      ;             ;C3_09_1E_5
  100;C3            ;09                   ;2E                   ;Z-RES;E;5       ;0000   ;51       ;5180      ;             ;C3_09_2E_5
  100;C3            ;09                   ;3E                   ;Z-RES;E;5       ;0000   ;51       ;5150      ;             ;C3_09_3E_5
  100;C3            ;09                   ;4E                   ;Z-RES;E;5       ;0000   ;51       ;5150      ;             ;C3_09_4E_5
  100;C3            ;10                   ;3E                   ;Z-RES;E;5       ;0000   ;51       ;5150      ;             ;C3_10_3E_5
  100;C3            ;11                   ;3E                   ;Z-RES;E;5       ;0000   ;51       ;5150      ;             ;C3_11_3E_5
  100;C3            ;12                   ;3E                   ;Z-RES;E;5       ;0000   ;51       ;5150      ;             ;C3_12_3E_5
  100;C4            ;01                   ;1E                   ;Z-RES;E;5       ;0000   ;51       ;5150      ;             ;C4_01_1E_5
  100;C4            ;01                   ;2E                   ;Z-RES;E;5       ;0000   ;51       ;5150      ;             ;C4_01_2E_5
  100;C4            ;01                   ;3E                   ;Z-RES;E;5       ;0000   ;51       ;5150      ;             ;C4_01_3E_5
  100;C4            ;01                   ;4E                   ;Z-RES;E;5       ;0000   ;51       ;5150      ;             ;C4_01_4E_5
  100;C4            ;01                   ;5E                   ;Z-RES;E;5       ;0000   ;51       ;5150      ;             ;C4_01_5E_5
  100;C4            ;01                   ;6E                   ;Z-RES;E;5       ;0000   ;51       ;5150      ;             ;C4_01_6E_5
  100;C4            ;01                   ;7E                   ;Z-RES;E;5       ;0000   ;51       ;5150      ;             ;C4_01_7E_5
  100;C4            ;01                   ;8E                   ;Z-RES;E;5       ;0000   ;51       ;5150      ;             ;C4_01_8E_5
  100;C4            ;01                   ;9E                   ;Z-RES;E;5       ;0000   ;51       ;5150      ;             ;C4_01_9E_5
  100;C4            ;01                   ;AE                   ;Z-RES;E;5       ;0000   ;51       ;5150      ;             ;C4_01_AE_5
  100;C4            ;01                   ;BE                   ;Z-RES;E;5       ;0000   ;51       ;5150      ;             ;C4_01_BE_5
  100;C4            ;01                   ;CE                   ;Z-RES;E;5       ;0000   ;51       ;5150      ;             ;C4_01_CE_5
  100;C4            ;01                   ;DE                   ;Z-RES;E;5       ;0000   ;51       ;5150      ;             ;C4_01_DE_5
  100;C4            ;01                   ;EE                   ;Z-RES;E;5       ;0000   ;51       ;5150      ;             ;C4_01_EE_5
  100;C4            ;02                   ;1E                   ;Z-RES;E;5       ;0000   ;51       ;5150      ;             ;C4_02_1E_5
  100;C4            ;02                   ;2E                   ;Z-RES;E;5       ;0000   ;51       ;5150      ;             ;C4_02_2E_5
  100;C4            ;02                   ;3E                   ;Z-RES;E;5       ;0000   ;51       ;5150      ;             ;C4_02_3E_5
  100;C4            ;02                   ;4E                   ;Z-RES;E;5       ;0000   ;51       ;5150      ;             ;C4_02_4E_5
  100;C4            ;02                   ;5E                   ;Z-RES;E;5       ;0000   ;51       ;5150      ;             ;C4_02_5E_5
  100;C4            ;02                   ;6E                   ;Z-RES;E;5       ;0000   ;51       ;5150      ;             ;C4_02_6E_5
  100;C4            ;02                   ;7E                   ;Z-RES;E;5       ;0000   ;51       ;5150      ;             ;C4_02_7E_5
  100;C4            ;02                   ;8E                   ;Z-RES;E;5       ;0000   ;51       ;5150      ;             ;C4_02_8E_5
  100;C4            ;02                   ;9E                   ;Z-RES;E;5       ;0000   ;51       ;5150      ;             ;C4_02_9E_5
  100;C4            ;02                   ;AE                   ;Z-RES;E;5       ;0000   ;51       ;5150      ;             ;C4_02_AE_5
  100;C4            ;02                   ;BE                   ;Z-RES;E;5       ;0000   ;51       ;5150      ;             ;C4_02_BE_5
  100;C4            ;02                   ;CE                   ;Z-RES;E;5       ;0000   ;51       ;5150      ;             ;C4_02_CE_5
  100;C4            ;02                   ;DE                   ;Z-RES;E;5       ;0000   ;51       ;5150      ;             ;C4_02_DE_5
  100;C4            ;02                   ;EE                   ;Z-RES;E;5       ;0000   ;51       ;5150      ;             ;C4_02_EE_5
  100;C4            ;03                   ;1E                   ;Z-RES;E;5       ;0000   ;51       ;5150      ;             ;C4_03_1E_5
  100;C4            ;03                   ;2E                   ;Z-RES;E;5       ;0000   ;51       ;5150      ;             ;C4_03_2E_5
  100;C4            ;03                   ;3E                   ;Z-RES;E;5       ;0000   ;51       ;5150      ;             ;C4_03_3E_5
  100;C4            ;03                   ;4E                   ;Z-RES;E;5       ;0000   ;51       ;5150      ;             ;C4_03_4E_5
  100;C4            ;03                   ;5E                   ;Z-RES;E;5       ;0000   ;51       ;5150      ;             ;C4_03_5E_5
  100;C4            ;03                   ;6E                   ;Z-RES;E;5       ;0000   ;51       ;5150      ;             ;C4_03_6E_5
  100;C4            ;03                   ;7E                   ;Z-RES;E;5       ;0000   ;51       ;5150      ;             ;C4_03_7E_5
  100;C4            ;03                   ;8E                   ;Z-RES;E;5       ;0000   ;51       ;5150      ;             ;C4_03_8E_5
  100;C4            ;03                   ;9E                   ;Z-RES;E;5       ;0000   ;51       ;5150      ;             ;C4_03_9E_5
  100;C4            ;03                   ;AE                   ;Z-RES;E;5       ;0000   ;51       ;5150      ;             ;C4_03_AE_5
  100;C4            ;03                   ;BE                   ;Z-RES;E;5       ;0000   ;51       ;5150      ;             ;C4_03_BE_5
  100;C4            ;03                   ;CE                   ;Z-RES;E;5       ;0000   ;51       ;5150      ;             ;C4_03_CE_5
  100;C4            ;03                   ;DE                   ;Z-RES;E;5       ;0000   ;51       ;5150      ;             ;C4_03_DE_5
  100;C4            ;03                   ;EE                   ;Z-RES;E;5       ;0000   ;51       ;5150      ;             ;C4_03_EE_5
  100;C4            ;04                   ;1E                   ;Z-RES;E;5       ;0000   ;51       ;5150      ;             ;C4_04_1E_5
  100;C4            ;04                   ;2E                   ;Z-RES;E;5       ;0000   ;51       ;5150      ;             ;C4_04_2E_5
  100;C4            ;04                   ;3E                   ;Z-RES;E;5       ;0000   ;51       ;5150      ;             ;C4_04_3E_5
  100;C4            ;04                   ;4E                   ;Z-RES;E;5       ;0000   ;51       ;5150      ;             ;C4_04_4E_5
  100;C4            ;04                   ;5E                   ;Z-RES;E;5       ;0000   ;51       ;5150      ;             ;C4_04_5E_5
  100;C4            ;04                   ;6E                   ;Z-RES;E;5       ;0000   ;51       ;5150      ;             ;C4_04_6E_5
  100;C4            ;04                   ;7E                   ;Z-RES;E;5       ;0000   ;51       ;5150      ;             ;C4_04_7E_5
  100;C4            ;04                   ;8E                   ;Z-RES;E;5       ;0000   ;51       ;5150      ;             ;C4_04_8E_5
  100;C4            ;04                   ;9E                   ;Z-RES;E;5       ;0000   ;51       ;5150      ;             ;C4_04_9E_5
  100;C4            ;04                   ;AE                   ;Z-RES;E;5       ;0000   ;51       ;5150      ;             ;C4_04_AE_5
  100;C4            ;04                   ;BE                   ;Z-RES;E;5       ;0000   ;51       ;5150      ;             ;C4_04_BE_5
  100;C4            ;04                   ;DE                   ;Z-RES;E;5       ;0000   ;51       ;5150      ;             ;C4_04_DE_5
  100;C4            ;04                   ;EE                   ;Z-RES;E;5       ;0000   ;51       ;5150      ;             ;C4_04_EE_5
  100;C4            ;05                   ;1E                   ;Z-RES;E;5       ;0000   ;51       ;5150      ;             ;C4_05_1E_5
  100;C4            ;05                   ;2E                   ;Z-RES;E;5       ;0000   ;51       ;5150      ;             ;C4_05_2E_5
  100;C4            ;05                   ;3E                   ;Z-RES;E;5       ;0000   ;51       ;5150      ;             ;C4_05_3E_5
  100;C4            ;05                   ;4E                   ;Z-RES;E;5       ;0000   ;51       ;5150      ;             ;C4_05_4E_5
  100;C4            ;05                   ;5E                   ;Z-RES;E;5       ;0000   ;51       ;5150      ;             ;C4_05_5E_5
  100;C4            ;05                   ;6E                   ;Z-RES;E;5       ;0000   ;51       ;5150      ;             ;C4_05_6E_5
  100;C4            ;05                   ;7E                   ;Z-RES;E;5       ;0000   ;51       ;5150      ;             ;C4_05_7E_5
  100;C4            ;05                   ;8E                   ;Z-RES;E;5       ;0000   ;51       ;5150      ;             ;C4_05_8E_5
  100;C4            ;05                   ;9E                   ;Z-RES;E;5       ;0000   ;51       ;5150      ;             ;C4_05_9E_5
  100;C4            ;06                   ;1E                   ;Z-RES;E;5       ;0000   ;51       ;5150      ;             ;C4_06_1E_5
  100;C4            ;06                   ;2E                   ;Z-RES;E;5       ;0000   ;51       ;5150      ;             ;C4_06_2E_5
  100;C4            ;06                   ;3E                   ;Z-RES;E;5       ;0000   ;51       ;5150      ;             ;C4_06_3E_5
  100;C4            ;06                   ;4E                   ;Z-RES;E;5       ;0000   ;51       ;5150      ;             ;C4_06_4E_5
  100;C4            ;06                   ;5E                   ;Z-RES;E;5       ;0000   ;51       ;5150      ;             ;C4_06_5E_5
  100;C4            ;06                   ;6E                   ;Z-RES;E;5       ;0000   ;51       ;5150      ;             ;C4_06_6E_5
  100;C4            ;06                   ;7E                   ;Z-RES;E;5       ;0000   ;51       ;5150      ;             ;C4_06_7E_5
  100;C4            ;06                   ;8E                   ;Z-RES;E;5       ;0000   ;51       ;5150      ;             ;C4_06_8E_5
  100;C4            ;06                   ;9E                   ;Z-RES;E;5       ;0000   ;51       ;5150      ;             ;C4_06_9E_5
  100;C4            ;07                   ;1E                   ;Z-RES;E;5       ;0000   ;51       ;5150      ;             ;C4_07_1E_5
  100;C4            ;07                   ;2E                   ;Z-RES;E;5       ;0000   ;51       ;5180      ;             ;C4_07_2E_5
  100;C4            ;07                   ;3E                   ;Z-RES;E;5       ;0000   ;51       ;5150      ;             ;C4_07_3E_5
  100;C4            ;07                   ;4E                   ;Z-RES;E;5       ;0000   ;51       ;5180      ;             ;C4_07_4E_5
  100;C4            ;07                   ;5E                   ;Z-RES;E;5       ;0000   ;51       ;5150      ;             ;C4_07_5E_5
  100;C4            ;07                   ;6E                   ;Z-RES;E;5       ;0000   ;51       ;5150      ;             ;C4_07_6E_5
  100;C4            ;08                   ;1E                   ;Z-RES;E;5       ;0000   ;51       ;5150      ;             ;C4_08_1E_5
  100;C4            ;08                   ;2E                   ;Z-RES;E;5       ;0000   ;51       ;5180      ;             ;C4_08_2E_5
  100;C4            ;08                   ;3E                   ;Z-RES;E;5       ;0000   ;51       ;5150      ;             ;C4_08_3E_5
  100;C4            ;09                   ;1E                   ;Z-RES;E;5       ;0000   ;51       ;5180      ;             ;C4_09_1E_5
  100;C4            ;09                   ;2E                   ;Z-RES;E;5       ;0000   ;51       ;5180      ;             ;C4_09_2E_5
  100;C4            ;09                   ;3E                   ;Z-RES;E;5       ;0000   ;51       ;5150      ;             ;C4_09_3E_5
  100;C4            ;09                   ;4E                   ;Z-RES;E;5       ;0000   ;51       ;5150      ;             ;C4_09_4E_5
  100;C4            ;10                   ;3E                   ;Z-RES;E;5       ;0000   ;51       ;5150      ;             ;C4_10_3E_5
  100;C4            ;11                   ;3E                   ;Z-RES;E;5       ;0000   ;51       ;5150      ;             ;C4_11_3E_5
  100;C5            ;01                   ;1E                   ;Z-RES;E;5       ;0000   ;51       ;5150      ;             ;C5_01_1E_5
  100;C5            ;01                   ;2E                   ;Z-RES;E;5       ;0000   ;51       ;5150      ;             ;C5_01_2E_5
  100;C5            ;01                   ;3E                   ;Z-RES;E;5       ;0000   ;51       ;5150      ;             ;C5_01_3E_5
  100;C5            ;01                   ;4E                   ;Z-RES;E;5       ;0000   ;51       ;5150      ;             ;C5_01_4E_5
  100;C5            ;02                   ;1E                   ;Z-RES;E;5       ;0000   ;51       ;5150      ;             ;C5_02_1E_5
  100;C5            ;02                   ;2E                   ;Z-RES;E;5       ;0000   ;51       ;5150      ;             ;C5_02_2E_5
  100;C5            ;02                   ;3E                   ;Z-RES;E;5       ;0000   ;51       ;5150      ;             ;C5_02_3E_5
  100;C5            ;02                   ;4E                   ;Z-RES;E;5       ;0000   ;51       ;5150      ;             ;C5_02_4E_5
  100;C5            ;03                   ;1E                   ;Z-RES;E;5       ;0000   ;51       ;5150      ;             ;C5_03_1E_5
  100;C5            ;03                   ;2E                   ;Z-RES;E;5       ;0000   ;51       ;5150      ;             ;C5_03_2E_5
  100;C5            ;03                   ;3E                   ;Z-RES;E;5       ;0000   ;51       ;5150      ;             ;C5_03_3E_5
  100;C5            ;03                   ;4E                   ;Z-RES;E;5       ;0000   ;51       ;5150      ;             ;C5_03_4E_5
  100;C5            ;04                   ;1E                   ;Z-RES;E;5       ;0000   ;51       ;5150      ;             ;C5_04_1E_5
  100;C5            ;04                   ;2E                   ;Z-RES;E;5       ;0000   ;51       ;5150      ;             ;C5_04_2E_5
  100;C5            ;04                   ;3E                   ;Z-RES;E;5       ;0000   ;51       ;5150      ;             ;C5_04_3E_5
  100;C5            ;04                   ;4E                   ;Z-RES;E;5       ;0000   ;51       ;5150      ;             ;C5_04_4E_5
  100;C5            ;05                   ;1E                   ;Z-RES;E;5       ;0000   ;51       ;5150      ;             ;C5_05_1E_5
  100;C5            ;05                   ;2E                   ;Z-RES;E;5       ;0000   ;51       ;5150      ;             ;C5_05_2E_5
  100;C5            ;05                   ;3E                   ;Z-RES;E;5       ;0000   ;51       ;5150      ;             ;C5_05_3E_5
  100;C5            ;05                   ;4E                   ;Z-RES;E;5       ;0000   ;51       ;5150      ;             ;C5_05_4E_5
  100;C5            ;06                   ;1E                   ;Z-RES;E;5       ;0000   ;51       ;5150      ;             ;C5_06_1E_5
  100;C5            ;06                   ;2E                   ;Z-RES;E;5       ;0000   ;51       ;5150      ;             ;C5_06_2E_5
  100;C5            ;06                   ;3E                   ;Z-RES;E;5       ;0000   ;51       ;5150      ;             ;C5_06_3E_5
  100;C5            ;06                   ;4E                   ;Z-RES;E;5       ;0000   ;51       ;5150      ;             ;C5_06_4E_5
  100;C5            ;07                   ;1E                   ;Z-RES;E;5       ;0000   ;51       ;5150      ;             ;C5_07_1E_5
  100;C5            ;07                   ;2E                   ;Z-RES;E;5       ;0000   ;51       ;5180      ;             ;C5_07_2E_5
  100;C5            ;07                   ;3E                   ;Z-RES;E;5       ;0000   ;51       ;5150      ;             ;C5_07_3E_5
  100;C5            ;07                   ;4E                   ;Z-RES;E;5       ;0000   ;51       ;5180      ;             ;C5_07_4E_5
  100;C5            ;08                   ;1E                   ;Z-RES;E;5       ;0000   ;51       ;5150      ;             ;C5_08_1E_5
  100;C5            ;08                   ;2E                   ;Z-RES;E;5       ;0000   ;51       ;5180      ;             ;C5_08_2E_5
  100;C5            ;08                   ;3E                   ;Z-RES;E;5       ;0000   ;51       ;5150      ;             ;C5_08_3E_5
  100;C5            ;09                   ;1E                   ;Z-RES;E;5       ;0000   ;51       ;5180      ;             ;C5_09_1E_5
  100;C5            ;09                   ;2E                   ;Z-RES;E;5       ;0000   ;51       ;5180      ;             ;C5_09_2E_5
  100;C5            ;09                   ;3E                   ;Z-RES;E;5       ;0000   ;51       ;5150      ;             ;C5_09_3E_5
  100;C5            ;09                   ;4E                   ;Z-RES;E;5       ;0000   ;51       ;5150      ;             ;C5_09_4E_5
  100;C5            ;10                   ;3E                   ;Z-RES;E;5       ;0000   ;51       ;5150      ;             ;C5_10_3E_5
  100;C6            ;01                   ;1E                   ;Z-RES;E;5       ;0000   ;51       ;5150      ;             ;C6_01_1E_5
  100;C6            ;01                   ;2E                   ;Z-RES;E;5       ;0000   ;51       ;5150      ;             ;C6_01_2E_5
  100;C6            ;01                   ;3E                   ;Z-RES;E;5       ;0000   ;51       ;5150      ;             ;C6_01_3E_5
  100;C6            ;01                   ;4E                   ;Z-RES;E;5       ;0000   ;51       ;5150      ;             ;C6_01_4E_5
  100;C6            ;02                   ;1E                   ;Z-RES;E;5       ;0000   ;51       ;5150      ;             ;C6_02_1E_5
  100;C6            ;02                   ;2E                   ;Z-RES;E;5       ;0000   ;51       ;5150      ;             ;C6_02_2E_5
  100;C6            ;02                   ;3E                   ;Z-RES;E;5       ;0000   ;51       ;5150      ;             ;C6_02_3E_5
  100;C6            ;02                   ;4E                   ;Z-RES;E;5       ;0000   ;51       ;5150      ;             ;C6_02_4E_5
  100;C6            ;03                   ;1E                   ;Z-RES;E;5       ;0000   ;51       ;5150      ;             ;C6_03_1E_5
  100;C6            ;03                   ;2E                   ;Z-RES;E;5       ;0000   ;51       ;5150      ;             ;C6_03_2E_5
  100;C6            ;03                   ;3E                   ;Z-RES;E;5       ;0000   ;51       ;5150      ;             ;C6_03_3E_5
  100;C6            ;03                   ;4E                   ;Z-RES;E;5       ;0000   ;51       ;5150      ;             ;C6_03_4E_5
  100;C6            ;04                   ;1E                   ;Z-RES;E;5       ;0000   ;51       ;5150      ;             ;C6_04_1E_5
  100;C6            ;04                   ;2E                   ;Z-RES;E;5       ;0000   ;51       ;5150      ;             ;C6_04_2E_5
  100;C6            ;04                   ;3E                   ;Z-RES;E;5       ;0000   ;51       ;5150      ;             ;C6_04_3E_5
  100;C6            ;04                   ;4E                   ;Z-RES;E;5       ;0000   ;51       ;5150      ;             ;C6_04_4E_5
  100;C6            ;05                   ;1E                   ;Z-RES;E;5       ;0000   ;51       ;5150      ;             ;C6_05_1E_5
  100;C6            ;05                   ;2E                   ;Z-RES;E;5       ;0000   ;51       ;5150      ;             ;C6_05_2E_5
  100;C6            ;05                   ;3E                   ;Z-RES;E;5       ;0000   ;51       ;5150      ;             ;C6_05_3E_5
  100;C6            ;05                   ;4E                   ;Z-RES;E;5       ;0000   ;51       ;5150      ;             ;C6_05_4E_5
  100;C6            ;06                   ;1E                   ;Z-RES;E;5       ;0000   ;51       ;5150      ;             ;C6_06_1E_5
  100;C6            ;06                   ;2E                   ;Z-RES;E;5       ;0000   ;51       ;5150      ;             ;C6_06_2E_5
  100;C6            ;06                   ;3E                   ;Z-RES;E;5       ;0000   ;51       ;5150      ;             ;C6_06_3E_5
  100;C6            ;06                   ;4E                   ;Z-RES;E;5       ;0000   ;51       ;5150      ;             ;C6_06_4E_5
  100;C6            ;07                   ;1E                   ;Z-RES;E;5       ;0000   ;51       ;5150      ;             ;C6_07_1E_5
  100;C6            ;07                   ;2E                   ;Z-RES;E;5       ;0000   ;51       ;5180      ;             ;C6_07_2E_5
  100;C6            ;07                   ;3E                   ;Z-RES;E;5       ;0000   ;51       ;5150      ;             ;C6_07_3E_5
  100;C6            ;07                   ;4E                   ;Z-RES;E;5       ;0000   ;51       ;5180      ;             ;C6_07_4E_5
  100;C6            ;08                   ;1E                   ;Z-RES;E;5       ;0000   ;51       ;5150      ;             ;C6_08_1E_5
  100;C6            ;08                   ;2E                   ;Z-RES;E;5       ;0000   ;51       ;5180      ;             ;C6_08_2E_5
  100;C6            ;08                   ;3E                   ;Z-RES;E;5       ;0000   ;51       ;5150      ;             ;C6_08_3E_5
  100;C6            ;09                   ;1E                   ;Z-RES;E;5       ;0000   ;51       ;5180      ;             ;C6_09_1E_5
  100;C6            ;09                   ;2E                   ;Z-RES;E;5       ;0000   ;51       ;5180      ;             ;C6_09_2E_5
  100;C6            ;09                   ;3E                   ;Z-RES;E;5       ;0000   ;51       ;5150      ;             ;C6_09_3E_5
  100;C6            ;09                   ;4E                   ;Z-RES;E;5       ;0000   ;51       ;5150      ;             ;C6_09_4E_5
  100;C6            ;10                   ;3E                   ;Z-RES;E;5       ;0000   ;51       ;5150      ;             ;C6_10_3E_5
  100;C7            ;01                   ;1E                   ;Z-RES;E;5       ;0000   ;51       ;5150      ;             ;C7_01_1E_5
  100;C7            ;01                   ;2E                   ;Z-RES;E;5       ;0000   ;51       ;5150      ;             ;C7_01_2E_5
  100;C7            ;01                   ;3E                   ;Z-RES;E;5       ;0000   ;51       ;5150      ;             ;C7_01_3E_5
  100;C7            ;01                   ;4E                   ;Z-RES;E;5       ;0000   ;51       ;5150      ;             ;C7_01_4E_5
  100;C7            ;02                   ;1E                   ;Z-RES;E;5       ;0000   ;51       ;5150      ;             ;C7_02_1E_5
  100;C7            ;02                   ;2E                   ;Z-RES;E;5       ;0000   ;51       ;5150      ;             ;C7_02_2E_5
  100;C7            ;02                   ;3E                   ;Z-RES;E;5       ;0000   ;51       ;5150      ;             ;C7_02_3E_5
  100;C7            ;02                   ;4E                   ;Z-RES;E;5       ;0000   ;51       ;5150      ;             ;C7_02_4E_5
  100;C7            ;03                   ;1E                   ;Z-RES;E;5       ;0000   ;51       ;5150      ;             ;C7_03_1E_5
  100;C7            ;03                   ;2E                   ;Z-RES;E;5       ;0000   ;51       ;5150      ;             ;C7_03_2E_5
  100;C7            ;03                   ;3E                   ;Z-RES;E;5       ;0000   ;51       ;5150      ;             ;C7_03_3E_5
  100;C7            ;03                   ;4E                   ;Z-RES;E;5       ;0000   ;51       ;5150      ;             ;C7_03_4E_5
  100;C7            ;04                   ;1E                   ;Z-RES;E;5       ;0000   ;51       ;5150      ;             ;C7_04_1E_5
  100;C7            ;04                   ;2E                   ;Z-RES;E;5       ;0000   ;51       ;5150      ;             ;C7_04_2E_5
  100;C7            ;04                   ;3E                   ;Z-RES;E;5       ;0000   ;51       ;5150      ;             ;C7_04_3E_5
  100;C7            ;04                   ;4E                   ;Z-RES;E;5       ;0000   ;51       ;5150      ;             ;C7_04_4E_5
  100;C7            ;05                   ;1E                   ;Z-RES;E;5       ;0000   ;51       ;5150      ;             ;C7_05_1E_5
  100;C7            ;05                   ;2E                   ;Z-RES;E;5       ;0000   ;51       ;5150      ;             ;C7_05_2E_5
  100;C7            ;05                   ;3E                   ;Z-RES;E;5       ;0000   ;51       ;5150      ;             ;C7_05_3E_5
  100;C7            ;05                   ;4E                   ;Z-RES;E;5       ;0000   ;51       ;5150      ;             ;C7_05_4E_5
  100;C7            ;06                   ;1E                   ;Z-RES;E;5       ;0000   ;51       ;5150      ;             ;C7_06_1E_5
  100;C7            ;06                   ;2E                   ;Z-RES;E;5       ;0000   ;51       ;5150      ;             ;C7_06_2E_5
  100;C7            ;06                   ;3E                   ;Z-RES;E;5       ;0000   ;51       ;5150      ;             ;C7_06_3E_5
  100;C7            ;06                   ;4E                   ;Z-RES;E;5       ;0000   ;51       ;5150      ;             ;C7_06_4E_5
  100;C7            ;07                   ;1E                   ;Z-RES;E;5       ;0000   ;51       ;5150      ;             ;C7_07_1E_5
  100;C7            ;07                   ;2E                   ;Z-RES;E;5       ;0000   ;51       ;5180      ;             ;C7_07_2E_5
  100;C7            ;07                   ;3E                   ;Z-RES;E;5       ;0000   ;51       ;5180      ;             ;C7_07_3E_5
  100;C7            ;07                   ;4E                   ;Z-RES;E;5       ;0000   ;51       ;5180      ;             ;C7_07_4E_5
  100;C7            ;08                   ;1E                   ;Z-RES;E;5       ;0000   ;51       ;5150      ;             ;C7_08_1E_5
  100;C7            ;08                   ;2E                   ;Z-RES;E;5       ;0000   ;51       ;5180      ;             ;C7_08_2E_5
  100;C7            ;08                   ;3E                   ;Z-RES;E;5       ;0000   ;51       ;5180      ;             ;C7_08_3E_5
  100;C7            ;09                   ;1E                   ;Z-RES;E;5       ;0000   ;51       ;5180      ;             ;C7_09_1E_5
  100;C7            ;09                   ;2E                   ;Z-RES;E;5       ;0000   ;51       ;5180      ;             ;C7_09_2E_5
  100;C7            ;09                   ;3E                   ;Z-RES;E;5       ;0000   ;51       ;5180      ;             ;C7_09_3E_5
  100;C7            ;09                   ;4E                   ;Z-RES;E;5       ;0000   ;51       ;5150      ;             ;C7_09_4E_5
  100;C8            ;01                   ;1E                   ;Z-RES;E;5       ;0000   ;51       ;5150      ;             ;C8_01_1E_5
  100;C8            ;01                   ;2E                   ;Z-RES;E;5       ;0000   ;51       ;5150      ;             ;C8_01_2E_5
  100;C8            ;01                   ;3E                   ;Z-RES;E;5       ;0000   ;51       ;5150      ;             ;C8_01_3E_5
  100;C8            ;01                   ;4E                   ;Z-RES;E;5       ;0000   ;51       ;5150      ;             ;C8_01_4E_5
  100;C8            ;02                   ;1E                   ;Z-RES;E;5       ;0000   ;51       ;5150      ;             ;C8_02_1E_5
  100;C8            ;02                   ;2E                   ;Z-RES;E;5       ;0000   ;51       ;5150      ;             ;C8_02_2E_5
  100;C8            ;02                   ;3E                   ;Z-RES;E;5       ;0000   ;51       ;5150      ;             ;C8_02_3E_5
  100;C8            ;02                   ;4E                   ;Z-RES;E;5       ;0000   ;51       ;5150      ;             ;C8_02_4E_5
  100;C8            ;03                   ;1E                   ;Z-RES;E;5       ;0000   ;51       ;5150      ;             ;C8_03_1E_5
  100;C8            ;03                   ;2E                   ;Z-RES;E;5       ;0000   ;51       ;5150      ;             ;C8_03_2E_5
  100;C8            ;03                   ;3E                   ;Z-RES;E;5       ;0000   ;51       ;5150      ;             ;C8_03_3E_5
  100;C8            ;03                   ;4E                   ;Z-RES;E;5       ;0000   ;51       ;5150      ;             ;C8_03_4E_5
  100;C8            ;04                   ;1E                   ;Z-RES;E;5       ;0000   ;51       ;5150      ;             ;C8_04_1E_5
  100;C8            ;04                   ;2E                   ;Z-RES;E;5       ;0000   ;51       ;5150      ;             ;C8_04_2E_5
  100;C8            ;04                   ;3E                   ;Z-RES;E;5       ;0000   ;51       ;5150      ;             ;C8_04_3E_5
  100;C8            ;04                   ;4E                   ;Z-RES;E;5       ;0000   ;51       ;5150      ;             ;C8_04_4E_5
  100;C8            ;05                   ;1E                   ;Z-RES;E;5       ;0000   ;51       ;5150      ;             ;C8_05_1E_5
  100;C8            ;05                   ;2E                   ;Z-RES;E;5       ;0000   ;51       ;5150      ;             ;C8_05_2E_5
  100;C8            ;05                   ;3E                   ;Z-RES;E;5       ;0000   ;51       ;5150      ;             ;C8_05_3E_5
  100;C8            ;05                   ;4E                   ;Z-RES;E;5       ;0000   ;51       ;5150      ;             ;C8_05_4E_5
  100;C8            ;06                   ;1E                   ;Z-RES;E;5       ;0000   ;51       ;5150      ;             ;C8_06_1E_5
  100;C8            ;06                   ;2E                   ;Z-RES;E;5       ;0000   ;51       ;5150      ;             ;C8_06_2E_5
  100;C8            ;06                   ;3E                   ;Z-RES;E;5       ;0000   ;51       ;5150      ;             ;C8_06_3E_5
  100;C8            ;06                   ;4E                   ;Z-RES;E;5       ;0000   ;51       ;5150      ;             ;C8_06_4E_5
  100;C8            ;07                   ;1E                   ;Z-RES;E;5       ;0000   ;51       ;5150      ;             ;C8_07_1E_5
  100;C8            ;08                   ;1E                   ;Z-RES;E;5       ;0000   ;51       ;5150      ;             ;C8_08_1E_5
  100;CB            ;B1                   ;01                   ;Z-RES;E;6       ;0000   ;51       ;5180      ;             ;CB_B1_01_6
  100;CB            ;B1                   ;02                   ;Z-RES;E;6       ;0000   ;51       ;5180      ;             ;CB_B1_02_6
  100;CB            ;B1                   ;03                   ;Z-RES;E;6       ;0000   ;51       ;5180      ;             ;CB_B1_03_6
  100;CB            ;B1                   ;04                   ;Z-RES;E;6       ;0000   ;51       ;5180      ;             ;CB_B1_04_6
  100;CB            ;B1                   ;05                   ;Z-RES;E;6       ;0000   ;51       ;5180      ;             ;CB_B1_05_6
  100;CB            ;B1                   ;06                   ;Z-RES;E;6       ;0000   ;51       ;5180      ;             ;CB_B1_06_6
  100;CB            ;B1                   ;07                   ;Z-RES;E;6       ;0000   ;51       ;5180      ;             ;CB_B1_07_6
  100;CB            ;B1                   ;08                   ;Z-RES;E;6       ;0000   ;51       ;5180      ;             ;CB_B1_08_6
  100;CB            ;B1                   ;09                   ;Z-RES;E;6       ;0000   ;51       ;5180      ;             ;CB_B1_09_6
  100;CB            ;B1                   ;10                   ;Z-RES;E;6       ;0000   ;51       ;5180      ;             ;CB_B1_10_6
  100;CB            ;B1                   ;11                   ;Z-RES;E;6       ;0000   ;51       ;5180      ;             ;CB_B1_11_6
  100;CB            ;B1                   ;12                   ;Z-RES;E;6       ;0000   ;51       ;5180      ;             ;CB_B1_12_6
  100;CB            ;B2                   ;01                   ;Z-RES;E;6       ;0000   ;51       ;5180      ;             ;CB_B2_01_6
  100;CB            ;B2                   ;02                   ;Z-RES;E;6       ;0000   ;51       ;5180      ;             ;CB_B2_02_6
  100;CB            ;B2                   ;03                   ;Z-RES;E;6       ;0000   ;51       ;5180      ;             ;CB_B2_03_6
  100;CB            ;B2                   ;04                   ;Z-RES;E;6       ;0000   ;51       ;5180      ;             ;CB_B2_04_6
  100;CB            ;B2                   ;05                   ;Z-RES;E;6       ;0000   ;51       ;5180      ;             ;CB_B2_05_6
  100;CB            ;B2                   ;06                   ;Z-RES;E;6       ;0000   ;51       ;5180      ;             ;CB_B2_06_6
  100;CB            ;B2                   ;07                   ;Z-RES;E;6       ;0000   ;51       ;5180      ;             ;CB_B2_07_6
  100;CB            ;B2                   ;08                   ;Z-RES;E;6       ;0000   ;51       ;5180      ;             ;CB_B2_08_6
  100;CB            ;B2                   ;09                   ;Z-RES;E;6       ;0000   ;51       ;5180      ;             ;CB_B2_09_6
  100;CB            ;B2                   ;10                   ;Z-RES;E;6       ;0000   ;51       ;5180      ;             ;CB_B2_10_6
  100;CB            ;B2                   ;11                   ;Z-RES;E;6       ;0000   ;51       ;5180      ;             ;CB_B2_11_6
  100;CB            ;B2                   ;12                   ;Z-RES;E;6       ;0000   ;51       ;5180      ;             ;CB_B2_12_6
  100;CB            ;B3                   ;01                   ;Z-RES;E;6       ;0000   ;51       ;5180      ;             ;CB_B3_01_6
  100;CB            ;B3                   ;02                   ;Z-RES;E;6       ;0000   ;51       ;5180      ;             ;CB_B3_02_6
  100;CB            ;B3                   ;03                   ;Z-RES;E;6       ;0000   ;51       ;5180      ;             ;CB_B3_03_6
  100;CB            ;B3                   ;04                   ;Z-RES;E;6       ;0000   ;51       ;5180      ;             ;CB_B3_04_6
  100;CB            ;B3                   ;05                   ;Z-RES;E;6       ;0000   ;51       ;5180      ;             ;CB_B3_05_6
  100;CB            ;B3                   ;06                   ;Z-RES;E;6       ;0000   ;51       ;5180      ;             ;CB_B3_06_6
  100;CB            ;B3                   ;07                   ;Z-RES;E;6       ;0000   ;51       ;5180      ;             ;CB_B3_07_6
  100;CB            ;B3                   ;08                   ;Z-RES;E;6       ;0000   ;51       ;5180      ;             ;CB_B3_08_6
  100;CB            ;B3                   ;09                   ;Z-RES;E;6       ;0000   ;51       ;5180      ;             ;CB_B3_09_6
  100;CB            ;B4                   ;01                   ;Z-RES;E;6       ;0000   ;51       ;5180      ;             ;CB_B4_01_6
  100;CB            ;B4                   ;02                   ;Z-RES;E;6       ;0000   ;51       ;5180      ;             ;CB_B4_02_6
  100;CB            ;B4                   ;03                   ;Z-RES;E;6       ;0000   ;51       ;5180      ;             ;CB_B4_03_6
  100;CB            ;B4                   ;04                   ;Z-RES;E;6       ;0000   ;51       ;5180      ;             ;CB_B4_04_6
  100;CB            ;B4                   ;05                   ;Z-RES;E;6       ;0000   ;51       ;5180      ;             ;CB_B4_05_6
  100;CB            ;B4                   ;06                   ;Z-RES;E;6       ;0000   ;51       ;5180      ;             ;CB_B4_06_6
  100;CB            ;B4                   ;07                   ;Z-RES;E;6       ;0000   ;51       ;5180      ;             ;CB_B4_07_6
  100;CB            ;B4                   ;08                   ;Z-RES;E;6       ;0000   ;51       ;5180      ;             ;CB_B4_08_6
  100;CB            ;B4                   ;09                   ;Z-RES;E;6       ;0000   ;51       ;5180      ;             ;CB_B4_09_6
  100;CB            ;B5                   ;01                   ;Z-RES;E;6       ;0000   ;51       ;5180      ;             ;CB_B5_01_6
  100;CB            ;B5                   ;02                   ;Z-RES;E;6       ;0000   ;51       ;5180      ;             ;CB_B5_02_6
  100;CB            ;B5                   ;03                   ;Z-RES;E;6       ;0000   ;51       ;5180      ;             ;CB_B5_03_6
  100;CB            ;B5                   ;04                   ;Z-RES;E;6       ;0000   ;51       ;5180      ;             ;CB_B5_04_6
  100;CB            ;B5                   ;05                   ;Z-RES;E;6       ;0000   ;51       ;5180      ;             ;CB_B5_05_6
  100;CB            ;B5                   ;06                   ;Z-RES;E;6       ;0000   ;51       ;5180      ;             ;CB_B5_06_6
  100;CB            ;B5                   ;07                   ;Z-RES;E;6       ;0000   ;51       ;5180      ;             ;CB_B5_07_6
  100;CB            ;B6                   ;01                   ;Z-RES;E;6       ;0000   ;51       ;5180      ;             ;CB_B6_01_6
  100;CB            ;B6                   ;02                   ;Z-RES;E;6       ;0000   ;51       ;5180      ;             ;CB_B6_02_6
  100;CB            ;B6                   ;03                   ;Z-RES;E;6       ;0000   ;51       ;5180      ;             ;CB_B6_03_6
  100;CB            ;B6                   ;04                   ;Z-RES;E;6       ;0000   ;51       ;5180      ;             ;CB_B6_04_6
  100;CB            ;B6                   ;05                   ;Z-RES;E;6       ;0000   ;51       ;5180      ;             ;CB_B6_05_6
  100;CB            ;B7                   ;01                   ;Z-RES;E;6       ;0000   ;51       ;5180      ;             ;CB_B7_01_6
  100;CB            ;B7                   ;02                   ;Z-RES;E;6       ;0000   ;51       ;5180      ;             ;CB_B7_02_6
  100;CB            ;B7                   ;03                   ;Z-RES;E;6       ;0000   ;51       ;5180      ;             ;CB_B7_03_6
  100;CB            ;B7                   ;04                   ;Z-RES;E;6       ;0000   ;51       ;5180      ;             ;CB_B7_04_6
  100;CB            ;B8                   ;01                   ;Z-RES;E;6       ;0000   ;51       ;5180      ;             ;CB_B8_01_6
  100;CB            ;B8                   ;02                   ;Z-RES;E;6       ;0000   ;51       ;5180      ;             ;CB_B8_02_6
  100;CB            ;B8                   ;03                   ;Z-RES;E;6       ;0000   ;51       ;5180      ;             ;CB_B8_03_6
  100;CB            ;B8                   ;04                   ;Z-RES;E;6       ;0000   ;51       ;5180      ;             ;CB_B8_04_6
  100;CB            ;M1                   ;1T                   ;Z-RES;E;6       ;0000   ;51       ;5150      ;             ;CB_M1_1T_6
  100;CC            ;N0                   ;00                   ;Z-RES;E;6       ;0000   ;51       ;5190      ;             ;CC_N0_00_6
  100;CC            ;N0                   ;0E                   ;Z-RES;E;5       ;0000   ;51       ;5190      ;             ;CC_N0_0E_5
  100;CC            ;N0                   ;WE                   ;Z-RES;E;5       ;0000   ;51       ;5190      ;             ;CC_N0_WE_5
  100;CC            ;N0                   ;ZE                   ;Z-RES;E;5       ;0000   ;51       ;5190      ;             ;CC_N0_ZE_5
  100;CE            ;00                   ;0E                   ;Z-RES;E;5       ;0000   ;51       ;5180      ;             ;CE_00_0E_5
  100;CE            ;01                   ;1E                   ;Z-RES;E;5       ;0000   ;51       ;5180      ;             ;CE_01_1E_5
  100;CE            ;01                   ;2E                   ;Z-RES;E;5       ;0000   ;51       ;5180      ;             ;CE_01_2E_5
  100;CE            ;01                   ;3E                   ;Z-RES;E;5       ;0000   ;51       ;5180      ;             ;CE_01_3E_5
  100;CE            ;01                   ;4E                   ;Z-RES;E;5       ;0000   ;51       ;5180      ;             ;CE_01_4E_5
  100;CE            ;01                   ;5E                   ;Z-RES;E;5       ;0000   ;51       ;5180      ;             ;CE_01_5E_5
  100;CE            ;01                   ;6E                   ;Z-RES;E;5       ;0000   ;51       ;5180      ;             ;CE_01_6E_5
  100;CE            ;01                   ;7E                   ;Z-RES;E;5       ;0000   ;51       ;5180      ;             ;CE_01_7E_5
  100;CE            ;01                   ;8E                   ;Z-RES;E;5       ;0000   ;51       ;5180      ;             ;CE_01_8E_5
  100;CE            ;01                   ;9E                   ;Z-RES;E;5       ;0000   ;51       ;5180      ;             ;CE_01_9E_5
  100;CE            ;01                   ;AE                   ;Z-RES;E;5       ;0000   ;51       ;5180      ;             ;CE_01_AE_5
  100;CE            ;01                   ;BE                   ;Z-RES;E;5       ;0000   ;51       ;5180      ;             ;CE_01_BE_5
  100;CE            ;01                   ;CE                   ;Z-RES;E;5       ;0000   ;51       ;5180      ;             ;CE_01_CE_5
  100;CE            ;01                   ;DE                   ;Z-RES;E;5       ;0000   ;51       ;5180      ;             ;CE_01_DE_5
  100;CE            ;01                   ;EE                   ;Z-RES;E;5       ;0000   ;51       ;5180      ;             ;CE_01_EE_5
  100;CE            ;02                   ;1E                   ;Z-RES;E;5       ;0000   ;51       ;5180      ;             ;CE_02_1E_5
  100;CE            ;02                   ;2E                   ;Z-RES;E;5       ;0000   ;51       ;5180      ;             ;CE_02_2E_5
  100;CE            ;02                   ;3E                   ;Z-RES;E;5       ;0000   ;51       ;5180      ;             ;CE_02_3E_5
  100;CE            ;02                   ;4E                   ;Z-RES;E;5       ;0000   ;51       ;5180      ;             ;CE_02_4E_5
  100;CE            ;02                   ;5E                   ;Z-RES;E;5       ;0000   ;51       ;5180      ;             ;CE_02_5E_5
  100;CE            ;02                   ;6E                   ;Z-RES;E;5       ;0000   ;51       ;5180      ;             ;CE_02_6E_5
  100;CE            ;02                   ;7E                   ;Z-RES;E;5       ;0000   ;51       ;5180      ;             ;CE_02_7E_5
  100;CE            ;02                   ;8E                   ;Z-RES;E;5       ;0000   ;51       ;5180      ;             ;CE_02_8E_5
  100;CE            ;02                   ;9E                   ;Z-RES;E;5       ;0000   ;51       ;5180      ;             ;CE_02_9E_5
  100;CE            ;02                   ;AE                   ;Z-RES;E;5       ;0000   ;51       ;5180      ;             ;CE_02_AE_5
  100;CE            ;02                   ;BE                   ;Z-RES;E;5       ;0000   ;51       ;5180      ;             ;CE_02_BE_5
  100;CE            ;02                   ;CE                   ;Z-RES;E;5       ;0000   ;51       ;5180      ;             ;CE_02_CE_5
  100;CE            ;02                   ;DE                   ;Z-RES;E;5       ;0000   ;51       ;5180      ;             ;CE_02_DE_5
  100;CE            ;02                   ;EE                   ;Z-RES;E;5       ;0000   ;51       ;5180      ;             ;CE_02_EE_5
  100;CE            ;03                   ;1E                   ;Z-RES;E;5       ;0000   ;51       ;5180      ;             ;CE_03_1E_5
  100;CE            ;03                   ;2E                   ;Z-RES;E;5       ;0000   ;51       ;5180      ;             ;CE_03_2E_5
  100;CE            ;03                   ;3E                   ;Z-RES;E;5       ;0000   ;51       ;5180      ;             ;CE_03_3E_5
  100;CE            ;03                   ;4E                   ;Z-RES;E;5       ;0000   ;51       ;5180      ;             ;CE_03_4E_5
  100;CE            ;03                   ;5E                   ;Z-RES;E;5       ;0000   ;51       ;5180      ;             ;CE_03_5E_5
  100;CE            ;03                   ;6E                   ;Z-RES;E;5       ;0000   ;51       ;5180      ;             ;CE_03_6E_5
  100;CE            ;03                   ;7E                   ;Z-RES;E;5       ;0000   ;51       ;5180      ;             ;CE_03_7E_5
  100;CE            ;03                   ;8E                   ;Z-RES;E;5       ;0000   ;51       ;5180      ;             ;CE_03_8E_5
  100;CE            ;03                   ;9E                   ;Z-RES;E;5       ;0000   ;51       ;5180      ;             ;CE_03_9E_5
  100;CE            ;03                   ;AE                   ;Z-RES;E;5       ;0000   ;51       ;5180      ;             ;CE_03_AE_5
  100;CE            ;03                   ;BE                   ;Z-RES;E;5       ;0000   ;51       ;5180      ;             ;CE_03_BE_5
  100;CE            ;03                   ;CE                   ;Z-RES;E;5       ;0000   ;51       ;5180      ;             ;CE_03_CE_5
  100;CE            ;03                   ;DE                   ;Z-RES;E;5       ;0000   ;51       ;5180      ;             ;CE_03_DE_5
  100;CE            ;03                   ;EE                   ;Z-RES;E;5       ;0000   ;51       ;5180      ;             ;CE_03_EE_5
  100;CE            ;04                   ;1E                   ;Z-RES;E;5       ;0000   ;51       ;5180      ;             ;CE_04_1E_5
  100;CE            ;04                   ;2E                   ;Z-RES;E;5       ;0000   ;51       ;5180      ;             ;CE_04_2E_5
  100;CE            ;04                   ;3E                   ;Z-RES;E;5       ;0000   ;51       ;5180      ;             ;CE_04_3E_5
  100;CE            ;04                   ;4E                   ;Z-RES;E;5       ;0000   ;51       ;5180      ;             ;CE_04_4E_5
  100;CE            ;04                   ;5E                   ;Z-RES;E;5       ;0000   ;51       ;5180      ;             ;CE_04_5E_5
  100;CE            ;04                   ;6E                   ;Z-RES;E;5       ;0000   ;51       ;5180      ;             ;CE_04_6E_5
  100;CE            ;04                   ;7E                   ;Z-RES;E;5       ;0000   ;51       ;5180      ;             ;CE_04_7E_5
  100;CE            ;04                   ;8E                   ;Z-RES;E;5       ;0000   ;51       ;5180      ;             ;CE_04_8E_5
  100;CE            ;04                   ;9E                   ;Z-RES;E;5       ;0000   ;51       ;5180      ;             ;CE_04_9E_5
  100;CE            ;04                   ;AE                   ;Z-RES;E;5       ;0000   ;51       ;5180      ;             ;CE_04_AE_5
  100;CE            ;04                   ;BE                   ;Z-RES;E;5       ;0000   ;51       ;5180      ;             ;CE_04_BE_5
  100;CE            ;04                   ;CE                   ;Z-RES;E;5       ;0000   ;51       ;5180      ;             ;CE_04_CE_5
  100;CE            ;04                   ;DE                   ;Z-RES;E;5       ;0000   ;51       ;5180      ;             ;CE_04_DE_5
  100;CE            ;04                   ;EE                   ;Z-RES;E;5       ;0000   ;51       ;5180      ;             ;CE_04_EE_5
  100;CE            ;05                   ;1E                   ;Z-RES;E;5       ;0000   ;51       ;5180      ;             ;CE_05_1E_5
  100;CE            ;05                   ;2E                   ;Z-RES;E;5       ;0000   ;51       ;5180      ;             ;CE_05_2E_5
  100;CE            ;05                   ;3E                   ;Z-RES;E;5       ;0000   ;51       ;5180      ;             ;CE_05_3E_5
  100;CE            ;05                   ;4E                   ;Z-RES;E;5       ;0000   ;51       ;5180      ;             ;CE_05_4E_5
  100;CE            ;05                   ;5E                   ;Z-RES;E;5       ;0000   ;51       ;5180      ;             ;CE_05_5E_5
  100;CE            ;05                   ;6E                   ;Z-RES;E;5       ;0000   ;51       ;5180      ;             ;CE_05_6E_5
  100;CE            ;05                   ;7E                   ;Z-RES;E;5       ;0000   ;51       ;5180      ;             ;CE_05_7E_5
  100;CE            ;05                   ;8E                   ;Z-RES;E;5       ;0000   ;51       ;5180      ;             ;CE_05_8E_5
  100;CE            ;05                   ;9E                   ;Z-RES;E;5       ;0000   ;51       ;5180      ;             ;CE_05_9E_5
  100;CE            ;05                   ;AE                   ;Z-RES;E;5       ;0000   ;51       ;5180      ;             ;CE_05_AE_5
  100;CE            ;05                   ;BE                   ;Z-RES;E;5       ;0000   ;51       ;5180      ;             ;CE_05_BE_5
  100;CE            ;05                   ;CE                   ;Z-RES;E;5       ;0000   ;51       ;5180      ;             ;CE_05_CE_5
  100;CE            ;06                   ;1E                   ;Z-RES;E;5       ;0000   ;51       ;5180      ;             ;CE_06_1E_5
  100;CE            ;06                   ;2E                   ;Z-RES;E;5       ;0000   ;51       ;5180      ;             ;CE_06_2E_5
  100;CE            ;06                   ;3E                   ;Z-RES;E;5       ;0000   ;51       ;5180      ;             ;CE_06_3E_5
  100;CE            ;06                   ;4E                   ;Z-RES;E;5       ;0000   ;51       ;5180      ;             ;CE_06_4E_5
  100;CE            ;06                   ;5E                   ;Z-RES;E;5       ;0000   ;51       ;5180      ;             ;CE_06_5E_5
  100;CE            ;06                   ;6E                   ;Z-RES;E;5       ;0000   ;51       ;5180      ;             ;CE_06_6E_5
  100;CE            ;06                   ;7E                   ;Z-RES;E;5       ;0000   ;51       ;5180      ;             ;CE_06_7E_5
  100;CE            ;06                   ;8E                   ;Z-RES;E;5       ;0000   ;51       ;5180      ;             ;CE_06_8E_5
  100;CE            ;06                   ;9E                   ;Z-RES;E;5       ;0000   ;51       ;5180      ;             ;CE_06_9E_5
  100;CE            ;06                   ;AE                   ;Z-RES;E;5       ;0000   ;51       ;5180      ;             ;CE_06_AE_5
  100;CE            ;06                   ;BE                   ;Z-RES;E;5       ;0000   ;51       ;5180      ;             ;CE_06_BE_5
  100;CE            ;06                   ;CE                   ;Z-RES;E;5       ;0000   ;51       ;5180      ;             ;CE_06_CE_5
  100;CE            ;07                   ;1E                   ;Z-RES;E;5       ;0000   ;51       ;5180      ;             ;CE_07_1E_5
  100;CE            ;07                   ;2E                   ;Z-RES;E;5       ;0000   ;51       ;5180      ;             ;CE_07_2E_5
  100;CE            ;07                   ;3E                   ;Z-RES;E;5       ;0000   ;51       ;5180      ;             ;CE_07_3E_5
  100;CE            ;07                   ;4E                   ;Z-RES;E;5       ;0000   ;51       ;5180      ;             ;CE_07_4E_5
  100;CE            ;07                   ;5E                   ;Z-RES;E;5       ;0000   ;51       ;5180      ;             ;CE_07_5E_5
  100;CE            ;07                   ;6E                   ;Z-RES;E;5       ;0000   ;51       ;5180      ;             ;CE_07_6E_5
  100;CE            ;07                   ;7E                   ;Z-RES;E;5       ;0000   ;51       ;5180      ;             ;CE_07_7E_5
  100;CE            ;07                   ;8E                   ;Z-RES;E;5       ;0000   ;51       ;5180      ;             ;CE_07_8E_5
  100;CE            ;07                   ;9E                   ;Z-RES;E;5       ;0000   ;51       ;5180      ;             ;CE_07_9E_5
  100;CE            ;07                   ;AE                   ;Z-RES;E;5       ;0000   ;51       ;5180      ;             ;CE_07_AE_5
  100;CE            ;07                   ;BE                   ;Z-RES;E;5       ;0000   ;51       ;5180      ;             ;CE_07_BE_5
  100;CE            ;07                   ;CE                   ;Z-RES;E;5       ;0000   ;51       ;5180      ;             ;CE_07_CE_5
  100;CE            ;08                   ;1E                   ;Z-RES;E;5       ;0000   ;51       ;5180      ;             ;CE_08_1E_5
  100;CE            ;08                   ;2E                   ;Z-RES;E;5       ;0000   ;51       ;5180      ;             ;CE_08_2E_5
  100;CE            ;08                   ;3E                   ;Z-RES;E;5       ;0000   ;51       ;5180      ;             ;CE_08_3E_5
  100;CE            ;09                   ;1E                   ;Z-RES;E;5       ;0000   ;51       ;5180      ;             ;CE_09_1E_5
  100;CE            ;09                   ;2E                   ;Z-RES;E;5       ;0000   ;51       ;5180      ;             ;CE_09_2E_5
  100;CE            ;09                   ;3E                   ;Z-RES;E;5       ;0000   ;51       ;5180      ;             ;CE_09_3E_5
  100;CE            ;09                   ;4E                   ;Z-RES;E;5       ;0000   ;51       ;5180      ;             ;CE_09_4E_5
  100;CE            ;10                   ;1E                   ;Z-RES;E;5       ;0000   ;51       ;5180      ;             ;CE_10_1E_5
  100;CE            ;10                   ;2E                   ;Z-RES;E;5       ;0000   ;51       ;5180      ;             ;CE_10_2E_5
  100;CE            ;11                   ;1E                   ;Z-RES;E;5       ;0000   ;51       ;5180      ;             ;CE_11_1E_5
  100;CE            ;11                   ;2E                   ;Z-RES;E;5       ;0000   ;51       ;5180      ;             ;CE_11_2E_5
  100;CE            ;12                   ;2E                   ;Z-RES;E;5       ;0000   ;51       ;5180      ;             ;CE_12_2E_5
  100;CE            ;1E                   ;                     ;Z-RES;E;4       ;0000   ;51       ;5180      ;             ;CE_1E_4
  100;CE            ;1S                   ;0A                   ;Z-RES;E;5       ;0000   ;51       ;5150      ;             ;CE_1S_0A_5
  100;CE            ;2E                   ;                     ;Z-RES;E;4       ;0000   ;51       ;5180      ;             ;CE_2E_4
  100;CE            ;3E                   ;                     ;Z-RES;E;4       ;0000   ;51       ;5180      ;             ;CE_3E_4
  100;CE            ;4E                   ;                     ;Z-RES;E;4       ;0000   ;51       ;5180      ;             ;CE_4E_4
  100;CE            ;5E                   ;                     ;Z-RES;E;4       ;0000   ;51       ;5180      ;             ;CE_5E_4
  100;CE            ;6E                   ;                     ;Z-RES;E;4       ;0000   ;51       ;5180      ;             ;CE_6E_4
  100;CE            ;7E                   ;                     ;Z-RES;E;4       ;0000   ;51       ;5180      ;             ;CE_7E_4
  100;CE            ;8E                   ;                     ;Z-RES;E;4       ;0000   ;51       ;5180      ;             ;CE_8E_4
  100;CE            ;9E                   ;                     ;Z-RES;E;4       ;0000   ;51       ;5180      ;             ;CE_9E_4
  100;CE            ;AE                   ;                     ;Z-RES;E;4       ;0000   ;51       ;5180      ;             ;CE_AE_4
  100;CE            ;BE                   ;                     ;Z-RES;E;4       ;0000   ;51       ;5180      ;             ;CE_BE_4
  100;CE            ;CE                   ;                     ;Z-RES;E;4       ;0000   ;51       ;5180      ;             ;CE_CE_4
  100;CE            ;DE                   ;                     ;Z-RES;E;4       ;0000   ;51       ;5180      ;             ;CE_DE_4
  100;CE            ;EE                   ;                     ;Z-RES;E;4       ;0000   ;51       ;5180      ;             ;CE_EE_4
  100;CH            ;00                   ;01                   ;Z-RES;E;6       ;0000   ;51       ;5150      ;             ;CH_00_01_6
  100;CH            ;00                   ;02                   ;Z-RES;E;6       ;0000   ;51       ;5150      ;             ;CH_00_02_6
  100;CH            ;00                   ;03                   ;Z-RES;E;6       ;0000   ;51       ;5150      ;             ;CH_00_03_6
  100;CH            ;00                   ;04                   ;Z-RES;E;6       ;0000   ;51       ;5150      ;             ;CH_00_04_6
  100;CH            ;00                   ;05                   ;Z-RES;E;6       ;0000   ;51       ;5150      ;             ;CH_00_05_6
  100;CH            ;00                   ;06                   ;Z-RES;E;6       ;0000   ;51       ;5150      ;             ;CH_00_06_6
  100;CH            ;00                   ;07                   ;Z-RES;E;6       ;0000   ;51       ;5150      ;             ;CH_00_07_6
  100;CH            ;00                   ;08                   ;Z-RES;E;6       ;0000   ;51       ;5150      ;             ;CH_00_08_6
  100;CH            ;00                   ;09                   ;Z-RES;E;6       ;0000   ;51       ;5150      ;             ;CH_00_09_6
  100;CL            ;00                   ;                     ;Z-RES;E;4       ;0000   ;51       ;5150      ;             ;CL_00_4
  100;CL            ;1S                   ;0A                   ;Z-RES;E;5       ;0000   ;51       ;5150      ;             ;CL_1S_0A_5
  100;CL            ;B1                   ;01                   ;Z-RES;E;6       ;0000   ;51       ;5180      ;             ;CL_B1_01_6
  100;CL            ;C0                   ;01                   ;Z-RES;E;6       ;0000   ;51       ;5180      ;             ;CL_C0_01_6
  100;CL            ;C0                   ;02                   ;Z-RES;E;6       ;0000   ;51       ;5180      ;             ;CL_C0_02_6
  100;CL            ;C0                   ;03                   ;Z-RES;E;6       ;0000   ;51       ;5180      ;             ;CL_C0_03_6
  100;CL            ;C0                   ;04                   ;Z-RES;E;6       ;0000   ;51       ;5180      ;             ;CL_C0_04_6
  100;CL            ;C0                   ;05                   ;Z-RES;E;6       ;0000   ;51       ;5180      ;             ;CL_C0_05_6
  100;CL            ;C0                   ;06                   ;Z-RES;E;6       ;0000   ;51       ;5180      ;             ;CL_C0_06_6
  100;CL            ;C0                   ;07                   ;Z-RES;E;6       ;0000   ;51       ;5180      ;             ;CL_C0_07_6
  100;CL            ;C0                   ;08                   ;Z-RES;E;6       ;0000   ;51       ;5180      ;             ;CL_C0_08_6
  100;CL            ;C1                   ;01                   ;Z-RES;E;6       ;0000   ;51       ;5180      ;             ;CL_C1_01_6
  100;CL            ;C1                   ;02                   ;Z-RES;E;6       ;0000   ;51       ;5180      ;             ;CL_C1_02_6
  100;CL            ;C1                   ;03                   ;Z-RES;E;6       ;0000   ;51       ;5180      ;             ;CL_C1_03_6
  100;CL            ;C1                   ;04                   ;Z-RES;E;6       ;0000   ;51       ;5180      ;             ;CL_C1_04_6
  100;CL            ;C1                   ;05                   ;Z-RES;E;6       ;0000   ;51       ;5180      ;             ;CL_C1_05_6
  100;CL            ;C1                   ;06                   ;Z-RES;E;6       ;0000   ;51       ;5180      ;             ;CL_C1_06_6
  100;CL            ;C1                   ;07                   ;Z-RES;E;6       ;0000   ;51       ;5180      ;             ;CL_C1_07_6
  100;CL            ;C1                   ;08                   ;Z-RES;E;6       ;0000   ;51       ;5180      ;             ;CL_C1_08_6
  100;CL            ;C1                   ;09                   ;Z-RES;E;6       ;0000   ;51       ;5180      ;             ;CL_C1_09_6
  100;CL            ;C1                   ;10                   ;Z-RES;E;6       ;0000   ;51       ;5180      ;             ;CL_C1_10_6
  100;CL            ;C1                   ;11                   ;Z-RES;E;6       ;0000   ;51       ;5180      ;             ;CL_C1_11_6
  100;CL            ;C1                   ;12                   ;Z-RES;E;6       ;0000   ;51       ;5180      ;             ;CL_C1_12_6
  100;CL            ;C2                   ;01                   ;Z-RES;E;6       ;0000   ;51       ;5180      ;             ;CL_C2_01_6
  100;CL            ;C2                   ;02                   ;Z-RES;E;6       ;0000   ;51       ;5180      ;             ;CL_C2_02_6
  100;CL            ;C2                   ;03                   ;Z-RES;E;6       ;0000   ;51       ;5180      ;             ;CL_C2_03_6
  100;CL            ;C2                   ;04                   ;Z-RES;E;6       ;0000   ;51       ;5180      ;             ;CL_C2_04_6
  100;CL            ;C2                   ;05                   ;Z-RES;E;6       ;0000   ;51       ;5180      ;             ;CL_C2_05_6
  100;CL            ;C2                   ;06                   ;Z-RES;E;6       ;0000   ;51       ;5180      ;             ;CL_C2_06_6
  100;CL            ;C2                   ;07                   ;Z-RES;E;6       ;0000   ;51       ;5180      ;             ;CL_C2_07_6
  100;CL            ;C2                   ;08                   ;Z-RES;E;6       ;0000   ;51       ;5180      ;             ;CL_C2_08_6
  100;CL            ;C2                   ;09                   ;Z-RES;E;6       ;0000   ;51       ;5180      ;             ;CL_C2_09_6
  100;CL            ;C3                   ;01                   ;Z-RES;E;6       ;0000   ;51       ;5180      ;             ;CL_C3_01_6
  100;CL            ;C3                   ;02                   ;Z-RES;E;6       ;0000   ;51       ;5180      ;             ;CL_C3_02_6
  100;CL            ;C3                   ;03                   ;Z-RES;E;6       ;0000   ;51       ;5180      ;             ;CL_C3_03_6
  100;CL            ;C3                   ;04                   ;Z-RES;E;6       ;0000   ;51       ;5180      ;             ;CL_C3_04_6
  100;CL            ;C3                   ;05                   ;Z-RES;E;6       ;0000   ;51       ;5180      ;             ;CL_C3_05_6
  100;CL            ;C3                   ;06                   ;Z-RES;E;6       ;0000   ;51       ;5180      ;             ;CL_C3_06_6
  100;CL            ;C3                   ;07                   ;Z-RES;E;6       ;0000   ;51       ;5180      ;             ;CL_C3_07_6
  100;CL            ;C3                   ;08                   ;Z-RES;E;6       ;0000   ;51       ;5180      ;             ;CL_C3_08_6
  100;CL            ;C3                   ;09                   ;Z-RES;E;6       ;0000   ;51       ;5180      ;             ;CL_C3_09_6
  100;CL            ;C4                   ;01                   ;Z-RES;E;6       ;0000   ;51       ;5180      ;             ;CL_C4_01_6
  100;CL            ;C4                   ;02                   ;Z-RES;E;6       ;0000   ;51       ;5180      ;             ;CL_C4_02_6
  100;CL            ;C4                   ;03                   ;Z-RES;E;6       ;0000   ;51       ;5180      ;             ;CL_C4_03_6
  100;CL            ;C4                   ;04                   ;Z-RES;E;6       ;0000   ;51       ;5180      ;             ;CL_C4_04_6
  100;CL            ;C4                   ;05                   ;Z-RES;E;6       ;0000   ;51       ;5180      ;             ;CL_C4_05_6
  100;CL            ;C4                   ;06                   ;Z-RES;E;6       ;0000   ;51       ;5180      ;             ;CL_C4_06_6
  100;CL            ;C4                   ;07                   ;Z-RES;E;6       ;0000   ;51       ;5180      ;             ;CL_C4_07_6
  100;CL            ;C4                   ;08                   ;Z-RES;E;6       ;0000   ;51       ;5180      ;             ;CL_C4_08_6
  100;CL            ;C4                   ;09                   ;Z-RES;E;6       ;0000   ;51       ;5180      ;             ;CL_C4_09_6
  100;CL            ;C5                   ;01                   ;Z-RES;E;6       ;0000   ;51       ;5180      ;             ;CL_C5_01_6
  100;CL            ;C5                   ;02                   ;Z-RES;E;6       ;0000   ;51       ;5180      ;             ;CL_C5_02_6
  100;CL            ;C5                   ;03                   ;Z-RES;E;6       ;0000   ;51       ;5180      ;             ;CL_C5_03_6
  100;CL            ;C5                   ;04                   ;Z-RES;E;6       ;0000   ;51       ;5180      ;             ;CL_C5_04_6
  100;CL            ;C5                   ;05                   ;Z-RES;E;6       ;0000   ;51       ;5180      ;             ;CL_C5_05_6
  100;CL            ;C5                   ;06                   ;Z-RES;E;6       ;0000   ;51       ;5180      ;             ;CL_C5_06_6
  100;CL            ;C5                   ;07                   ;Z-RES;E;6       ;0000   ;51       ;5180      ;             ;CL_C5_07_6
  100;CL            ;C5                   ;08                   ;Z-RES;E;6       ;0000   ;51       ;5180      ;             ;CL_C5_08_6
  100;CL            ;C5                   ;09                   ;Z-RES;E;6       ;0000   ;51       ;5180      ;             ;CL_C5_09_6
  100;CL            ;C6                   ;01                   ;Z-RES;E;6       ;0000   ;51       ;5180      ;             ;CL_C6_01_6
  100;CL            ;C6                   ;02                   ;Z-RES;E;6       ;0000   ;51       ;5180      ;             ;CL_C6_02_6
  100;CL            ;C6                   ;03                   ;Z-RES;E;6       ;0000   ;51       ;5180      ;             ;CL_C6_03_6
  100;CL            ;C6                   ;04                   ;Z-RES;E;6       ;0000   ;51       ;5180      ;             ;CL_C6_04_6
  100;CL            ;C6                   ;05                   ;Z-RES;E;6       ;0000   ;51       ;5180      ;             ;CL_C6_05_6
  100;CL            ;C6                   ;06                   ;Z-RES;E;6       ;0000   ;51       ;5180      ;             ;CL_C6_06_6
  100;CL            ;C6                   ;07                   ;Z-RES;E;6       ;0000   ;51       ;5180      ;             ;CL_C6_07_6
  100;CL            ;C6                   ;08                   ;Z-RES;E;6       ;0000   ;51       ;5180      ;             ;CL_C6_08_6
  100;CL            ;C6                   ;09                   ;Z-RES;E;6       ;0000   ;51       ;5180      ;             ;CL_C6_09_6
  100;CL            ;C7                   ;01                   ;Z-RES;E;6       ;0000   ;51       ;5180      ;             ;CL_C7_01_6
  100;CL            ;C7                   ;02                   ;Z-RES;E;6       ;0000   ;51       ;5180      ;             ;CL_C7_02_6
  100;CL            ;C7                   ;03                   ;Z-RES;E;6       ;0000   ;51       ;5180      ;             ;CL_C7_03_6
  100;CL            ;C7                   ;04                   ;Z-RES;E;6       ;0000   ;51       ;5180      ;             ;CL_C7_04_6
  100;CL            ;C7                   ;05                   ;Z-RES;E;6       ;0000   ;51       ;5180      ;             ;CL_C7_05_6
  100;CL            ;C7                   ;06                   ;Z-RES;E;6       ;0000   ;51       ;5180      ;             ;CL_C7_06_6
  100;CL            ;C7                   ;07                   ;Z-RES;E;6       ;0000   ;51       ;5180      ;             ;CL_C7_07_6
  100;CL            ;C7                   ;08                   ;Z-RES;E;6       ;0000   ;51       ;5180      ;             ;CL_C7_08_6
  100;CL            ;C7                   ;09                   ;Z-RES;E;6       ;0000   ;51       ;5180      ;             ;CL_C7_09_6
  100;CL            ;C8                   ;01                   ;Z-RES;E;6       ;0000   ;51       ;5180      ;             ;CL_C8_01_6
  100;CL            ;C8                   ;02                   ;Z-RES;E;6       ;0000   ;51       ;5180      ;             ;CL_C8_02_6
  100;CL            ;C8                   ;03                   ;Z-RES;E;6       ;0000   ;51       ;5180      ;             ;CL_C8_03_6
  100;CL            ;C8                   ;04                   ;Z-RES;E;6       ;0000   ;51       ;5180      ;             ;CL_C8_04_6
  100;CL            ;C8                   ;05                   ;Z-RES;E;6       ;0000   ;51       ;5180      ;             ;CL_C8_05_6
  100;CL            ;C8                   ;06                   ;Z-RES;E;6       ;0000   ;51       ;5180      ;             ;CL_C8_06_6
  100;CL            ;C8                   ;07                   ;Z-RES;E;6       ;0000   ;51       ;5180      ;             ;CL_C8_07_6
  100;CL            ;C8                   ;08                   ;Z-RES;E;6       ;0000   ;51       ;5180      ;             ;CL_C8_08_6
  100;CL            ;IL                   ;00                   ;Z-RES;E;5       ;0000   ;51       ;5150      ;             ;CL_IL_00_5
  100;CL            ;LV                   ;1E                   ;Z-RES;E;5       ;0000   ;51       ;5150      ;             ;CL_LV_1E_5
  100;CL            ;LV                   ;2E                   ;Z-RES;E;5       ;0000   ;51       ;5150      ;             ;CL_LV_2E_5
  100;CL            ;LV                   ;3E                   ;Z-RES;E;5       ;0000   ;51       ;5150      ;             ;CL_LV_3E_5
  100;CL            ;LV                   ;4E                   ;Z-RES;E;5       ;0000   ;51       ;5150      ;             ;CL_LV_4E_5
  100;CL            ;LV                   ;5E                   ;Z-RES;E;5       ;0000   ;51       ;5150      ;             ;CL_LV_5E_5
  100;CL            ;LV                   ;6E                   ;Z-RES;E;5       ;0000   ;51       ;5150      ;             ;CL_LV_6E_5
  100;CL            ;LV                   ;7E                   ;Z-RES;E;5       ;0000   ;51       ;5150      ;             ;CL_LV_7E_5
  100;CL            ;LV                   ;8E                   ;Z-RES;E;5       ;0000   ;51       ;5150      ;             ;CL_LV_8E_5
  100;CL            ;LV                   ;9E                   ;Z-RES;E;5       ;0000   ;51       ;5150      ;             ;CL_LV_9E_5
  100;CL            ;LV                   ;AE                   ;Z-RES;E;5       ;0000   ;51       ;5150      ;             ;CL_LV_AE_5
  100;CL            ;LV                   ;BE                   ;Z-RES;E;5       ;0000   ;51       ;5150      ;             ;CL_LV_BE_5
  100;CL            ;LV                   ;CE                   ;Z-RES;E;5       ;0000   ;51       ;5150      ;             ;CL_LV_CE_5
  100;CL            ;LV                   ;DE                   ;Z-RES;E;5       ;0000   ;51       ;5150      ;             ;CL_LV_DE_5
  100;CL            ;LV                   ;EE                   ;Z-RES;E;5       ;0000   ;51       ;5150      ;             ;CL_LV_EE_5
  100;CL            ;MV                   ;1E                   ;Z-RES;E;5       ;0000   ;51       ;5140      ;             ;CL_MV_1E_5
  100;CL            ;MV                   ;2E                   ;Z-RES;E;5       ;0000   ;51       ;5140      ;             ;CL_MV_2E_5
  100;CL            ;MV                   ;3E                   ;Z-RES;E;5       ;0000   ;51       ;5140      ;             ;CL_MV_3E_5
  100;CL            ;MV                   ;4E                   ;Z-RES;E;5       ;0000   ;51       ;5140      ;             ;CL_MV_4E_5
  100;CL            ;MV                   ;5E                   ;Z-RES;E;5       ;0000   ;51       ;5140      ;             ;CL_MV_5E_5
  100;CL            ;MV                   ;6E                   ;Z-RES;E;5       ;0000   ;51       ;5140      ;             ;CL_MV_6E_5
  100;CL            ;MV                   ;7E                   ;Z-RES;E;5       ;0000   ;51       ;5140      ;             ;CL_MV_7E_5
  100;CL            ;MV                   ;8E                   ;Z-RES;E;5       ;0000   ;51       ;5140      ;             ;CL_MV_8E_5
  100;CL            ;MV                   ;9E                   ;Z-RES;E;5       ;0000   ;51       ;5140      ;             ;CL_MV_9E_5
  100;CL            ;MV                   ;AE                   ;Z-RES;E;5       ;0000   ;51       ;5140      ;             ;CL_MV_AE_5
  100;CL            ;MV                   ;BE                   ;Z-RES;E;5       ;0000   ;51       ;5140      ;             ;CL_MV_BE_5
  100;CL            ;MV                   ;CE                   ;Z-RES;E;5       ;0000   ;51       ;5140      ;             ;CL_MV_CE_5
  100;CL            ;MV                   ;DE                   ;Z-RES;E;5       ;0000   ;51       ;5140      ;             ;CL_MV_DE_5
  100;CL            ;MV                   ;EE                   ;Z-RES;E;5       ;0000   ;51       ;5140      ;             ;CL_MV_EE_5
  100;CM            ;0A                   ;                     ;Z-RES;E;4       ;0000   ;51       ;5150      ;             ;CM_0A_4
  100;CM            ;N0                   ;00                   ;Z-RES;E;6       ;0000   ;51       ;5190      ;             ;CM_N0_00_6
  100;CM            ;N0                   ;0E                   ;Z-RES;E;5       ;0000   ;51       ;5190      ;             ;CM_N0_0E_5
  100;CM            ;N0                   ;WE                   ;Z-RES;E;5       ;0000   ;51       ;5190      ;             ;CM_N0_WE_5
  100;CM            ;N0                   ;ZE                   ;Z-RES;E;5       ;0000   ;51       ;5190      ;             ;CM_N0_ZE_5
  100;CP            ;00                   ;01                   ;Z-RES;E;6       ;0000   ;51       ;5150      ;             ;CP_00_01_6
  100;CP            ;00                   ;02                   ;Z-RES;E;6       ;0000   ;51       ;5150      ;             ;CP_00_02_6
  100;CP            ;00                   ;03                   ;Z-RES;E;6       ;0000   ;51       ;5150      ;             ;CP_00_03_6
  100;CP            ;00                   ;04                   ;Z-RES;E;6       ;0000   ;51       ;5150      ;             ;CP_00_04_6
  100;CP            ;00                   ;05                   ;Z-RES;E;6       ;0000   ;51       ;5150      ;             ;CP_00_05_6
  100;CP            ;00                   ;06                   ;Z-RES;E;6       ;0000   ;51       ;5150      ;             ;CP_00_06_6
  100;CP            ;00                   ;07                   ;Z-RES;E;6       ;0000   ;51       ;5150      ;             ;CP_00_07_6
  100;CP            ;00                   ;08                   ;Z-RES;E;6       ;0000   ;51       ;5150      ;             ;CP_00_08_6
  100;CP            ;00                   ;09                   ;Z-RES;E;6       ;0000   ;51       ;5150      ;             ;CP_00_09_6
  100;CP            ;C0                   ;01                   ;Z-RES;E;6       ;0000   ;51       ;5180      ;             ;CP_C0_01_6
  100;CP            ;C0                   ;02                   ;Z-RES;E;6       ;0000   ;51       ;5180      ;             ;CP_C0_02_6
  100;CP            ;C0                   ;03                   ;Z-RES;E;6       ;0000   ;51       ;5180      ;             ;CP_C0_03_6
  100;CP            ;C0                   ;04                   ;Z-RES;E;6       ;0000   ;51       ;5180      ;             ;CP_C0_04_6
  100;CP            ;C0                   ;05                   ;Z-RES;E;6       ;0000   ;51       ;5180      ;             ;CP_C0_05_6
  100;CP            ;C0                   ;06                   ;Z-RES;E;6       ;0000   ;51       ;5180      ;             ;CP_C0_06_6
  100;CP            ;C0                   ;07                   ;Z-RES;E;6       ;0000   ;51       ;5180      ;             ;CP_C0_07_6
  100;CP            ;C0                   ;08                   ;Z-RES;E;6       ;0000   ;51       ;5180      ;             ;CP_C0_08_6
  100;CP            ;C1                   ;01                   ;Z-RES;E;6       ;0000   ;51       ;5180      ;             ;CP_C1_01_6
  100;CP            ;C1                   ;02                   ;Z-RES;E;6       ;0000   ;51       ;5180      ;             ;CP_C1_02_6
  100;CP            ;C1                   ;03                   ;Z-RES;E;6       ;0000   ;51       ;5180      ;             ;CP_C1_03_6
  100;CP            ;C1                   ;04                   ;Z-RES;E;6       ;0000   ;51       ;5180      ;             ;CP_C1_04_6
  100;CP            ;C1                   ;05                   ;Z-RES;E;6       ;0000   ;51       ;5180      ;             ;CP_C1_05_6
  100;CP            ;C1                   ;06                   ;Z-RES;E;6       ;0000   ;51       ;5180      ;             ;CP_C1_06_6
  100;CP            ;C1                   ;07                   ;Z-RES;E;6       ;0000   ;51       ;5180      ;             ;CP_C1_07_6
  100;CP            ;C1                   ;08                   ;Z-RES;E;6       ;0000   ;51       ;5180      ;             ;CP_C1_08_6
  100;CP            ;C1                   ;09                   ;Z-RES;E;6       ;0000   ;51       ;5150      ;             ;CP_C1_09_6
  100;CP            ;C1                   ;10                   ;Z-RES;E;6       ;0000   ;51       ;5180      ;             ;CP_C1_10_6
  100;CP            ;C1                   ;11                   ;Z-RES;E;6       ;0000   ;51       ;5180      ;             ;CP_C1_11_6
  100;CP            ;C1                   ;12                   ;Z-RES;E;6       ;0000   ;51       ;5180      ;             ;CP_C1_12_6
  100;CP            ;C2                   ;01                   ;Z-RES;E;6       ;0000   ;51       ;5180      ;             ;CP_C2_01_6
  100;CP            ;C2                   ;02                   ;Z-RES;E;6       ;0000   ;51       ;5180      ;             ;CP_C2_02_6
  100;CP            ;C2                   ;03                   ;Z-RES;E;6       ;0000   ;51       ;5180      ;             ;CP_C2_03_6
  100;CP            ;C2                   ;04                   ;Z-RES;E;6       ;0000   ;51       ;5180      ;             ;CP_C2_04_6
  100;CP            ;C2                   ;05                   ;Z-RES;E;6       ;0000   ;51       ;5180      ;             ;CP_C2_05_6
  100;CP            ;C2                   ;06                   ;Z-RES;E;6       ;0000   ;51       ;5180      ;             ;CP_C2_06_6
  100;CP            ;C2                   ;07                   ;Z-RES;E;6       ;0000   ;51       ;5180      ;             ;CP_C2_07_6
  100;CP            ;C2                   ;08                   ;Z-RES;E;6       ;0000   ;51       ;5180      ;             ;CP_C2_08_6
  100;CP            ;C2                   ;09                   ;Z-RES;E;6       ;0000   ;51       ;5150      ;             ;CP_C2_09_6
  100;CP            ;C3                   ;01                   ;Z-RES;E;6       ;0000   ;51       ;5180      ;             ;CP_C3_01_6
  100;CP            ;C3                   ;02                   ;Z-RES;E;6       ;0000   ;51       ;5180      ;             ;CP_C3_02_6
  100;CP            ;C3                   ;03                   ;Z-RES;E;6       ;0000   ;51       ;5180      ;             ;CP_C3_03_6
  100;CP            ;C3                   ;04                   ;Z-RES;E;6       ;0000   ;51       ;5180      ;             ;CP_C3_04_6
  100;CP            ;C3                   ;05                   ;Z-RES;E;6       ;0000   ;51       ;5180      ;             ;CP_C3_05_6
  100;CP            ;C3                   ;06                   ;Z-RES;E;6       ;0000   ;51       ;5180      ;             ;CP_C3_06_6
  100;CP            ;C3                   ;07                   ;Z-RES;E;6       ;0000   ;51       ;5180      ;             ;CP_C3_07_6
  100;CP            ;C3                   ;09                   ;Z-RES;E;6       ;0000   ;51       ;5150      ;             ;CP_C3_09_6
  100;CP            ;C4                   ;01                   ;Z-RES;E;6       ;0000   ;51       ;5180      ;             ;CP_C4_01_6
  100;CP            ;C4                   ;02                   ;Z-RES;E;6       ;0000   ;51       ;5180      ;             ;CP_C4_02_6
  100;CP            ;C4                   ;03                   ;Z-RES;E;6       ;0000   ;51       ;5180      ;             ;CP_C4_03_6
  100;CP            ;C4                   ;04                   ;Z-RES;E;6       ;0000   ;51       ;5180      ;             ;CP_C4_04_6
  100;CP            ;C4                   ;05                   ;Z-RES;E;6       ;0000   ;51       ;5180      ;             ;CP_C4_05_6
  100;CP            ;C4                   ;06                   ;Z-RES;E;6       ;0000   ;51       ;5180      ;             ;CP_C4_06_6
  100;CP            ;C4                   ;07                   ;Z-RES;E;6       ;0000   ;51       ;5180      ;             ;CP_C4_07_6
  100;CP            ;C4                   ;09                   ;Z-RES;E;6       ;0000   ;51       ;5150      ;             ;CP_C4_09_6
  100;CP            ;C5                   ;01                   ;Z-RES;E;6       ;0000   ;51       ;5180      ;             ;CP_C5_01_6
  100;CP            ;C5                   ;09                   ;Z-RES;E;6       ;0000   ;51       ;5150      ;             ;CP_C5_09_6
  100;CP            ;C6                   ;09                   ;Z-RES;E;6       ;0000   ;51       ;5150      ;             ;CP_C6_09_6
  100;CP            ;C7                   ;09                   ;Z-RES;E;6       ;0000   ;51       ;5150      ;             ;CP_C7_09_6
  100;CP            ;FF                   ;00                   ;Z-RES;E;5       ;0000   ;51       ;5150      ;             ;CP_FF_00_5
  100;CS            ;BA                   ;01                   ;Z-RES;E;6       ;0000   ;51       ;5180      ;BAT          ;CS_BA_01_6
  100;CS            ;BA                   ;02                   ;Z-RES;E;6       ;0000   ;51       ;5180      ;BAT          ;CS_BA_02_6
  100;CS            ;BA                   ;03                   ;Z-RES;E;6       ;0000   ;51       ;5180      ;BAT          ;CS_BA_03_6
  100;CS            ;BA                   ;04                   ;Z-RES;E;6       ;0000   ;51       ;5180      ;BAT          ;CS_BA_04_6
  100;CS            ;BA                   ;05                   ;Z-RES;E;6       ;0000   ;51       ;5180      ;BAT          ;CS_BA_05_6
  100;CS            ;BA                   ;06                   ;Z-RES;E;6       ;0000   ;51       ;5180      ;BAT          ;CS_BA_06_6
  100;CS            ;BA                   ;07                   ;Z-RES;E;6       ;0000   ;51       ;5180      ;BAT          ;CS_BA_07_6
  100;CS            ;BA                   ;08                   ;Z-RES;E;6       ;0000   ;51       ;5180      ;BAT          ;CS_BA_08_6
  100;CS            ;BA                   ;09                   ;Z-RES;E;6       ;0000   ;51       ;5180      ;BAT          ;CS_BA_09_6
  100;CS            ;BA                   ;10                   ;Z-RES;E;6       ;0000   ;51       ;5180      ;BAT          ;CS_BA_10_6
  100;CS            ;BA                   ;11                   ;Z-RES;E;6       ;0000   ;51       ;5180      ;BAT          ;CS_BA_11_6
  100;CS            ;BA                   ;12                   ;Z-RES;E;6       ;0000   ;51       ;5180      ;BAT          ;CS_BA_12_6
  100;CS            ;BA                   ;13                   ;Z-RES;E;6       ;0000   ;51       ;5180      ;BAT          ;CS_BA_13_6
  100;CS            ;BA                   ;14                   ;Z-RES;E;6       ;0000   ;51       ;5180      ;BAT          ;CS_BA_14_6
  100;CS            ;BA                   ;15                   ;Z-RES;E;6       ;0000   ;51       ;5180      ;BAT          ;CS_BA_15_6
  100;CS            ;BA                   ;16                   ;Z-RES;E;6       ;0000   ;51       ;5180      ;BAT          ;CS_BA_16_6
  100;CS            ;BA                   ;17                   ;Z-RES;E;6       ;0000   ;51       ;5180      ;BAT          ;CS_BA_17_6
  100;CS            ;BA                   ;18                   ;Z-RES;E;6       ;0000   ;51       ;5180      ;BAT          ;CS_BA_18_6
  100;CS            ;BA                   ;19                   ;Z-RES;E;6       ;0000   ;51       ;5180      ;BAT          ;CS_BA_19_6
  100;CS            ;BA                   ;20                   ;Z-RES;E;6       ;0000   ;51       ;5180      ;BAT          ;CS_BA_20_6
  100;CS            ;BA                   ;21                   ;Z-RES;E;6       ;0000   ;51       ;5180      ;BAT          ;CS_BA_21_6
  100;CS            ;BA                   ;22                   ;Z-RES;E;6       ;0000   ;51       ;5180      ;BAT          ;CS_BA_22_6
  100;CS            ;BA                   ;23                   ;Z-RES;E;6       ;0000   ;51       ;5180      ;BAT          ;CS_BA_23_6
  100;CS            ;BA                   ;24                   ;Z-RES;E;6       ;0000   ;51       ;5180      ;BAT          ;CS_BA_24_6
  100;CT            ;CL                   ;00                   ;Z-RES;E;5       ;0000   ;51       ;5140      ;             ;CT_CL_00_5
  100;CT            ;I1                   ;MV                   ;Z-RES;E;6       ;0000   ;51       ;5140      ;             ;CT_I1_MV_6
  100;CT            ;I2                   ;MV                   ;Z-RES;E;6       ;0000   ;51       ;5140      ;             ;CT_I2_MV_6
  100;CT            ;I3                   ;MV                   ;Z-RES;E;6       ;0000   ;51       ;5140      ;             ;CT_I3_MV_6
  100;CT            ;I4                   ;MV                   ;Z-RES;E;6       ;0000   ;51       ;5140      ;             ;CT_I4_MV_6
  100;CT            ;I5                   ;MV                   ;Z-RES;E;6       ;0000   ;51       ;5140      ;             ;CT_I5_MV_6
  100;CT            ;I6                   ;MV                   ;Z-RES;E;6       ;0000   ;51       ;5140      ;             ;CT_I6_MV_6
  100;CT            ;I7                   ;MV                   ;Z-RES;E;6       ;0000   ;51       ;5140      ;             ;CT_I7_MV_6
  100;CT            ;I8                   ;MV                   ;Z-RES;E;6       ;0000   ;51       ;5140      ;             ;CT_I8_MV_6
  100;CT            ;I9                   ;MV                   ;Z-RES;E;6       ;0000   ;51       ;5140      ;             ;CT_I9_MV_6
  100;D1            ;HV                   ;1L                   ;Z-RES;E;6       ;0000   ;51       ;5150      ;             ;D1_HV_1L_6
  100;D1            ;HV                   ;1T                   ;Z-RES;E;6       ;0000   ;51       ;5150      ;             ;D1_HV_1T_6
  100;D1            ;M1                   ;1T                   ;Z-RES;E;6       ;0000   ;51       ;5150      ;             ;D1_M1_1T_6
  100;D1            ;MA                   ;1M                   ;Z-RES;E;6       ;0000   ;51       ;5150      ;             ;D1_MA_1M_6
  100;D1            ;MA                   ;2M                   ;Z-RES;E;6       ;0000   ;51       ;5150      ;             ;D1_MA_2M_6
  100;D1            ;MA                   ;3M                   ;Z-RES;E;6       ;0000   ;51       ;5150      ;             ;D1_MA_3M_6
  100;D1            ;MA                   ;4M                   ;Z-RES;E;6       ;0000   ;51       ;5150      ;             ;D1_MA_4M_6
  100;D1            ;MA                   ;5M                   ;Z-RES;E;6       ;0000   ;51       ;5150      ;             ;D1_MA_5M_6
  100;D1            ;MA                   ;6M                   ;Z-RES;E;6       ;0000   ;51       ;5150      ;             ;D1_MA_6M_6
  100;D1            ;MA                   ;7M                   ;Z-RES;E;6       ;0000   ;51       ;5150      ;             ;D1_MA_7M_6
  100;D1            ;MA                   ;8M                   ;Z-RES;E;6       ;0000   ;51       ;5150      ;             ;D1_MA_8M_6
  100;D1            ;MA                   ;9M                   ;Z-RES;E;6       ;0000   ;51       ;5150      ;             ;D1_MA_9M_6
  100;D1            ;MA                   ;AM                   ;Z-RES;E;6       ;0000   ;51       ;5150      ;             ;D1_MA_AM_6
  100;D1            ;MA                   ;BM                   ;Z-RES;E;6       ;0000   ;51       ;5150      ;             ;D1_MA_BM_6
  100;D1            ;MA                   ;CM                   ;Z-RES;E;6       ;0000   ;51       ;5150      ;             ;D1_MA_CM_6
  100;D1            ;MA                   ;DM                   ;Z-RES;E;6       ;0000   ;51       ;5150      ;             ;D1_MA_DM_6
  100;D1            ;MA                   ;EM                   ;Z-RES;E;6       ;0000   ;51       ;5150      ;             ;D1_MA_EM_6
  100;D1            ;P1                   ;01                   ;Z-RES;E;6       ;0000   ;51       ;5180      ;             ;D1_P1_01_6
  100;D1            ;P1                   ;02                   ;Z-RES;E;6       ;0000   ;51       ;5180      ;             ;D1_P1_02_6
  100;D1            ;P1                   ;03                   ;Z-RES;E;6       ;0000   ;51       ;5180      ;             ;D1_P1_03_6
  100;D1            ;P1                   ;04                   ;Z-RES;E;6       ;0000   ;51       ;5180      ;             ;D1_P1_04_6
  100;D1            ;P1                   ;05                   ;Z-RES;E;6       ;0000   ;51       ;5180      ;             ;D1_P1_05_6
  100;D1            ;P1                   ;06                   ;Z-RES;E;6       ;0000   ;51       ;5180      ;             ;D1_P1_06_6
  100;D1            ;P1                   ;07                   ;Z-RES;E;6       ;0000   ;51       ;5180      ;             ;D1_P1_07_6
  100;D1            ;P1                   ;08                   ;Z-RES;E;6       ;0000   ;51       ;5180      ;             ;D1_P1_08_6
  100;D1            ;P1                   ;09                   ;Z-RES;E;6       ;0000   ;51       ;5180      ;             ;D1_P1_09_6
  100;D1            ;P1                   ;10                   ;Z-RES;E;6       ;0000   ;51       ;5180      ;             ;D1_P1_10_6
  100;D1            ;P1                   ;11                   ;Z-RES;E;6       ;0000   ;51       ;5180      ;             ;D1_P1_11_6
  100;D1            ;P1                   ;12                   ;Z-RES;E;6       ;0000   ;51       ;5180      ;             ;D1_P1_12_6
  100;D1            ;P2                   ;01                   ;Z-RES;E;6       ;0000   ;51       ;5180      ;             ;D1_P2_01_6
  100;D1            ;P2                   ;02                   ;Z-RES;E;6       ;0000   ;51       ;5180      ;             ;D1_P2_02_6
  100;D1            ;P2                   ;03                   ;Z-RES;E;6       ;0000   ;51       ;5180      ;             ;D1_P2_03_6
  100;D1            ;P2                   ;04                   ;Z-RES;E;6       ;0000   ;51       ;5180      ;             ;D1_P2_04_6
  100;D1            ;P2                   ;05                   ;Z-RES;E;6       ;0000   ;51       ;5180      ;             ;D1_P2_05_6
  100;D1            ;P2                   ;06                   ;Z-RES;E;6       ;0000   ;51       ;5180      ;             ;D1_P2_06_6
  100;D1            ;P2                   ;07                   ;Z-RES;E;6       ;0000   ;51       ;5180      ;             ;D1_P2_07_6
  100;D1            ;P2                   ;08                   ;Z-RES;E;6       ;0000   ;51       ;5180      ;             ;D1_P2_08_6
  100;D1            ;P2                   ;09                   ;Z-RES;E;6       ;0000   ;51       ;5180      ;             ;D1_P2_09_6
  100;D1            ;P2                   ;10                   ;Z-RES;E;6       ;0000   ;51       ;5180      ;             ;D1_P2_10_6
  100;D1            ;P2                   ;11                   ;Z-RES;E;6       ;0000   ;51       ;5180      ;             ;D1_P2_11_6
  100;D1            ;P2                   ;12                   ;Z-RES;E;6       ;0000   ;51       ;5180      ;             ;D1_P2_12_6
  100;D2            ;M1                   ;1T                   ;Z-RES;E;6       ;0000   ;51       ;5150      ;             ;D2_M1_1T_6
  100;D2            ;MA                   ;1M                   ;Z-RES;E;6       ;0000   ;51       ;5150      ;             ;D2_MA_1M_6
  100;D2            ;MA                   ;2M                   ;Z-RES;E;6       ;0000   ;51       ;5150      ;             ;D2_MA_2M_6
  100;D3            ;M1                   ;1T                   ;Z-RES;E;6       ;0000   ;51       ;5150      ;             ;D3_M1_1T_6
  100;D3            ;MA                   ;1M                   ;Z-RES;E;6       ;0000   ;51       ;5150      ;             ;D3_MA_1M_6
  100;D3            ;MA                   ;2M                   ;Z-RES;E;6       ;0000   ;51       ;5150      ;             ;D3_MA_2M_6
  100;D4            ;M1                   ;1T                   ;Z-RES;E;6       ;0000   ;51       ;5150      ;             ;D4_M1_1T_6
  100;D5            ;M1                   ;1T                   ;Z-RES;E;6       ;0000   ;51       ;5150      ;             ;D5_M1_1T_6
  100;D6            ;M1                   ;1T                   ;Z-RES;E;6       ;0000   ;51       ;5150      ;             ;D6_M1_1T_6
  100;D7            ;M1                   ;1T                   ;Z-RES;E;6       ;0000   ;51       ;5150      ;             ;D7_M1_1T_6
  100;D8            ;M1                   ;1T                   ;Z-RES;E;6       ;0000   ;51       ;5150      ;             ;D8_M1_1T_6
  100;D9            ;M1                   ;1T                   ;Z-RES;E;6       ;0000   ;51       ;5150      ;             ;D9_M1_1T_6
  100;DA            ;M1                   ;1T                   ;Z-RES;E;6       ;0000   ;51       ;5150      ;             ;DA_M1_1T_6
  100;DB            ;M1                   ;1T                   ;Z-RES;E;6       ;0000   ;51       ;5150      ;             ;DB_M1_1T_6
  100;DC            ;M1                   ;1T                   ;Z-RES;E;6       ;0000   ;51       ;5150      ;             ;DC_M1_1T_6
  100;DC            ;P1                   ;01                   ;Z-RES;E;6       ;0000   ;51       ;5180      ;             ;DC_P1_01_6
  100;DC            ;P1                   ;02                   ;Z-RES;E;6       ;0000   ;51       ;5180      ;             ;DC_P1_02_6
  100;DC            ;P1                   ;03                   ;Z-RES;E;6       ;0000   ;51       ;5180      ;             ;DC_P1_03_6
  100;DC            ;P1                   ;04                   ;Z-RES;E;6       ;0000   ;51       ;5180      ;             ;DC_P1_04_6
  100;DC            ;P1                   ;05                   ;Z-RES;E;6       ;0000   ;51       ;5180      ;             ;DC_P1_05_6
  100;DC            ;P1                   ;06                   ;Z-RES;E;6       ;0000   ;51       ;5180      ;             ;DC_P1_06_6
  100;DC            ;P1                   ;07                   ;Z-RES;E;6       ;0000   ;51       ;5180      ;             ;DC_P1_07_6
  100;DC            ;P1                   ;08                   ;Z-RES;E;6       ;0000   ;51       ;5180      ;             ;DC_P1_08_6
  100;DC            ;P1                   ;09                   ;Z-RES;E;6       ;0000   ;51       ;5180      ;             ;DC_P1_09_6
  100;DC            ;P2                   ;01                   ;Z-RES;E;6       ;0000   ;51       ;5180      ;             ;DC_P2_01_6
  100;DC            ;P2                   ;02                   ;Z-RES;E;6       ;0000   ;51       ;5180      ;             ;DC_P2_02_6
  100;DC            ;P2                   ;03                   ;Z-RES;E;6       ;0000   ;51       ;5180      ;             ;DC_P2_03_6
  100;DC            ;P2                   ;04                   ;Z-RES;E;6       ;0000   ;51       ;5180      ;             ;DC_P2_04_6
  100;DC            ;P2                   ;05                   ;Z-RES;E;6       ;0000   ;51       ;5180      ;             ;DC_P2_05_6
  100;DC            ;P2                   ;06                   ;Z-RES;E;6       ;0000   ;51       ;5180      ;             ;DC_P2_06_6
  100;DC            ;P2                   ;07                   ;Z-RES;E;6       ;0000   ;51       ;5180      ;             ;DC_P2_07_6
  100;DC            ;P3                   ;01                   ;Z-RES;E;6       ;0000   ;51       ;5180      ;             ;DC_P3_01_6
  100;DC            ;P3                   ;02                   ;Z-RES;E;6       ;0000   ;51       ;5180      ;             ;DC_P3_02_6
  100;DC            ;P3                   ;03                   ;Z-RES;E;6       ;0000   ;51       ;5180      ;             ;DC_P3_03_6
  100;DC            ;P3                   ;04                   ;Z-RES;E;6       ;0000   ;51       ;5180      ;             ;DC_P3_04_6
  100;DC            ;P3                   ;05                   ;Z-RES;E;6       ;0000   ;51       ;5180      ;             ;DC_P3_05_6
  100;DC            ;P3                   ;06                   ;Z-RES;E;6       ;0000   ;51       ;5180      ;             ;DC_P3_06_6
  100;DC            ;P3                   ;07                   ;Z-RES;E;6       ;0000   ;51       ;5180      ;             ;DC_P3_07_6
  100;DC            ;P4                   ;01                   ;Z-RES;E;6       ;0000   ;51       ;5180      ;             ;DC_P4_01_6
  100;DC            ;P4                   ;02                   ;Z-RES;E;6       ;0000   ;51       ;5180      ;             ;DC_P4_02_6
  100;DC            ;P4                   ;03                   ;Z-RES;E;6       ;0000   ;51       ;5180      ;             ;DC_P4_03_6
  100;DC            ;P4                   ;04                   ;Z-RES;E;6       ;0000   ;51       ;5180      ;             ;DC_P4_04_6
  100;DC            ;P4                   ;05                   ;Z-RES;E;6       ;0000   ;51       ;5180      ;             ;DC_P4_05_6
  100;DC            ;P4                   ;06                   ;Z-RES;E;6       ;0000   ;51       ;5180      ;             ;DC_P4_06_6
  100;DC            ;P4                   ;07                   ;Z-RES;E;6       ;0000   ;51       ;5180      ;             ;DC_P4_07_6
  100;DC            ;P5                   ;01                   ;Z-RES;E;6       ;0000   ;51       ;5180      ;             ;DC_P5_01_6
  100;DC            ;P6                   ;01                   ;Z-RES;E;6       ;0000   ;51       ;5180      ;             ;DC_P6_01_6
  100;DC            ;P7                   ;01                   ;Z-RES;E;6       ;0000   ;51       ;5180      ;             ;DC_P7_01_6
  100;DC            ;P8                   ;01                   ;Z-RES;E;6       ;0000   ;51       ;5180      ;             ;DC_P8_01_6
  100;DC            ;P9                   ;01                   ;Z-RES;E;6       ;0000   ;51       ;5180      ;             ;DC_P9_01_6
  100;DC            ;PA                   ;01                   ;Z-RES;E;6       ;0000   ;51       ;5180      ;             ;DC_PA_01_6
  100;DC            ;PB                   ;01                   ;Z-RES;E;6       ;0000   ;51       ;5180      ;             ;DC_PB_01_6
  100;DC            ;PC                   ;01                   ;Z-RES;E;6       ;0000   ;51       ;5180      ;             ;DC_PC_01_6
  100;DC            ;PD                   ;01                   ;Z-RES;E;6       ;0000   ;51       ;5180      ;             ;DC_PD_01_6
  100;DC            ;PE                   ;01                   ;Z-RES;E;6       ;0000   ;51       ;5180      ;             ;DC_PE_01_6
  100;DC            ;PF                   ;01                   ;Z-RES;E;6       ;0000   ;51       ;5180      ;             ;DC_PF_01_6
  100;DC            ;PG                   ;01                   ;Z-RES;E;6       ;0000   ;51       ;5180      ;             ;DC_PG_01_6
  100;DC            ;PH                   ;01                   ;Z-RES;E;6       ;0000   ;51       ;5180      ;             ;DC_PH_01_6
  100;DC            ;PI                   ;01                   ;Z-RES;E;6       ;0000   ;51       ;5180      ;             ;DC_PI_01_6
  100;DC            ;PJ                   ;01                   ;Z-RES;E;6       ;0000   ;51       ;5180      ;             ;DC_PJ_01_6
  100;DC            ;PK                   ;01                   ;Z-RES;E;6       ;0000   ;51       ;5180      ;             ;DC_PK_01_6
  100;DC            ;PL                   ;01                   ;Z-RES;E;6       ;0000   ;51       ;5180      ;             ;DC_PL_01_6
  100;DC            ;PM                   ;01                   ;Z-RES;E;6       ;0000   ;51       ;5180      ;             ;DC_PM_01_6
  100;DC            ;PN                   ;01                   ;Z-RES;E;6       ;0000   ;51       ;5180      ;             ;DC_PN_01_6
  100;DC            ;PO                   ;01                   ;Z-RES;E;6       ;0000   ;51       ;5180      ;             ;DC_PO_01_6
  100;DC            ;PP                   ;01                   ;Z-RES;E;6       ;0000   ;51       ;5180      ;             ;DC_PP_01_6
  100;DD            ;M1                   ;1T                   ;Z-RES;E;6       ;0000   ;51       ;5150      ;             ;DD_M1_1T_6
  100;DE            ;M1                   ;1T                   ;Z-RES;E;6       ;0000   ;51       ;5150      ;             ;DE_M1_1T_6
  100;DF            ;M1                   ;1T                   ;Z-RES;E;6       ;0000   ;51       ;5150      ;             ;DF_M1_1T_6
  100;DG            ;SA                   ;00                   ;Z-RES;E;6       ;0000   ;51       ;5150      ;             ;DG_SA_00_6
  100;DG            ;SA                   ;0A                   ;Z-RES;E;5       ;0000   ;51       ;5150      ;             ;DG_SA_0A_5
  100;DG            ;SA                   ;0E                   ;Z-RES;E;5       ;0000   ;51       ;5150      ;             ;DG_SA_0E_5
  100;DG            ;SA                   ;WE                   ;Z-RES;E;5       ;0000   ;51       ;5150      ;             ;DG_SA_WE_5
  100;DG            ;SA                   ;ZE                   ;Z-RES;E;5       ;0000   ;51       ;5150      ;             ;DG_SA_ZE_5
  100;DI            ;HV                   ;1T                   ;Z-RES;E;6       ;0000   ;51       ;5150      ;             ;DI_HV_1T_6
  100;DM            ;0A                   ;                     ;Z-RES;E;4       ;0000   ;51       ;5150      ;             ;DM_0A_4
  100;DP            ;FF                   ;00                   ;Z-RES;E;5       ;0000   ;51       ;5150      ;             ;DP_FF_00_5
  100;DS            ;B1                   ;01                   ;Z-RES;E;6       ;0000   ;51       ;5180      ;             ;DS_B1_01_6
  100;DS            ;C1                   ;01                   ;Z-RES;E;6       ;0000   ;51       ;5180      ;             ;DS_C1_01_6
  100;DS            ;C1                   ;02                   ;Z-RES;E;6       ;0000   ;51       ;5180      ;             ;DS_C1_02_6
  100;DS            ;C1                   ;03                   ;Z-RES;E;6       ;0000   ;51       ;5180      ;             ;DS_C1_03_6
  100;DS            ;C1                   ;04                   ;Z-RES;E;6       ;0000   ;51       ;5180      ;             ;DS_C1_04_6
  100;DS            ;C1                   ;05                   ;Z-RES;E;6       ;0000   ;51       ;5180      ;             ;DS_C1_05_6
  100;DS            ;C1                   ;06                   ;Z-RES;E;6       ;0000   ;51       ;5180      ;             ;DS_C1_06_6
  100;DS            ;C1                   ;07                   ;Z-RES;E;6       ;0000   ;51       ;5180      ;             ;DS_C1_07_6
  100;DS            ;C1                   ;08                   ;Z-RES;E;6       ;0000   ;51       ;5180      ;             ;DS_C1_08_6
  100;DS            ;C1                   ;09                   ;Z-RES;E;6       ;0000   ;51       ;5180      ;             ;DS_C1_09_6
  100;DS            ;C1                   ;10                   ;Z-RES;E;6       ;0000   ;51       ;5180      ;             ;DS_C1_10_6
  100;DS            ;C1                   ;11                   ;Z-RES;E;6       ;0000   ;51       ;5180      ;             ;DS_C1_11_6
  100;DS            ;C1                   ;12                   ;Z-RES;E;6       ;0000   ;51       ;5180      ;             ;DS_C1_12_6
  100;DS            ;C2                   ;01                   ;Z-RES;E;6       ;0000   ;51       ;5180      ;             ;DS_C2_01_6
  100;DS            ;C2                   ;02                   ;Z-RES;E;6       ;0000   ;51       ;5180      ;             ;DS_C2_02_6
  100;DS            ;C2                   ;03                   ;Z-RES;E;6       ;0000   ;51       ;5180      ;             ;DS_C2_03_6
  100;DS            ;C2                   ;04                   ;Z-RES;E;6       ;0000   ;51       ;5180      ;             ;DS_C2_04_6
  100;DS            ;C2                   ;05                   ;Z-RES;E;6       ;0000   ;51       ;5180      ;             ;DS_C2_05_6
  100;DS            ;C2                   ;06                   ;Z-RES;E;6       ;0000   ;51       ;5180      ;             ;DS_C2_06_6
  100;DS            ;C2                   ;07                   ;Z-RES;E;6       ;0000   ;51       ;5180      ;             ;DS_C2_07_6
  100;DS            ;C2                   ;08                   ;Z-RES;E;6       ;0000   ;51       ;5180      ;             ;DS_C2_08_6
  100;DS            ;C2                   ;09                   ;Z-RES;E;6       ;0000   ;51       ;5180      ;             ;DS_C2_09_6
  100;DS            ;C3                   ;01                   ;Z-RES;E;6       ;0000   ;51       ;5180      ;             ;DS_C3_01_6
  100;DS            ;C3                   ;02                   ;Z-RES;E;6       ;0000   ;51       ;5180      ;             ;DS_C3_02_6
  100;DS            ;C3                   ;03                   ;Z-RES;E;6       ;0000   ;51       ;5180      ;             ;DS_C3_03_6
  100;DS            ;C3                   ;04                   ;Z-RES;E;6       ;0000   ;51       ;5180      ;             ;DS_C3_04_6
  100;DS            ;C3                   ;05                   ;Z-RES;E;6       ;0000   ;51       ;5180      ;             ;DS_C3_05_6
  100;DS            ;C3                   ;06                   ;Z-RES;E;6       ;0000   ;51       ;5180      ;             ;DS_C3_06_6
  100;DS            ;C3                   ;07                   ;Z-RES;E;6       ;0000   ;51       ;5180      ;             ;DS_C3_07_6
  100;DS            ;C3                   ;08                   ;Z-RES;E;6       ;0000   ;51       ;5180      ;             ;DS_C3_08_6
  100;DS            ;C3                   ;09                   ;Z-RES;E;6       ;0000   ;51       ;5180      ;             ;DS_C3_09_6
  100;DS            ;C4                   ;01                   ;Z-RES;E;6       ;0000   ;51       ;5180      ;             ;DS_C4_01_6
  100;DS            ;C4                   ;02                   ;Z-RES;E;6       ;0000   ;51       ;5180      ;             ;DS_C4_02_6
  100;DS            ;C4                   ;03                   ;Z-RES;E;6       ;0000   ;51       ;5180      ;             ;DS_C4_03_6
  100;DS            ;C4                   ;04                   ;Z-RES;E;6       ;0000   ;51       ;5180      ;             ;DS_C4_04_6
  100;DS            ;C4                   ;05                   ;Z-RES;E;6       ;0000   ;51       ;5180      ;             ;DS_C4_05_6
  100;DS            ;C4                   ;06                   ;Z-RES;E;6       ;0000   ;51       ;5180      ;             ;DS_C4_06_6
  100;DS            ;C4                   ;07                   ;Z-RES;E;6       ;0000   ;51       ;5180      ;             ;DS_C4_07_6
  100;DS            ;C4                   ;08                   ;Z-RES;E;6       ;0000   ;51       ;5180      ;             ;DS_C4_08_6
  100;DS            ;C4                   ;09                   ;Z-RES;E;6       ;0000   ;51       ;5180      ;             ;DS_C4_09_6
  100;DS            ;C5                   ;01                   ;Z-RES;E;6       ;0000   ;51       ;5180      ;             ;DS_C5_01_6
  100;DS            ;C5                   ;02                   ;Z-RES;E;6       ;0000   ;51       ;5180      ;             ;DS_C5_02_6
  100;DS            ;C5                   ;03                   ;Z-RES;E;6       ;0000   ;51       ;5180      ;             ;DS_C5_03_6
  100;DS            ;C5                   ;04                   ;Z-RES;E;6       ;0000   ;51       ;5180      ;             ;DS_C5_04_6
  100;DS            ;C5                   ;05                   ;Z-RES;E;6       ;0000   ;51       ;5180      ;             ;DS_C5_05_6
  100;DS            ;C5                   ;06                   ;Z-RES;E;6       ;0000   ;51       ;5180      ;             ;DS_C5_06_6
  100;DS            ;C5                   ;07                   ;Z-RES;E;6       ;0000   ;51       ;5180      ;             ;DS_C5_07_6
  100;DS            ;C5                   ;08                   ;Z-RES;E;6       ;0000   ;51       ;5180      ;             ;DS_C5_08_6
  100;DS            ;C5                   ;09                   ;Z-RES;E;6       ;0000   ;51       ;5180      ;             ;DS_C5_09_6
  100;DS            ;C6                   ;01                   ;Z-RES;E;6       ;0000   ;51       ;5180      ;             ;DS_C6_01_6
  100;DS            ;C6                   ;02                   ;Z-RES;E;6       ;0000   ;51       ;5180      ;             ;DS_C6_02_6
  100;DS            ;C6                   ;03                   ;Z-RES;E;6       ;0000   ;51       ;5180      ;             ;DS_C6_03_6
  100;DS            ;C6                   ;04                   ;Z-RES;E;6       ;0000   ;51       ;5180      ;             ;DS_C6_04_6
  100;DS            ;C6                   ;05                   ;Z-RES;E;6       ;0000   ;51       ;5180      ;             ;DS_C6_05_6
  100;DS            ;C6                   ;06                   ;Z-RES;E;6       ;0000   ;51       ;5180      ;             ;DS_C6_06_6
  100;DS            ;C6                   ;07                   ;Z-RES;E;6       ;0000   ;51       ;5180      ;             ;DS_C6_07_6
  100;DS            ;C6                   ;08                   ;Z-RES;E;6       ;0000   ;51       ;5180      ;             ;DS_C6_08_6
  100;DS            ;C6                   ;09                   ;Z-RES;E;6       ;0000   ;51       ;5180      ;             ;DS_C6_09_6
  100;DS            ;C7                   ;01                   ;Z-RES;E;6       ;0000   ;51       ;5180      ;             ;DS_C7_01_6
  100;DS            ;C7                   ;02                   ;Z-RES;E;6       ;0000   ;51       ;5180      ;             ;DS_C7_02_6
  100;DS            ;C7                   ;03                   ;Z-RES;E;6       ;0000   ;51       ;5180      ;             ;DS_C7_03_6
  100;DS            ;C7                   ;04                   ;Z-RES;E;6       ;0000   ;51       ;5180      ;             ;DS_C7_04_6
  100;DS            ;C7                   ;05                   ;Z-RES;E;6       ;0000   ;51       ;5180      ;             ;DS_C7_05_6
  100;DS            ;C7                   ;06                   ;Z-RES;E;6       ;0000   ;51       ;5180      ;             ;DS_C7_06_6
  100;DS            ;C7                   ;07                   ;Z-RES;E;6       ;0000   ;51       ;5180      ;             ;DS_C7_07_6
  100;DS            ;C7                   ;08                   ;Z-RES;E;6       ;0000   ;51       ;5180      ;             ;DS_C7_08_6
  100;DS            ;C7                   ;09                   ;Z-RES;E;6       ;0000   ;51       ;5180      ;             ;DS_C7_09_6
  100;DS            ;C8                   ;01                   ;Z-RES;E;6       ;0000   ;51       ;5180      ;             ;DS_C8_01_6
  100;DS            ;C8                   ;02                   ;Z-RES;E;6       ;0000   ;51       ;5180      ;             ;DS_C8_02_6
  100;DS            ;C8                   ;03                   ;Z-RES;E;6       ;0000   ;51       ;5180      ;             ;DS_C8_03_6
  100;DS            ;C8                   ;04                   ;Z-RES;E;6       ;0000   ;51       ;5180      ;             ;DS_C8_04_6
  100;DS            ;C8                   ;05                   ;Z-RES;E;6       ;0000   ;51       ;5180      ;             ;DS_C8_05_6
  100;DS            ;C8                   ;06                   ;Z-RES;E;6       ;0000   ;51       ;5180      ;             ;DS_C8_06_6
  100;DS            ;C8                   ;07                   ;Z-RES;E;6       ;0000   ;51       ;5180      ;             ;DS_C8_07_6
  100;DS            ;C8                   ;08                   ;Z-RES;E;6       ;0000   ;51       ;5180      ;             ;DS_C8_08_6
  100;DS            ;P1                   ;01                   ;Z-RES;E;6       ;0000   ;51       ;5180      ;             ;DS_P1_01_6
  100;DS            ;P1                   ;02                   ;Z-RES;E;6       ;0000   ;51       ;5180      ;             ;DS_P1_02_6
  100;DS            ;P1                   ;03                   ;Z-RES;E;6       ;0000   ;51       ;5180      ;             ;DS_P1_03_6
  100;DS            ;P1                   ;04                   ;Z-RES;E;6       ;0000   ;51       ;5180      ;             ;DS_P1_04_6
  100;DS            ;P1                   ;05                   ;Z-RES;E;6       ;0000   ;51       ;5180      ;             ;DS_P1_05_6
  100;DS            ;P1                   ;06                   ;Z-RES;E;6       ;0000   ;51       ;5180      ;             ;DS_P1_06_6
  100;DS            ;P1                   ;07                   ;Z-RES;E;6       ;0000   ;51       ;5180      ;             ;DS_P1_07_6
  100;DS            ;P1                   ;08                   ;Z-RES;E;6       ;0000   ;51       ;5180      ;             ;DS_P1_08_6
  100;DS            ;P1                   ;09                   ;Z-RES;E;6       ;0000   ;51       ;5180      ;             ;DS_P1_09_6
  100;DS            ;P1                   ;10                   ;Z-RES;E;6       ;0000   ;51       ;5180      ;             ;DS_P1_10_6
  100;DS            ;P1                   ;11                   ;Z-RES;E;6       ;0000   ;51       ;5180      ;             ;DS_P1_11_6
  100;DS            ;P1                   ;12                   ;Z-RES;E;6       ;0000   ;51       ;5180      ;             ;DS_P1_12_6
  100;DS            ;P2                   ;01                   ;Z-RES;E;6       ;0000   ;51       ;5180      ;             ;DS_P2_01_6
  100;DS            ;P2                   ;02                   ;Z-RES;E;6       ;0000   ;51       ;5180      ;             ;DS_P2_02_6
  100;DS            ;P2                   ;03                   ;Z-RES;E;6       ;0000   ;51       ;5180      ;             ;DS_P2_03_6
  100;DS            ;P2                   ;04                   ;Z-RES;E;6       ;0000   ;51       ;5180      ;             ;DS_P2_04_6
  100;DS            ;P2                   ;05                   ;Z-RES;E;6       ;0000   ;51       ;5180      ;             ;DS_P2_05_6
  100;DS            ;P2                   ;06                   ;Z-RES;E;6       ;0000   ;51       ;5180      ;             ;DS_P2_06_6
  100;DS            ;P2                   ;07                   ;Z-RES;E;6       ;0000   ;51       ;5180      ;             ;DS_P2_07_6
  100;DS            ;P2                   ;08                   ;Z-RES;E;6       ;0000   ;51       ;5180      ;             ;DS_P2_08_6
  100;DS            ;P2                   ;09                   ;Z-RES;E;6       ;0000   ;51       ;5180      ;             ;DS_P2_09_6
  100;DS            ;P2                   ;10                   ;Z-RES;E;6       ;0000   ;51       ;5180      ;             ;DS_P2_10_6
  100;DS            ;P2                   ;11                   ;Z-RES;E;6       ;0000   ;51       ;5180      ;             ;DS_P2_11_6
  100;DS            ;P2                   ;12                   ;Z-RES;E;6       ;0000   ;51       ;5180      ;             ;DS_P2_12_6
  100;DS            ;P3                   ;01                   ;Z-RES;E;6       ;0000   ;51       ;5180      ;             ;DS_P3_01_6
  100;DS            ;P3                   ;02                   ;Z-RES;E;6       ;0000   ;51       ;5180      ;             ;DS_P3_02_6
  100;DS            ;P3                   ;03                   ;Z-RES;E;6       ;0000   ;51       ;5180      ;             ;DS_P3_03_6
  100;DS            ;P3                   ;04                   ;Z-RES;E;6       ;0000   ;51       ;5180      ;             ;DS_P3_04_6
  100;DS            ;P3                   ;05                   ;Z-RES;E;6       ;0000   ;51       ;5180      ;             ;DS_P3_05_6
  100;DS            ;P3                   ;06                   ;Z-RES;E;6       ;0000   ;51       ;5180      ;             ;DS_P3_06_6
  100;DS            ;P3                   ;07                   ;Z-RES;E;6       ;0000   ;51       ;5180      ;             ;DS_P3_07_6
  100;DS            ;P4                   ;01                   ;Z-RES;E;6       ;0000   ;51       ;5180      ;             ;DS_P4_01_6
  100;DS            ;P4                   ;02                   ;Z-RES;E;6       ;0000   ;51       ;5180      ;             ;DS_P4_02_6
  100;DS            ;P4                   ;03                   ;Z-RES;E;6       ;0000   ;51       ;5180      ;             ;DS_P4_03_6
  100;DS            ;P4                   ;04                   ;Z-RES;E;6       ;0000   ;51       ;5180      ;             ;DS_P4_04_6
  100;DS            ;P4                   ;05                   ;Z-RES;E;6       ;0000   ;51       ;5180      ;             ;DS_P4_05_6
  100;DS            ;P4                   ;06                   ;Z-RES;E;6       ;0000   ;51       ;5180      ;             ;DS_P4_06_6
  100;DS            ;P4                   ;07                   ;Z-RES;E;6       ;0000   ;51       ;5180      ;             ;DS_P4_07_6
  100;DS            ;P5                   ;01                   ;Z-RES;E;6       ;0000   ;51       ;5180      ;             ;DS_P5_01_6
  100;DS            ;P6                   ;01                   ;Z-RES;E;6       ;0000   ;51       ;5180      ;             ;DS_P6_01_6
  100;DS            ;P7                   ;01                   ;Z-RES;E;6       ;0000   ;51       ;5180      ;             ;DS_P7_01_6
  100;DS            ;P8                   ;01                   ;Z-RES;E;6       ;0000   ;51       ;5180      ;             ;DS_P8_01_6
  100;DS            ;P9                   ;01                   ;Z-RES;E;6       ;0000   ;51       ;5180      ;             ;DS_P9_01_6
  100;DS            ;PA                   ;01                   ;Z-RES;E;6       ;0000   ;51       ;5180      ;             ;DS_PA_01_6
  100;DS            ;PB                   ;01                   ;Z-RES;E;6       ;0000   ;51       ;5180      ;             ;DS_PB_01_6
  100;DS            ;PC                   ;01                   ;Z-RES;E;6       ;0000   ;51       ;5180      ;             ;DS_PC_01_6
  100;DS            ;PD                   ;01                   ;Z-RES;E;6       ;0000   ;51       ;5180      ;             ;DS_PD_01_6
  100;DS            ;PE                   ;01                   ;Z-RES;E;6       ;0000   ;51       ;5180      ;             ;DS_PE_01_6
  100;DS            ;PF                   ;01                   ;Z-RES;E;6       ;0000   ;51       ;5180      ;             ;DS_PF_01_6
  100;DS            ;PG                   ;01                   ;Z-RES;E;6       ;0000   ;51       ;5180      ;             ;DS_PG_01_6
  100;DS            ;PH                   ;01                   ;Z-RES;E;6       ;0000   ;51       ;5180      ;             ;DS_PH_01_6
  100;DS            ;PI                   ;01                   ;Z-RES;E;6       ;0000   ;51       ;5180      ;             ;DS_PI_01_6
  100;DS            ;PJ                   ;01                   ;Z-RES;E;6       ;0000   ;51       ;5180      ;             ;DS_PJ_01_6
  100;DS            ;PK                   ;01                   ;Z-RES;E;6       ;0000   ;51       ;5180      ;             ;DS_PK_01_6
  100;DS            ;PL                   ;01                   ;Z-RES;E;6       ;0000   ;51       ;5180      ;             ;DS_PL_01_6
  100;DS            ;PM                   ;01                   ;Z-RES;E;6       ;0000   ;51       ;5180      ;             ;DS_PM_01_6
  100;DS            ;PN                   ;01                   ;Z-RES;E;6       ;0000   ;51       ;5180      ;             ;DS_PN_01_6
  100;DS            ;PO                   ;01                   ;Z-RES;E;6       ;0000   ;51       ;5180      ;             ;DS_PO_01_6
  100;DS            ;PP                   ;01                   ;Z-RES;E;6       ;0000   ;51       ;5180      ;             ;DS_PP_01_6
  100;EM            ;0A                   ;                     ;Z-RES;E;4       ;0000   ;51       ;5150      ;             ;EM_0A_4
  100;EN            ;C0                   ;01                   ;Z-RES;E;6       ;0000   ;51       ;5180      ;             ;EN_C0_01_6
  100;EN            ;C0                   ;02                   ;Z-RES;E;6       ;0000   ;51       ;5180      ;             ;EN_C0_02_6
  100;EN            ;C0                   ;03                   ;Z-RES;E;6       ;0000   ;51       ;5180      ;             ;EN_C0_03_6
  100;EN            ;C0                   ;04                   ;Z-RES;E;6       ;0000   ;51       ;5180      ;             ;EN_C0_04_6
  100;EN            ;C0                   ;05                   ;Z-RES;E;6       ;0000   ;51       ;5180      ;             ;EN_C0_05_6
  100;EN            ;C0                   ;06                   ;Z-RES;E;6       ;0000   ;51       ;5180      ;             ;EN_C0_06_6
  100;EN            ;C0                   ;07                   ;Z-RES;E;6       ;0000   ;51       ;5180      ;             ;EN_C0_07_6
  100;EN            ;C0                   ;08                   ;Z-RES;E;6       ;0000   ;51       ;5180      ;             ;EN_C0_08_6
  100;EN            ;C1                   ;01                   ;Z-RES;E;6       ;0000   ;51       ;5180      ;             ;EN_C1_01_6
  100;EN            ;C1                   ;02                   ;Z-RES;E;6       ;0000   ;51       ;5180      ;             ;EN_C1_02_6
  100;EN            ;C1                   ;03                   ;Z-RES;E;6       ;0000   ;51       ;5180      ;             ;EN_C1_03_6
  100;EN            ;C1                   ;04                   ;Z-RES;E;6       ;0000   ;51       ;5180      ;             ;EN_C1_04_6
  100;EN            ;C1                   ;05                   ;Z-RES;E;6       ;0000   ;51       ;5180      ;             ;EN_C1_05_6
  100;EN            ;C1                   ;06                   ;Z-RES;E;6       ;0000   ;51       ;5180      ;             ;EN_C1_06_6
  100;EN            ;C1                   ;07                   ;Z-RES;E;6       ;0000   ;51       ;5180      ;             ;EN_C1_07_6
  100;EN            ;C1                   ;08                   ;Z-RES;E;6       ;0000   ;51       ;5180      ;             ;EN_C1_08_6
  100;EN            ;C1                   ;09                   ;Z-RES;E;6       ;0000   ;51       ;5180      ;             ;EN_C1_09_6
  100;EN            ;C2                   ;01                   ;Z-RES;E;6       ;0000   ;51       ;5180      ;             ;EN_C2_01_6
  100;EN            ;C2                   ;02                   ;Z-RES;E;6       ;0000   ;51       ;5180      ;             ;EN_C2_02_6
  100;EN            ;C2                   ;03                   ;Z-RES;E;6       ;0000   ;51       ;5180      ;             ;EN_C2_03_6
  100;EN            ;C2                   ;04                   ;Z-RES;E;6       ;0000   ;51       ;5180      ;             ;EN_C2_04_6
  100;EN            ;C2                   ;05                   ;Z-RES;E;6       ;0000   ;51       ;5180      ;             ;EN_C2_05_6
  100;EN            ;C2                   ;06                   ;Z-RES;E;6       ;0000   ;51       ;5180      ;             ;EN_C2_06_6
  100;EN            ;C2                   ;07                   ;Z-RES;E;6       ;0000   ;51       ;5180      ;             ;EN_C2_07_6
  100;EN            ;C2                   ;08                   ;Z-RES;E;6       ;0000   ;51       ;5180      ;             ;EN_C2_08_6
  100;EN            ;C2                   ;09                   ;Z-RES;E;6       ;0000   ;51       ;5180      ;             ;EN_C2_09_6
  100;EN            ;C3                   ;01                   ;Z-RES;E;6       ;0000   ;51       ;5180      ;             ;EN_C3_01_6
  100;EN            ;C3                   ;02                   ;Z-RES;E;6       ;0000   ;51       ;5180      ;             ;EN_C3_02_6
  100;EN            ;C3                   ;03                   ;Z-RES;E;6       ;0000   ;51       ;5180      ;             ;EN_C3_03_6
  100;EN            ;C3                   ;04                   ;Z-RES;E;6       ;0000   ;51       ;5180      ;             ;EN_C3_04_6
  100;EN            ;C3                   ;05                   ;Z-RES;E;6       ;0000   ;51       ;5180      ;             ;EN_C3_05_6
  100;EN            ;C3                   ;06                   ;Z-RES;E;6       ;0000   ;51       ;5180      ;             ;EN_C3_06_6
  100;EN            ;C3                   ;07                   ;Z-RES;E;6       ;0000   ;51       ;5180      ;             ;EN_C3_07_6
  100;EN            ;C3                   ;08                   ;Z-RES;E;6       ;0000   ;51       ;5180      ;             ;EN_C3_08_6
  100;EN            ;C4                   ;01                   ;Z-RES;E;6       ;0000   ;51       ;5180      ;             ;EN_C4_01_6
  100;EN            ;C4                   ;02                   ;Z-RES;E;6       ;0000   ;51       ;5180      ;             ;EN_C4_02_6
  100;EN            ;C4                   ;03                   ;Z-RES;E;6       ;0000   ;51       ;5180      ;             ;EN_C4_03_6
  100;EN            ;C4                   ;04                   ;Z-RES;E;6       ;0000   ;51       ;5180      ;             ;EN_C4_04_6
  100;EN            ;C4                   ;05                   ;Z-RES;E;6       ;0000   ;51       ;5180      ;             ;EN_C4_05_6
  100;EN            ;C4                   ;06                   ;Z-RES;E;6       ;0000   ;51       ;5180      ;             ;EN_C4_06_6
  100;EN            ;C4                   ;07                   ;Z-RES;E;6       ;0000   ;51       ;5180      ;             ;EN_C4_07_6
  100;EN            ;C4                   ;08                   ;Z-RES;E;6       ;0000   ;51       ;5180      ;             ;EN_C4_08_6
  100;EN            ;C5                   ;01                   ;Z-RES;E;6       ;0000   ;51       ;5180      ;             ;EN_C5_01_6
  100;EN            ;C5                   ;02                   ;Z-RES;E;6       ;0000   ;51       ;5180      ;             ;EN_C5_02_6
  100;EN            ;C5                   ;03                   ;Z-RES;E;6       ;0000   ;51       ;5180      ;             ;EN_C5_03_6
  100;EN            ;C5                   ;04                   ;Z-RES;E;6       ;0000   ;51       ;5180      ;             ;EN_C5_04_6
  100;EN            ;C5                   ;05                   ;Z-RES;E;6       ;0000   ;51       ;5180      ;             ;EN_C5_05_6
  100;EN            ;C5                   ;06                   ;Z-RES;E;6       ;0000   ;51       ;5180      ;             ;EN_C5_06_6
  100;EN            ;C5                   ;07                   ;Z-RES;E;6       ;0000   ;51       ;5180      ;             ;EN_C5_07_6
  100;EN            ;C5                   ;08                   ;Z-RES;E;6       ;0000   ;51       ;5180      ;             ;EN_C5_08_6
  100;EN            ;C6                   ;01                   ;Z-RES;E;6       ;0000   ;51       ;5180      ;             ;EN_C6_01_6
  100;EN            ;C6                   ;02                   ;Z-RES;E;6       ;0000   ;51       ;5180      ;             ;EN_C6_02_6
  100;EN            ;C6                   ;03                   ;Z-RES;E;6       ;0000   ;51       ;5180      ;             ;EN_C6_03_6
  100;EN            ;C6                   ;04                   ;Z-RES;E;6       ;0000   ;51       ;5180      ;             ;EN_C6_04_6
  100;EN            ;C6                   ;05                   ;Z-RES;E;6       ;0000   ;51       ;5180      ;             ;EN_C6_05_6
  100;EN            ;C6                   ;06                   ;Z-RES;E;6       ;0000   ;51       ;5180      ;             ;EN_C6_06_6
  100;EN            ;C6                   ;07                   ;Z-RES;E;6       ;0000   ;51       ;5180      ;             ;EN_C6_07_6
  100;EN            ;C6                   ;08                   ;Z-RES;E;6       ;0000   ;51       ;5180      ;             ;EN_C6_08_6
  100;EN            ;C7                   ;01                   ;Z-RES;E;6       ;0000   ;51       ;5180      ;             ;EN_C7_01_6
  100;EN            ;C7                   ;02                   ;Z-RES;E;6       ;0000   ;51       ;5180      ;             ;EN_C7_02_6
  100;EN            ;C7                   ;03                   ;Z-RES;E;6       ;0000   ;51       ;5180      ;             ;EN_C7_03_6
  100;EN            ;C7                   ;04                   ;Z-RES;E;6       ;0000   ;51       ;5180      ;             ;EN_C7_04_6
  100;EN            ;C7                   ;05                   ;Z-RES;E;6       ;0000   ;51       ;5180      ;             ;EN_C7_05_6
  100;EN            ;C7                   ;06                   ;Z-RES;E;6       ;0000   ;51       ;5180      ;             ;EN_C7_06_6
  100;EN            ;C7                   ;07                   ;Z-RES;E;6       ;0000   ;51       ;5180      ;             ;EN_C7_07_6
  100;EN            ;C7                   ;08                   ;Z-RES;E;6       ;0000   ;51       ;5180      ;             ;EN_C7_08_6
  100;EN            ;C8                   ;01                   ;Z-RES;E;6       ;0000   ;51       ;5180      ;             ;EN_C8_01_6
  100;EN            ;C8                   ;02                   ;Z-RES;E;6       ;0000   ;51       ;5180      ;             ;EN_C8_02_6
  100;EN            ;C8                   ;03                   ;Z-RES;E;6       ;0000   ;51       ;5180      ;             ;EN_C8_03_6
  100;EN            ;C8                   ;04                   ;Z-RES;E;6       ;0000   ;51       ;5180      ;             ;EN_C8_04_6
  100;EN            ;C8                   ;05                   ;Z-RES;E;6       ;0000   ;51       ;5180      ;             ;EN_C8_05_6
  100;EN            ;C8                   ;06                   ;Z-RES;E;6       ;0000   ;51       ;5180      ;             ;EN_C8_06_6
  100;EN            ;C8                   ;07                   ;Z-RES;E;6       ;0000   ;51       ;5180      ;             ;EN_C8_07_6
  100;EN            ;C8                   ;08                   ;Z-RES;E;6       ;0000   ;51       ;5180      ;             ;EN_C8_08_6
  100;EP            ;SA                   ;00                   ;Z-RES;E;6       ;0000   ;51       ;5150      ;             ;EP_SA_00_6
  100;EP            ;SA                   ;0A                   ;Z-RES;E;5       ;0000   ;51       ;5150      ;             ;EP_SA_0A_5
  100;EP            ;SA                   ;0E                   ;Z-RES;E;5       ;0000   ;51       ;5150      ;             ;EP_SA_0E_5
  100;EP            ;SA                   ;WE                   ;Z-RES;E;5       ;0000   ;51       ;5150      ;             ;EP_SA_WE_5
  100;EP            ;SA                   ;ZE                   ;Z-RES;E;5       ;0000   ;51       ;5150      ;             ;EP_SA_ZE_5
  100;ER            ;M1                   ;1T                   ;Z-RES;E;6       ;0000   ;51       ;5150      ;             ;ER_M1_1T_6
  100;ES            ;FF                   ;00                   ;Z-RES;E;5       ;0000   ;51       ;5150      ;             ;ES_FF_00_5
  100;FA            ;PC                   ;01                   ;Z-RES;E;6       ;0000   ;51       ;5190      ;PCS          ;FA_PC_01_6
  100;FA            ;PC                   ;02                   ;Z-RES;E;6       ;0000   ;51       ;5190      ;PCS          ;FA_PC_02_6
  100;FA            ;PC                   ;03                   ;Z-RES;E;6       ;0000   ;51       ;5190      ;PCS          ;FA_PC_03_6
  100;FA            ;PC                   ;04                   ;Z-RES;E;6       ;0000   ;51       ;5190      ;PCS          ;FA_PC_04_6
  100;FA            ;PC                   ;05                   ;Z-RES;E;6       ;0000   ;51       ;5190      ;PCS          ;FA_PC_05_6
  100;FA            ;PC                   ;06                   ;Z-RES;E;6       ;0000   ;51       ;5190      ;PCS          ;FA_PC_06_6
  100;FA            ;PC                   ;07                   ;Z-RES;E;6       ;0000   ;51       ;5190      ;PCS          ;FA_PC_07_6
  100;FA            ;PC                   ;08                   ;Z-RES;E;6       ;0000   ;51       ;5190      ;PCS          ;FA_PC_08_6
  100;FA            ;PC                   ;09                   ;Z-RES;E;6       ;0000   ;51       ;5190      ;PCS          ;FA_PC_09_6
  100;FA            ;PC                   ;10                   ;Z-RES;E;6       ;0000   ;51       ;5190      ;PCS          ;FA_PC_10_6
  100;FA            ;PC                   ;11                   ;Z-RES;E;6       ;0000   ;51       ;5190      ;PCS          ;FA_PC_11_6
  100;FA            ;PC                   ;12                   ;Z-RES;E;6       ;0000   ;51       ;5190      ;PCS          ;FA_PC_12_6
  100;FA            ;PC                   ;13                   ;Z-RES;E;6       ;0000   ;51       ;5190      ;PCS          ;FA_PC_13_6
  100;FA            ;PC                   ;14                   ;Z-RES;E;6       ;0000   ;51       ;5190      ;PCS          ;FA_PC_14_6
  100;FA            ;PC                   ;15                   ;Z-RES;E;6       ;0000   ;51       ;5190      ;PCS          ;FA_PC_15_6
  100;FA            ;PC                   ;16                   ;Z-RES;E;6       ;0000   ;51       ;5190      ;PCS          ;FA_PC_16_6
  100;FA            ;PC                   ;17                   ;Z-RES;E;6       ;0000   ;51       ;5190      ;PCS          ;FA_PC_17_6
  100;FA            ;PC                   ;18                   ;Z-RES;E;6       ;0000   ;51       ;5190      ;PCS          ;FA_PC_18_6
  100;FA            ;PC                   ;19                   ;Z-RES;E;6       ;0000   ;51       ;5190      ;PCS          ;FA_PC_19_6
  100;FA            ;PC                   ;20                   ;Z-RES;E;6       ;0000   ;51       ;5190      ;PCS          ;FA_PC_20_6
  100;FA            ;PC                   ;21                   ;Z-RES;E;6       ;0000   ;51       ;5190      ;PCS          ;FA_PC_21_6
  100;FA            ;PC                   ;22                   ;Z-RES;E;6       ;0000   ;51       ;5190      ;PCS          ;FA_PC_22_6
  100;FA            ;PC                   ;23                   ;Z-RES;E;6       ;0000   ;51       ;5190      ;PCS          ;FA_PC_23_6
  100;FA            ;PC                   ;24                   ;Z-RES;E;6       ;0000   ;51       ;5190      ;PCS          ;FA_PC_24_6
  100;FA            ;T1                   ;TR                   ;Z-RES;E;6       ;0000   ;51       ;5190      ;             ;FA_T1_TR_6
  100;FA            ;T2                   ;TR                   ;Z-RES;E;6       ;0000   ;51       ;5190      ;             ;FA_T2_TR_6
  100;FA            ;T3                   ;TR                   ;Z-RES;E;6       ;0000   ;51       ;5190      ;             ;FA_T3_TR_6
  100;FA            ;T4                   ;TR                   ;Z-RES;E;6       ;0000   ;51       ;5190      ;             ;FA_T4_TR_6
  100;FA            ;T5                   ;TR                   ;Z-RES;E;6       ;0000   ;51       ;5190      ;             ;FA_T5_TR_6
  100;FA            ;T6                   ;TR                   ;Z-RES;E;6       ;0000   ;51       ;5190      ;             ;FA_T6_TR_6
  100;FA            ;T7                   ;TR                   ;Z-RES;E;6       ;0000   ;51       ;5190      ;             ;FA_T7_TR_6
  100;FA            ;T8                   ;TR                   ;Z-RES;E;6       ;0000   ;51       ;5190      ;             ;FA_T8_TR_6
  100;FA            ;T9                   ;TR                   ;Z-RES;E;6       ;0000   ;51       ;5190      ;             ;FA_T9_TR_6
  100;FA            ;TR                   ;01                   ;Z-RES;E;6       ;0000   ;51       ;5190      ;TRA          ;FA_TR_01_6
  100;FA            ;TR                   ;02                   ;Z-RES;E;6       ;0000   ;51       ;5190      ;TRA          ;FA_TR_02_6
  100;FA            ;TR                   ;03                   ;Z-RES;E;6       ;0000   ;51       ;5190      ;TRA          ;FA_TR_03_6
  100;FA            ;TR                   ;04                   ;Z-RES;E;6       ;0000   ;51       ;5190      ;TRA          ;FA_TR_04_6
  100;FA            ;TR                   ;05                   ;Z-RES;E;6       ;0000   ;51       ;5190      ;TRA          ;FA_TR_05_6
  100;FA            ;TR                   ;06                   ;Z-RES;E;6       ;0000   ;51       ;5190      ;TRA          ;FA_TR_06_6
  100;FA            ;TR                   ;07                   ;Z-RES;E;6       ;0000   ;51       ;5190      ;TRA          ;FA_TR_07_6
  100;FA            ;TR                   ;08                   ;Z-RES;E;6       ;0000   ;51       ;5190      ;TRA          ;FA_TR_08_6
  100;FA            ;TR                   ;09                   ;Z-RES;E;6       ;0000   ;51       ;5190      ;TRA          ;FA_TR_09_6
  100;FA            ;TR                   ;10                   ;Z-RES;E;6       ;0000   ;51       ;5190      ;TRA          ;FA_TR_10_6
  100;FA            ;TR                   ;11                   ;Z-RES;E;6       ;0000   ;51       ;5190      ;TRA          ;FA_TR_11_6
  100;FA            ;TR                   ;12                   ;Z-RES;E;6       ;0000   ;51       ;5190      ;TRA          ;FA_TR_12_6
  100;FA            ;TR                   ;13                   ;Z-RES;E;6       ;0000   ;51       ;5190      ;TRA          ;FA_TR_13_6
  100;FA            ;TR                   ;14                   ;Z-RES;E;6       ;0000   ;51       ;5190      ;TRA          ;FA_TR_14_6
  100;FA            ;TR                   ;15                   ;Z-RES;E;6       ;0000   ;51       ;5190      ;TRA          ;FA_TR_15_6
  100;FA            ;TR                   ;16                   ;Z-RES;E;6       ;0000   ;51       ;5190      ;TRA          ;FA_TR_16_6
  100;FA            ;TR                   ;17                   ;Z-RES;E;6       ;0000   ;51       ;5190      ;TRA          ;FA_TR_17_6
  100;FA            ;TR                   ;18                   ;Z-RES;E;6       ;0000   ;51       ;5190      ;TRA          ;FA_TR_18_6
  100;FA            ;TR                   ;19                   ;Z-RES;E;6       ;0000   ;51       ;5190      ;TRA          ;FA_TR_19_6
  100;FA            ;TR                   ;20                   ;Z-RES;E;6       ;0000   ;51       ;5190      ;TRA          ;FA_TR_20_6
  100;FA            ;TR                   ;21                   ;Z-RES;E;6       ;0000   ;51       ;5190      ;TRA          ;FA_TR_21_6
  100;FA            ;TR                   ;22                   ;Z-RES;E;6       ;0000   ;51       ;5190      ;TRA          ;FA_TR_22_6
  100;FA            ;TR                   ;23                   ;Z-RES;E;6       ;0000   ;51       ;5190      ;TRA          ;FA_TR_23_6
  100;FA            ;TR                   ;24                   ;Z-RES;E;6       ;0000   ;51       ;5190      ;TRA          ;FA_TR_24_6
  100;FC            ;SA                   ;0A                   ;Z-RES;E;5       ;0000   ;51       ;5150      ;             ;FC_SA_0A_5
  100;FD            ;B1                   ;01                   ;Z-RES;E;6       ;0000   ;51       ;5180      ;             ;FD_B1_01_6
  100;FD            ;C1                   ;01                   ;Z-RES;E;6       ;0000   ;51       ;5150      ;             ;FD_C1_01_6
  100;FD            ;C1                   ;02                   ;Z-RES;E;6       ;0000   ;51       ;5150      ;             ;FD_C1_02_6
  100;FD            ;C1                   ;03                   ;Z-RES;E;6       ;0000   ;51       ;5150      ;             ;FD_C1_03_6
  100;FD            ;C1                   ;04                   ;Z-RES;E;6       ;0000   ;51       ;5150      ;             ;FD_C1_04_6
  100;FD            ;C1                   ;05                   ;Z-RES;E;6       ;0000   ;51       ;5150      ;             ;FD_C1_05_6
  100;FD            ;C1                   ;06                   ;Z-RES;E;6       ;0000   ;51       ;5150      ;             ;FD_C1_06_6
  100;FD            ;C1                   ;07                   ;Z-RES;E;6       ;0000   ;51       ;5150      ;             ;FD_C1_07_6
  100;FD            ;C1                   ;08                   ;Z-RES;E;6       ;0000   ;51       ;5150      ;             ;FD_C1_08_6
  100;FD            ;C1                   ;09                   ;Z-RES;E;6       ;0000   ;51       ;5150      ;             ;FD_C1_09_6
  100;FD            ;C1                   ;10                   ;Z-RES;E;6       ;0000   ;51       ;5150      ;             ;FD_C1_10_6
  100;FD            ;C1                   ;11                   ;Z-RES;E;6       ;0000   ;51       ;5150      ;             ;FD_C1_11_6
  100;FD            ;C1                   ;12                   ;Z-RES;E;6       ;0000   ;51       ;5150      ;             ;FD_C1_12_6
  100;FD            ;C2                   ;01                   ;Z-RES;E;6       ;0000   ;51       ;5150      ;             ;FD_C2_01_6
  100;FD            ;C2                   ;02                   ;Z-RES;E;6       ;0000   ;51       ;5150      ;             ;FD_C2_02_6
  100;FD            ;C2                   ;03                   ;Z-RES;E;6       ;0000   ;51       ;5150      ;             ;FD_C2_03_6
  100;FD            ;C2                   ;04                   ;Z-RES;E;6       ;0000   ;51       ;5150      ;             ;FD_C2_04_6
  100;FD            ;C2                   ;05                   ;Z-RES;E;6       ;0000   ;51       ;5150      ;             ;FD_C2_05_6
  100;FD            ;C2                   ;06                   ;Z-RES;E;6       ;0000   ;51       ;5150      ;             ;FD_C2_06_6
  100;FD            ;C2                   ;07                   ;Z-RES;E;6       ;0000   ;51       ;5150      ;             ;FD_C2_07_6
  100;FD            ;C2                   ;08                   ;Z-RES;E;6       ;0000   ;51       ;5150      ;             ;FD_C2_08_6
  100;FD            ;C2                   ;09                   ;Z-RES;E;6       ;0000   ;51       ;5150      ;             ;FD_C2_09_6
  100;FD            ;C3                   ;01                   ;Z-RES;E;6       ;0000   ;51       ;5150      ;             ;FD_C3_01_6
  100;FD            ;C3                   ;02                   ;Z-RES;E;6       ;0000   ;51       ;5150      ;             ;FD_C3_02_6
  100;FD            ;C3                   ;03                   ;Z-RES;E;6       ;0000   ;51       ;5150      ;             ;FD_C3_03_6
  100;FD            ;C3                   ;04                   ;Z-RES;E;6       ;0000   ;51       ;5150      ;             ;FD_C3_04_6
  100;FD            ;C3                   ;05                   ;Z-RES;E;6       ;0000   ;51       ;5150      ;             ;FD_C3_05_6
  100;FD            ;C3                   ;06                   ;Z-RES;E;6       ;0000   ;51       ;5150      ;             ;FD_C3_06_6
  100;FD            ;C3                   ;07                   ;Z-RES;E;6       ;0000   ;51       ;5150      ;             ;FD_C3_07_6
  100;FD            ;C3                   ;08                   ;Z-RES;E;6       ;0000   ;51       ;5150      ;             ;FD_C3_08_6
  100;FD            ;C3                   ;09                   ;Z-RES;E;6       ;0000   ;51       ;5150      ;             ;FD_C3_09_6
  100;FD            ;C4                   ;01                   ;Z-RES;E;6       ;0000   ;51       ;5150      ;             ;FD_C4_01_6
  100;FD            ;C4                   ;02                   ;Z-RES;E;6       ;0000   ;51       ;5150      ;             ;FD_C4_02_6
  100;FD            ;C4                   ;03                   ;Z-RES;E;6       ;0000   ;51       ;5150      ;             ;FD_C4_03_6
  100;FD            ;C4                   ;04                   ;Z-RES;E;6       ;0000   ;51       ;5150      ;             ;FD_C4_04_6
  100;FD            ;C4                   ;05                   ;Z-RES;E;6       ;0000   ;51       ;5150      ;             ;FD_C4_05_6
  100;FD            ;C4                   ;06                   ;Z-RES;E;6       ;0000   ;51       ;5150      ;             ;FD_C4_06_6
  100;FD            ;C4                   ;07                   ;Z-RES;E;6       ;0000   ;51       ;5150      ;             ;FD_C4_07_6
  100;FD            ;C4                   ;08                   ;Z-RES;E;6       ;0000   ;51       ;5150      ;             ;FD_C4_08_6
  100;FD            ;C4                   ;09                   ;Z-RES;E;6       ;0000   ;51       ;5150      ;             ;FD_C4_09_6
  100;FD            ;C5                   ;01                   ;Z-RES;E;6       ;0000   ;51       ;5150      ;             ;FD_C5_01_6
  100;FD            ;C5                   ;02                   ;Z-RES;E;6       ;0000   ;51       ;5150      ;             ;FD_C5_02_6
  100;FD            ;C5                   ;03                   ;Z-RES;E;6       ;0000   ;51       ;5150      ;             ;FD_C5_03_6
  100;FD            ;C5                   ;04                   ;Z-RES;E;6       ;0000   ;51       ;5150      ;             ;FD_C5_04_6
  100;FD            ;C5                   ;05                   ;Z-RES;E;6       ;0000   ;51       ;5150      ;             ;FD_C5_05_6
  100;FD            ;C5                   ;06                   ;Z-RES;E;6       ;0000   ;51       ;5150      ;             ;FD_C5_06_6
  100;FD            ;C5                   ;07                   ;Z-RES;E;6       ;0000   ;51       ;5150      ;             ;FD_C5_07_6
  100;FD            ;C5                   ;08                   ;Z-RES;E;6       ;0000   ;51       ;5150      ;             ;FD_C5_08_6
  100;FD            ;C5                   ;09                   ;Z-RES;E;6       ;0000   ;51       ;5150      ;             ;FD_C5_09_6
  100;FD            ;C6                   ;01                   ;Z-RES;E;6       ;0000   ;51       ;5150      ;             ;FD_C6_01_6
  100;FD            ;C6                   ;02                   ;Z-RES;E;6       ;0000   ;51       ;5150      ;             ;FD_C6_02_6
  100;FD            ;C6                   ;03                   ;Z-RES;E;6       ;0000   ;51       ;5150      ;             ;FD_C6_03_6
  100;FD            ;C6                   ;04                   ;Z-RES;E;6       ;0000   ;51       ;5150      ;             ;FD_C6_04_6
  100;FD            ;C6                   ;05                   ;Z-RES;E;6       ;0000   ;51       ;5150      ;             ;FD_C6_05_6
  100;FD            ;C6                   ;06                   ;Z-RES;E;6       ;0000   ;51       ;5150      ;             ;FD_C6_06_6
  100;FD            ;C6                   ;07                   ;Z-RES;E;6       ;0000   ;51       ;5150      ;             ;FD_C6_07_6
  100;FD            ;C6                   ;08                   ;Z-RES;E;6       ;0000   ;51       ;5150      ;             ;FD_C6_08_6
  100;FD            ;C6                   ;09                   ;Z-RES;E;6       ;0000   ;51       ;5150      ;             ;FD_C6_09_6
  100;FD            ;C7                   ;01                   ;Z-RES;E;6       ;0000   ;51       ;5150      ;             ;FD_C7_01_6
  100;FD            ;C7                   ;02                   ;Z-RES;E;6       ;0000   ;51       ;5150      ;             ;FD_C7_02_6
  100;FD            ;C7                   ;03                   ;Z-RES;E;6       ;0000   ;51       ;5150      ;             ;FD_C7_03_6
  100;FD            ;C7                   ;04                   ;Z-RES;E;6       ;0000   ;51       ;5150      ;             ;FD_C7_04_6
  100;FD            ;C7                   ;05                   ;Z-RES;E;6       ;0000   ;51       ;5150      ;             ;FD_C7_05_6
  100;FD            ;C7                   ;06                   ;Z-RES;E;6       ;0000   ;51       ;5150      ;             ;FD_C7_06_6
  100;FD            ;C7                   ;07                   ;Z-RES;E;6       ;0000   ;51       ;5150      ;             ;FD_C7_07_6
  100;FD            ;C7                   ;08                   ;Z-RES;E;6       ;0000   ;51       ;5150      ;             ;FD_C7_08_6
  100;FD            ;C7                   ;09                   ;Z-RES;E;6       ;0000   ;51       ;5150      ;             ;FD_C7_09_6
  100;FD            ;C8                   ;01                   ;Z-RES;E;6       ;0000   ;51       ;5150      ;             ;FD_C8_01_6
  100;FD            ;C8                   ;02                   ;Z-RES;E;6       ;0000   ;51       ;5150      ;             ;FD_C8_02_6
  100;FD            ;C8                   ;03                   ;Z-RES;E;6       ;0000   ;51       ;5150      ;             ;FD_C8_03_6
  100;FD            ;C8                   ;04                   ;Z-RES;E;6       ;0000   ;51       ;5150      ;             ;FD_C8_04_6
  100;FD            ;C8                   ;05                   ;Z-RES;E;6       ;0000   ;51       ;5150      ;             ;FD_C8_05_6
  100;FD            ;C8                   ;06                   ;Z-RES;E;6       ;0000   ;51       ;5150      ;             ;FD_C8_06_6
  100;FD            ;C8                   ;07                   ;Z-RES;E;6       ;0000   ;51       ;5150      ;             ;FD_C8_07_6
  100;FD            ;C8                   ;08                   ;Z-RES;E;6       ;0000   ;51       ;5150      ;             ;FD_C8_08_6
  100;FD            ;N0                   ;00                   ;Z-RES;E;6       ;0000   ;51       ;5190      ;             ;FD_N0_00_6
  100;FD            ;N0                   ;0E                   ;Z-RES;E;5       ;0000   ;51       ;5190      ;             ;FD_N0_0E_5
  100;FD            ;N0                   ;WE                   ;Z-RES;E;5       ;0000   ;51       ;5190      ;             ;FD_N0_WE_5
  100;FD            ;N0                   ;ZE                   ;Z-RES;E;5       ;0000   ;51       ;5190      ;             ;FD_N0_ZE_5
  100;FE            ;VC                   ;00                   ;Z-RES;E;5       ;0000   ;51       ;5110      ;             ;FE_VC_00_5
  100;FE            ;ZZ                   ;0E                   ;Z-RES;E;5       ;0000   ;51       ;5110      ;SCC          ;FE_ZZ_0E_5
  100;FF            ;00                   ;                     ;Z-RES;E;4       ;0000   ;51       ;5150      ;             ;FF_00_4
  100;FO            ;OC                   ;00                   ;Z-RES;E;5       ;0000   ;51       ;5110      ;             ;FO_OC_00_5
  100;FP            ;BA                   ;01                   ;Z-RES;E;6       ;0000   ;51       ;5180      ;BAT          ;FP_BA_01_6
  100;FP            ;BA                   ;02                   ;Z-RES;E;6       ;0000   ;51       ;5180      ;BAT          ;FP_BA_02_6
  100;FP            ;BA                   ;03                   ;Z-RES;E;6       ;0000   ;51       ;5180      ;BAT          ;FP_BA_03_6
  100;FP            ;BA                   ;04                   ;Z-RES;E;6       ;0000   ;51       ;5180      ;BAT          ;FP_BA_04_6
  100;FP            ;BA                   ;05                   ;Z-RES;E;6       ;0000   ;51       ;5180      ;BAT          ;FP_BA_05_6
  100;FP            ;BA                   ;06                   ;Z-RES;E;6       ;0000   ;51       ;5180      ;BAT          ;FP_BA_06_6
  100;FP            ;BA                   ;07                   ;Z-RES;E;6       ;0000   ;51       ;5180      ;BAT          ;FP_BA_07_6
  100;FP            ;BA                   ;08                   ;Z-RES;E;6       ;0000   ;51       ;5180      ;BAT          ;FP_BA_08_6
  100;FP            ;BA                   ;09                   ;Z-RES;E;6       ;0000   ;51       ;5180      ;BAT          ;FP_BA_09_6
  100;FP            ;BA                   ;10                   ;Z-RES;E;6       ;0000   ;51       ;5180      ;BAT          ;FP_BA_10_6
  100;FP            ;BA                   ;11                   ;Z-RES;E;6       ;0000   ;51       ;5180      ;BAT          ;FP_BA_11_6
  100;FP            ;BA                   ;12                   ;Z-RES;E;6       ;0000   ;51       ;5180      ;BAT          ;FP_BA_12_6
  100;FP            ;BA                   ;13                   ;Z-RES;E;6       ;0000   ;51       ;5180      ;BAT          ;FP_BA_13_6
  100;FP            ;BA                   ;14                   ;Z-RES;E;6       ;0000   ;51       ;5180      ;BAT          ;FP_BA_14_6
  100;FP            ;BA                   ;15                   ;Z-RES;E;6       ;0000   ;51       ;5180      ;BAT          ;FP_BA_15_6
  100;FP            ;BA                   ;16                   ;Z-RES;E;6       ;0000   ;51       ;5180      ;BAT          ;FP_BA_16_6
  100;FP            ;BA                   ;17                   ;Z-RES;E;6       ;0000   ;51       ;5180      ;BAT          ;FP_BA_17_6
  100;FP            ;BA                   ;18                   ;Z-RES;E;6       ;0000   ;51       ;5180      ;BAT          ;FP_BA_18_6
  100;FP            ;BA                   ;19                   ;Z-RES;E;6       ;0000   ;51       ;5180      ;BAT          ;FP_BA_19_6
  100;FP            ;BA                   ;20                   ;Z-RES;E;6       ;0000   ;51       ;5180      ;BAT          ;FP_BA_20_6
  100;FP            ;BA                   ;21                   ;Z-RES;E;6       ;0000   ;51       ;5180      ;BAT          ;FP_BA_21_6
  100;FP            ;BA                   ;22                   ;Z-RES;E;6       ;0000   ;51       ;5180      ;BAT          ;FP_BA_22_6
  100;FP            ;BA                   ;23                   ;Z-RES;E;6       ;0000   ;51       ;5180      ;BAT          ;FP_BA_23_6
  100;FP            ;BA                   ;24                   ;Z-RES;E;6       ;0000   ;51       ;5180      ;BAT          ;FP_BA_24_6
  100;FP            ;N1                   ;00                   ;Z-RES;E;6       ;0000   ;51       ;5190      ;SCC          ;FP_N1_00_6
  100;FP            ;N2                   ;00                   ;Z-RES;E;6       ;0000   ;51       ;5190      ;SCC          ;FP_N2_00_6
  100;FP            ;N3                   ;00                   ;Z-RES;E;6       ;0000   ;51       ;5190      ;SCC          ;FP_N3_00_6
  100;FP            ;N4                   ;00                   ;Z-RES;E;6       ;0000   ;51       ;5190      ;SCC          ;FP_N4_00_6
  100;FP            ;N5                   ;00                   ;Z-RES;E;6       ;0000   ;51       ;5190      ;SCC          ;FP_N5_00_6
  100;FP            ;N6                   ;00                   ;Z-RES;E;6       ;0000   ;51       ;5190      ;SCC          ;FP_N6_00_6
  100;FS            ;B1                   ;01                   ;Z-RES;E;6       ;0000   ;51       ;5180      ;             ;FS_B1_01_6
  100;FS            ;C1                   ;01                   ;Z-RES;E;6       ;0000   ;51       ;5180      ;             ;FS_C1_01_6
  100;FS            ;C1                   ;02                   ;Z-RES;E;6       ;0000   ;51       ;5180      ;             ;FS_C1_02_6
  100;FS            ;C1                   ;03                   ;Z-RES;E;6       ;0000   ;51       ;5180      ;             ;FS_C1_03_6
  100;FS            ;C1                   ;04                   ;Z-RES;E;6       ;0000   ;51       ;5180      ;             ;FS_C1_04_6
  100;FS            ;C1                   ;05                   ;Z-RES;E;6       ;0000   ;51       ;5180      ;             ;FS_C1_05_6
  100;FS            ;C1                   ;06                   ;Z-RES;E;6       ;0000   ;51       ;5180      ;             ;FS_C1_06_6
  100;FS            ;C1                   ;07                   ;Z-RES;E;6       ;0000   ;51       ;5180      ;             ;FS_C1_07_6
  100;FS            ;C1                   ;08                   ;Z-RES;E;6       ;0000   ;51       ;5180      ;             ;FS_C1_08_6
  100;FS            ;C1                   ;09                   ;Z-RES;E;6       ;0000   ;51       ;5180      ;             ;FS_C1_09_6
  100;FS            ;C1                   ;10                   ;Z-RES;E;6       ;0000   ;51       ;5180      ;             ;FS_C1_10_6
  100;FS            ;C1                   ;11                   ;Z-RES;E;6       ;0000   ;51       ;5180      ;             ;FS_C1_11_6
  100;FS            ;C1                   ;12                   ;Z-RES;E;6       ;0000   ;51       ;5180      ;             ;FS_C1_12_6
  100;FS            ;C2                   ;01                   ;Z-RES;E;6       ;0000   ;51       ;5180      ;             ;FS_C2_01_6
  100;FS            ;C2                   ;02                   ;Z-RES;E;6       ;0000   ;51       ;5180      ;             ;FS_C2_02_6
  100;FS            ;C2                   ;03                   ;Z-RES;E;6       ;0000   ;51       ;5180      ;             ;FS_C2_03_6
  100;FS            ;C2                   ;04                   ;Z-RES;E;6       ;0000   ;51       ;5180      ;             ;FS_C2_04_6
  100;FS            ;C2                   ;05                   ;Z-RES;E;6       ;0000   ;51       ;5180      ;             ;FS_C2_05_6
  100;FS            ;C2                   ;06                   ;Z-RES;E;6       ;0000   ;51       ;5180      ;             ;FS_C2_06_6
  100;FS            ;C2                   ;07                   ;Z-RES;E;6       ;0000   ;51       ;5180      ;             ;FS_C2_07_6
  100;FS            ;C2                   ;08                   ;Z-RES;E;6       ;0000   ;51       ;5180      ;             ;FS_C2_08_6
  100;FS            ;C2                   ;09                   ;Z-RES;E;6       ;0000   ;51       ;5180      ;             ;FS_C2_09_6
  100;FS            ;C2                   ;10                   ;Z-RES;E;6       ;0000   ;51       ;5180      ;             ;FS_C2_10_6
  100;FS            ;C2                   ;11                   ;Z-RES;E;6       ;0000   ;51       ;5180      ;             ;FS_C2_11_6
  100;FS            ;C2                   ;12                   ;Z-RES;E;6       ;0000   ;51       ;5180      ;             ;FS_C2_12_6
  100;FS            ;C3                   ;01                   ;Z-RES;E;6       ;0000   ;51       ;5180      ;             ;FS_C3_01_6
  100;FS            ;C3                   ;02                   ;Z-RES;E;6       ;0000   ;51       ;5180      ;             ;FS_C3_02_6
  100;FS            ;C3                   ;03                   ;Z-RES;E;6       ;0000   ;51       ;5180      ;             ;FS_C3_03_6
  100;FS            ;C3                   ;04                   ;Z-RES;E;6       ;0000   ;51       ;5180      ;             ;FS_C3_04_6
  100;FS            ;C3                   ;05                   ;Z-RES;E;6       ;0000   ;51       ;5180      ;             ;FS_C3_05_6
  100;FS            ;C3                   ;06                   ;Z-RES;E;6       ;0000   ;51       ;5180      ;             ;FS_C3_06_6
  100;FS            ;C3                   ;07                   ;Z-RES;E;6       ;0000   ;51       ;5180      ;             ;FS_C3_07_6
  100;FS            ;C3                   ;08                   ;Z-RES;E;6       ;0000   ;51       ;5180      ;             ;FS_C3_08_6
  100;FS            ;C3                   ;09                   ;Z-RES;E;6       ;0000   ;51       ;5180      ;             ;FS_C3_09_6
  100;FS            ;C3                   ;10                   ;Z-RES;E;6       ;0000   ;51       ;5180      ;             ;FS_C3_10_6
  100;FS            ;C3                   ;11                   ;Z-RES;E;6       ;0000   ;51       ;5180      ;             ;FS_C3_11_6
  100;FS            ;C3                   ;12                   ;Z-RES;E;6       ;0000   ;51       ;5180      ;             ;FS_C3_12_6
  100;FS            ;C4                   ;01                   ;Z-RES;E;6       ;0000   ;51       ;5180      ;             ;FS_C4_01_6
  100;FS            ;C4                   ;02                   ;Z-RES;E;6       ;0000   ;51       ;5180      ;             ;FS_C4_02_6
  100;FS            ;C4                   ;03                   ;Z-RES;E;6       ;0000   ;51       ;5180      ;             ;FS_C4_03_6
  100;FS            ;C4                   ;04                   ;Z-RES;E;6       ;0000   ;51       ;5180      ;             ;FS_C4_04_6
  100;FS            ;C4                   ;05                   ;Z-RES;E;6       ;0000   ;51       ;5180      ;             ;FS_C4_05_6
  100;FS            ;C4                   ;06                   ;Z-RES;E;6       ;0000   ;51       ;5180      ;             ;FS_C4_06_6
  100;FS            ;C4                   ;07                   ;Z-RES;E;6       ;0000   ;51       ;5180      ;             ;FS_C4_07_6
  100;FS            ;C4                   ;08                   ;Z-RES;E;6       ;0000   ;51       ;5180      ;             ;FS_C4_08_6
  100;FS            ;C4                   ;09                   ;Z-RES;E;6       ;0000   ;51       ;5180      ;             ;FS_C4_09_6
  100;FS            ;C4                   ;10                   ;Z-RES;E;6       ;0000   ;51       ;5180      ;             ;FS_C4_10_6
  100;FS            ;C4                   ;11                   ;Z-RES;E;6       ;0000   ;51       ;5180      ;             ;FS_C4_11_6
  100;FS            ;C5                   ;01                   ;Z-RES;E;6       ;0000   ;51       ;5180      ;             ;FS_C5_01_6
  100;FS            ;C5                   ;02                   ;Z-RES;E;6       ;0000   ;51       ;5180      ;             ;FS_C5_02_6
  100;FS            ;C5                   ;03                   ;Z-RES;E;6       ;0000   ;51       ;5180      ;             ;FS_C5_03_6
  100;FS            ;C5                   ;04                   ;Z-RES;E;6       ;0000   ;51       ;5180      ;             ;FS_C5_04_6
  100;FS            ;C5                   ;05                   ;Z-RES;E;6       ;0000   ;51       ;5180      ;             ;FS_C5_05_6
  100;FS            ;C5                   ;06                   ;Z-RES;E;6       ;0000   ;51       ;5180      ;             ;FS_C5_06_6
  100;FS            ;C5                   ;07                   ;Z-RES;E;6       ;0000   ;51       ;5180      ;             ;FS_C5_07_6
  100;FS            ;C5                   ;08                   ;Z-RES;E;6       ;0000   ;51       ;5180      ;             ;FS_C5_08_6
  100;FS            ;C5                   ;09                   ;Z-RES;E;6       ;0000   ;51       ;5180      ;             ;FS_C5_09_6
  100;FS            ;C5                   ;10                   ;Z-RES;E;6       ;0000   ;51       ;5180      ;             ;FS_C5_10_6
  100;FS            ;C6                   ;01                   ;Z-RES;E;6       ;0000   ;51       ;5180      ;             ;FS_C6_01_6
  100;FS            ;C6                   ;02                   ;Z-RES;E;6       ;0000   ;51       ;5180      ;             ;FS_C6_02_6
  100;FS            ;C6                   ;03                   ;Z-RES;E;6       ;0000   ;51       ;5180      ;             ;FS_C6_03_6
  100;FS            ;C6                   ;04                   ;Z-RES;E;6       ;0000   ;51       ;5180      ;             ;FS_C6_04_6
  100;FS            ;C6                   ;05                   ;Z-RES;E;6       ;0000   ;51       ;5180      ;             ;FS_C6_05_6
  100;FS            ;C6                   ;06                   ;Z-RES;E;6       ;0000   ;51       ;5180      ;             ;FS_C6_06_6
  100;FS            ;C6                   ;07                   ;Z-RES;E;6       ;0000   ;51       ;5180      ;             ;FS_C6_07_6
  100;FS            ;C6                   ;08                   ;Z-RES;E;6       ;0000   ;51       ;5180      ;             ;FS_C6_08_6
  100;FS            ;C6                   ;09                   ;Z-RES;E;6       ;0000   ;51       ;5180      ;             ;FS_C6_09_6
  100;FS            ;C6                   ;10                   ;Z-RES;E;6       ;0000   ;51       ;5180      ;             ;FS_C6_10_6
  100;FS            ;C7                   ;01                   ;Z-RES;E;6       ;0000   ;51       ;5180      ;             ;FS_C7_01_6
  100;FS            ;C7                   ;02                   ;Z-RES;E;6       ;0000   ;51       ;5180      ;             ;FS_C7_02_6
  100;FS            ;C7                   ;03                   ;Z-RES;E;6       ;0000   ;51       ;5180      ;             ;FS_C7_03_6
  100;FS            ;C7                   ;04                   ;Z-RES;E;6       ;0000   ;51       ;5180      ;             ;FS_C7_04_6
  100;FS            ;C7                   ;05                   ;Z-RES;E;6       ;0000   ;51       ;5180      ;             ;FS_C7_05_6
  100;FS            ;C7                   ;06                   ;Z-RES;E;6       ;0000   ;51       ;5180      ;             ;FS_C7_06_6
  100;FS            ;C7                   ;07                   ;Z-RES;E;6       ;0000   ;51       ;5180      ;             ;FS_C7_07_6
  100;FS            ;C7                   ;08                   ;Z-RES;E;6       ;0000   ;51       ;5180      ;             ;FS_C7_08_6
  100;FS            ;C7                   ;09                   ;Z-RES;E;6       ;0000   ;51       ;5180      ;             ;FS_C7_09_6
  100;FS            ;C8                   ;01                   ;Z-RES;E;6       ;0000   ;51       ;5180      ;             ;FS_C8_01_6
  100;FS            ;C8                   ;02                   ;Z-RES;E;6       ;0000   ;51       ;5180      ;             ;FS_C8_02_6
  100;FS            ;C8                   ;03                   ;Z-RES;E;6       ;0000   ;51       ;5180      ;             ;FS_C8_03_6
  100;FS            ;C8                   ;04                   ;Z-RES;E;6       ;0000   ;51       ;5180      ;             ;FS_C8_04_6
  100;FS            ;C8                   ;05                   ;Z-RES;E;6       ;0000   ;51       ;5180      ;             ;FS_C8_05_6
  100;FS            ;C8                   ;06                   ;Z-RES;E;6       ;0000   ;51       ;5180      ;             ;FS_C8_06_6
  100;FS            ;C8                   ;07                   ;Z-RES;E;6       ;0000   ;51       ;5180      ;             ;FS_C8_07_6
  100;FS            ;C8                   ;08                   ;Z-RES;E;6       ;0000   ;51       ;5180      ;             ;FS_C8_08_6
  100;FS            ;N0                   ;00                   ;Z-RES;E;6       ;0000   ;51       ;5190      ;             ;FS_N0_00_6
  100;FS            ;N0                   ;0E                   ;Z-RES;E;5       ;0000   ;51       ;5190      ;             ;FS_N0_0E_5
  100;FS            ;N0                   ;WE                   ;Z-RES;E;5       ;0000   ;51       ;5190      ;             ;FS_N0_WE_5
  100;FS            ;N0                   ;ZE                   ;Z-RES;E;5       ;0000   ;51       ;5190      ;             ;FS_N0_ZE_5
  100;FU            ;P1                   ;01                   ;Z-RES;E;6       ;0000   ;51       ;5180      ;             ;FU_P1_01_6
  100;FU            ;P1                   ;02                   ;Z-RES;E;6       ;0000   ;51       ;5180      ;             ;FU_P1_02_6
  100;FU            ;P1                   ;03                   ;Z-RES;E;6       ;0000   ;51       ;5180      ;             ;FU_P1_03_6
  100;FU            ;P1                   ;04                   ;Z-RES;E;6       ;0000   ;51       ;5180      ;             ;FU_P1_04_6
  100;FU            ;P1                   ;05                   ;Z-RES;E;6       ;0000   ;51       ;5180      ;             ;FU_P1_05_6
  100;FU            ;P1                   ;06                   ;Z-RES;E;6       ;0000   ;51       ;5180      ;             ;FU_P1_06_6
  100;FU            ;P1                   ;07                   ;Z-RES;E;6       ;0000   ;51       ;5180      ;             ;FU_P1_07_6
  100;FU            ;P1                   ;08                   ;Z-RES;E;6       ;0000   ;51       ;5180      ;             ;FU_P1_08_6
  100;FU            ;P1                   ;09                   ;Z-RES;E;6       ;0000   ;51       ;5180      ;             ;FU_P1_09_6
  100;FU            ;P1                   ;10                   ;Z-RES;E;6       ;0000   ;51       ;5180      ;             ;FU_P1_10_6
  100;FU            ;P1                   ;11                   ;Z-RES;E;6       ;0000   ;51       ;5180      ;             ;FU_P1_11_6
  100;FU            ;P1                   ;12                   ;Z-RES;E;6       ;0000   ;51       ;5180      ;             ;FU_P1_12_6
  100;FU            ;P2                   ;01                   ;Z-RES;E;6       ;0000   ;51       ;5180      ;             ;FU_P2_01_6
  100;FU            ;P2                   ;02                   ;Z-RES;E;6       ;0000   ;51       ;5180      ;             ;FU_P2_02_6
  100;FU            ;P2                   ;03                   ;Z-RES;E;6       ;0000   ;51       ;5180      ;             ;FU_P2_03_6
  100;FU            ;P2                   ;04                   ;Z-RES;E;6       ;0000   ;51       ;5180      ;             ;FU_P2_04_6
  100;FU            ;P2                   ;05                   ;Z-RES;E;6       ;0000   ;51       ;5180      ;             ;FU_P2_05_6
  100;FU            ;P2                   ;06                   ;Z-RES;E;6       ;0000   ;51       ;5180      ;             ;FU_P2_06_6
  100;FU            ;P2                   ;07                   ;Z-RES;E;6       ;0000   ;51       ;5180      ;             ;FU_P2_07_6
  100;FU            ;P2                   ;08                   ;Z-RES;E;6       ;0000   ;51       ;5180      ;             ;FU_P2_08_6
  100;FU            ;P2                   ;09                   ;Z-RES;E;6       ;0000   ;51       ;5180      ;             ;FU_P2_09_6
  100;FU            ;P2                   ;10                   ;Z-RES;E;6       ;0000   ;51       ;5180      ;             ;FU_P2_10_6
  100;FU            ;P2                   ;11                   ;Z-RES;E;6       ;0000   ;51       ;5180      ;             ;FU_P2_11_6
  100;FU            ;P2                   ;12                   ;Z-RES;E;6       ;0000   ;51       ;5180      ;             ;FU_P2_12_6
  100;FU            ;P3                   ;01                   ;Z-RES;E;6       ;0000   ;51       ;5180      ;             ;FU_P3_01_6
  100;FU            ;P3                   ;02                   ;Z-RES;E;6       ;0000   ;51       ;5180      ;             ;FU_P3_02_6
  100;FU            ;P3                   ;03                   ;Z-RES;E;6       ;0000   ;51       ;5180      ;             ;FU_P3_03_6
  100;FU            ;P3                   ;04                   ;Z-RES;E;6       ;0000   ;51       ;5180      ;             ;FU_P3_04_6
  100;FU            ;P3                   ;05                   ;Z-RES;E;6       ;0000   ;51       ;5180      ;             ;FU_P3_05_6
  100;FU            ;P3                   ;06                   ;Z-RES;E;6       ;0000   ;51       ;5180      ;             ;FU_P3_06_6
  100;FU            ;P3                   ;07                   ;Z-RES;E;6       ;0000   ;51       ;5180      ;             ;FU_P3_07_6
  100;FU            ;P4                   ;01                   ;Z-RES;E;6       ;0000   ;51       ;5180      ;             ;FU_P4_01_6
  100;FU            ;P4                   ;02                   ;Z-RES;E;6       ;0000   ;51       ;5180      ;             ;FU_P4_02_6
  100;FU            ;P4                   ;03                   ;Z-RES;E;6       ;0000   ;51       ;5180      ;             ;FU_P4_03_6
  100;FU            ;P4                   ;04                   ;Z-RES;E;6       ;0000   ;51       ;5180      ;             ;FU_P4_04_6
  100;FU            ;P4                   ;05                   ;Z-RES;E;6       ;0000   ;51       ;5180      ;             ;FU_P4_05_6
  100;FU            ;P4                   ;06                   ;Z-RES;E;6       ;0000   ;51       ;5180      ;             ;FU_P4_06_6
  100;FU            ;P4                   ;07                   ;Z-RES;E;6       ;0000   ;51       ;5180      ;             ;FU_P4_07_6
  100;FU            ;P5                   ;01                   ;Z-RES;E;6       ;0000   ;51       ;5180      ;             ;FU_P5_01_6
  100;FU            ;P6                   ;01                   ;Z-RES;E;6       ;0000   ;51       ;5180      ;             ;FU_P6_01_6
  100;FU            ;P7                   ;01                   ;Z-RES;E;6       ;0000   ;51       ;5180      ;             ;FU_P7_01_6
  100;FU            ;P8                   ;01                   ;Z-RES;E;6       ;0000   ;51       ;5180      ;             ;FU_P8_01_6
  100;FU            ;P9                   ;01                   ;Z-RES;E;6       ;0000   ;51       ;5180      ;             ;FU_P9_01_6
  100;FU            ;PA                   ;01                   ;Z-RES;E;6       ;0000   ;51       ;5180      ;             ;FU_PA_01_6
  100;FU            ;PB                   ;01                   ;Z-RES;E;6       ;0000   ;51       ;5180      ;             ;FU_PB_01_6
  100;FU            ;PC                   ;01                   ;Z-RES;E;6       ;0000   ;51       ;5180      ;             ;FU_PC_01_6
  100;FU            ;PD                   ;01                   ;Z-RES;E;6       ;0000   ;51       ;5180      ;             ;FU_PD_01_6
  100;FU            ;PE                   ;01                   ;Z-RES;E;6       ;0000   ;51       ;5180      ;             ;FU_PE_01_6
  100;FU            ;PF                   ;01                   ;Z-RES;E;6       ;0000   ;51       ;5180      ;             ;FU_PF_01_6
  100;FU            ;PG                   ;01                   ;Z-RES;E;6       ;0000   ;51       ;5180      ;             ;FU_PG_01_6
  100;FU            ;PH                   ;01                   ;Z-RES;E;6       ;0000   ;51       ;5180      ;             ;FU_PH_01_6
  100;FU            ;PI                   ;01                   ;Z-RES;E;6       ;0000   ;51       ;5180      ;             ;FU_PI_01_6
  100;FU            ;PJ                   ;01                   ;Z-RES;E;6       ;0000   ;51       ;5180      ;             ;FU_PJ_01_6
  100;FU            ;PK                   ;01                   ;Z-RES;E;6       ;0000   ;51       ;5180      ;             ;FU_PK_01_6
  100;FU            ;PL                   ;01                   ;Z-RES;E;6       ;0000   ;51       ;5180      ;             ;FU_PL_01_6
  100;FU            ;PM                   ;01                   ;Z-RES;E;6       ;0000   ;51       ;5180      ;             ;FU_PM_01_6
  100;FU            ;PN                   ;01                   ;Z-RES;E;6       ;0000   ;51       ;5180      ;             ;FU_PN_01_6
  100;FU            ;PO                   ;01                   ;Z-RES;E;6       ;0000   ;51       ;5180      ;             ;FU_PO_01_6
  100;FU            ;PP                   ;01                   ;Z-RES;E;6       ;0000   ;51       ;5180      ;             ;FU_PP_01_6
  100;GA            ;T1                   ;TR                   ;Z-RES;E;6       ;0000   ;51       ;5190      ;             ;GA_T1_TR_6
  100;GA            ;T2                   ;TR                   ;Z-RES;E;6       ;0000   ;51       ;5190      ;             ;GA_T2_TR_6
  100;GA            ;T3                   ;TR                   ;Z-RES;E;6       ;0000   ;51       ;5190      ;             ;GA_T3_TR_6
  100;GA            ;T4                   ;TR                   ;Z-RES;E;6       ;0000   ;51       ;5190      ;             ;GA_T4_TR_6
  100;GA            ;T5                   ;TR                   ;Z-RES;E;6       ;0000   ;51       ;5190      ;             ;GA_T5_TR_6
  100;GA            ;T6                   ;TR                   ;Z-RES;E;6       ;0000   ;51       ;5190      ;             ;GA_T6_TR_6
  100;GA            ;T7                   ;TR                   ;Z-RES;E;6       ;0000   ;51       ;5190      ;             ;GA_T7_TR_6
  100;GA            ;T8                   ;TR                   ;Z-RES;E;6       ;0000   ;51       ;5190      ;             ;GA_T8_TR_6
  100;GA            ;TR                   ;01                   ;Z-RES;E;6       ;0000   ;51       ;5190      ;TRA          ;GA_TR_01_6
  100;GA            ;TR                   ;02                   ;Z-RES;E;6       ;0000   ;51       ;5190      ;TRA          ;GA_TR_02_6
  100;GA            ;TR                   ;03                   ;Z-RES;E;6       ;0000   ;51       ;5190      ;TRA          ;GA_TR_03_6
  100;GA            ;TR                   ;04                   ;Z-RES;E;6       ;0000   ;51       ;5190      ;TRA          ;GA_TR_04_6
  100;GA            ;TR                   ;05                   ;Z-RES;E;6       ;0000   ;51       ;5190      ;TRA          ;GA_TR_05_6
  100;GA            ;TR                   ;06                   ;Z-RES;E;6       ;0000   ;51       ;5190      ;TRA          ;GA_TR_06_6
  100;GA            ;TR                   ;07                   ;Z-RES;E;6       ;0000   ;51       ;5190      ;TRA          ;GA_TR_07_6
  100;GA            ;TR                   ;08                   ;Z-RES;E;6       ;0000   ;51       ;5190      ;TRA          ;GA_TR_08_6
  100;GA            ;TR                   ;09                   ;Z-RES;E;6       ;0000   ;51       ;5190      ;TRA          ;GA_TR_09_6
  100;GA            ;TR                   ;10                   ;Z-RES;E;6       ;0000   ;51       ;5190      ;TRA          ;GA_TR_10_6
  100;GA            ;TR                   ;11                   ;Z-RES;E;6       ;0000   ;51       ;5190      ;TRA          ;GA_TR_11_6
  100;GA            ;TR                   ;12                   ;Z-RES;E;6       ;0000   ;51       ;5190      ;TRA          ;GA_TR_12_6
  100;GA            ;TR                   ;13                   ;Z-RES;E;6       ;0000   ;51       ;5190      ;TRA          ;GA_TR_13_6
  100;GA            ;TR                   ;14                   ;Z-RES;E;6       ;0000   ;51       ;5190      ;TRA          ;GA_TR_14_6
  100;GA            ;TR                   ;15                   ;Z-RES;E;6       ;0000   ;51       ;5190      ;TRA          ;GA_TR_15_6
  100;GA            ;TR                   ;16                   ;Z-RES;E;6       ;0000   ;51       ;5190      ;TRA          ;GA_TR_16_6
  100;GA            ;TR                   ;17                   ;Z-RES;E;6       ;0000   ;51       ;5190      ;TRA          ;GA_TR_17_6
  100;GA            ;TR                   ;18                   ;Z-RES;E;6       ;0000   ;51       ;5190      ;TRA          ;GA_TR_18_6
  100;GA            ;TR                   ;19                   ;Z-RES;E;6       ;0000   ;51       ;5190      ;TRA          ;GA_TR_19_6
  100;GA            ;TR                   ;20                   ;Z-RES;E;6       ;0000   ;51       ;5190      ;TRA          ;GA_TR_20_6
  100;GA            ;TR                   ;21                   ;Z-RES;E;6       ;0000   ;51       ;5190      ;TRA          ;GA_TR_21_6
  100;GA            ;TR                   ;22                   ;Z-RES;E;6       ;0000   ;51       ;5190      ;TRA          ;GA_TR_22_6
  100;GA            ;TR                   ;23                   ;Z-RES;E;6       ;0000   ;51       ;5190      ;TRA          ;GA_TR_23_6
  100;GA            ;TR                   ;24                   ;Z-RES;E;6       ;0000   ;51       ;5190      ;TRA          ;GA_TR_24_6
  100;GA            ;VC                   ;00                   ;Z-RES;E;5       ;0000   ;51       ;5111      ;             ;GA_VC_00_5
  100;GG            ;00                   ;                     ;Z-RES;E;4       ;0000   ;51       ;5150      ;             ;GG_00_4
  100;GI            ;C1                   ;01                   ;Z-RES;E;6       ;0000   ;51       ;5180      ;             ;GI_C1_01_6
  100;GI            ;C1                   ;02                   ;Z-RES;E;6       ;0000   ;51       ;5180      ;             ;GI_C1_02_6
  100;GI            ;C1                   ;03                   ;Z-RES;E;6       ;0000   ;51       ;5180      ;             ;GI_C1_03_6
  100;GI            ;C1                   ;04                   ;Z-RES;E;6       ;0000   ;51       ;5180      ;             ;GI_C1_04_6
  100;GI            ;C1                   ;05                   ;Z-RES;E;6       ;0000   ;51       ;5180      ;             ;GI_C1_05_6
  100;GI            ;C1                   ;06                   ;Z-RES;E;6       ;0000   ;51       ;5180      ;             ;GI_C1_06_6
  100;GI            ;C1                   ;07                   ;Z-RES;E;6       ;0000   ;51       ;5180      ;             ;GI_C1_07_6
  100;GI            ;C1                   ;08                   ;Z-RES;E;6       ;0000   ;51       ;5180      ;             ;GI_C1_08_6
  100;GI            ;C1                   ;09                   ;Z-RES;E;6       ;0000   ;51       ;5180      ;             ;GI_C1_09_6
  100;GI            ;C2                   ;01                   ;Z-RES;E;6       ;0000   ;51       ;5180      ;             ;GI_C2_01_6
  100;GI            ;C2                   ;02                   ;Z-RES;E;6       ;0000   ;51       ;5180      ;             ;GI_C2_02_6
  100;GI            ;C2                   ;03                   ;Z-RES;E;6       ;0000   ;51       ;5180      ;             ;GI_C2_03_6
  100;GI            ;C2                   ;04                   ;Z-RES;E;6       ;0000   ;51       ;5180      ;             ;GI_C2_04_6
  100;GI            ;C2                   ;05                   ;Z-RES;E;6       ;0000   ;51       ;5180      ;             ;GI_C2_05_6
  100;GI            ;C2                   ;06                   ;Z-RES;E;6       ;0000   ;51       ;5180      ;             ;GI_C2_06_6
  100;GI            ;C2                   ;07                   ;Z-RES;E;6       ;0000   ;51       ;5180      ;             ;GI_C2_07_6
  100;GI            ;C2                   ;08                   ;Z-RES;E;6       ;0000   ;51       ;5180      ;             ;GI_C2_08_6
  100;GI            ;C2                   ;09                   ;Z-RES;E;6       ;0000   ;51       ;5180      ;             ;GI_C2_09_6
  100;GI            ;C3                   ;01                   ;Z-RES;E;6       ;0000   ;51       ;5180      ;             ;GI_C3_01_6
  100;GI            ;C3                   ;02                   ;Z-RES;E;6       ;0000   ;51       ;5180      ;             ;GI_C3_02_6
  100;GI            ;C3                   ;03                   ;Z-RES;E;6       ;0000   ;51       ;5180      ;             ;GI_C3_03_6
  100;GI            ;C3                   ;04                   ;Z-RES;E;6       ;0000   ;51       ;5180      ;             ;GI_C3_04_6
  100;GI            ;C3                   ;05                   ;Z-RES;E;6       ;0000   ;51       ;5180      ;             ;GI_C3_05_6
  100;GI            ;C3                   ;06                   ;Z-RES;E;6       ;0000   ;51       ;5180      ;             ;GI_C3_06_6
  100;GI            ;C3                   ;07                   ;Z-RES;E;6       ;0000   ;51       ;5180      ;             ;GI_C3_07_6
  100;GI            ;C3                   ;08                   ;Z-RES;E;6       ;0000   ;51       ;5180      ;             ;GI_C3_08_6
  100;GI            ;C4                   ;01                   ;Z-RES;E;6       ;0000   ;51       ;5180      ;             ;GI_C4_01_6
  100;GI            ;C4                   ;02                   ;Z-RES;E;6       ;0000   ;51       ;5180      ;             ;GI_C4_02_6
  100;GI            ;C4                   ;03                   ;Z-RES;E;6       ;0000   ;51       ;5180      ;             ;GI_C4_03_6
  100;GI            ;C4                   ;04                   ;Z-RES;E;6       ;0000   ;51       ;5180      ;             ;GI_C4_04_6
  100;GI            ;C4                   ;05                   ;Z-RES;E;6       ;0000   ;51       ;5180      ;             ;GI_C4_05_6
  100;GI            ;C4                   ;06                   ;Z-RES;E;6       ;0000   ;51       ;5180      ;             ;GI_C4_06_6
  100;GI            ;C4                   ;07                   ;Z-RES;E;6       ;0000   ;51       ;5180      ;             ;GI_C4_07_6
  100;GI            ;C4                   ;08                   ;Z-RES;E;6       ;0000   ;51       ;5180      ;             ;GI_C4_08_6
  100;GI            ;C5                   ;01                   ;Z-RES;E;6       ;0000   ;51       ;5180      ;             ;GI_C5_01_6
  100;GI            ;C5                   ;02                   ;Z-RES;E;6       ;0000   ;51       ;5180      ;             ;GI_C5_02_6
  100;GI            ;C5                   ;03                   ;Z-RES;E;6       ;0000   ;51       ;5180      ;             ;GI_C5_03_6
  100;GI            ;C5                   ;04                   ;Z-RES;E;6       ;0000   ;51       ;5180      ;             ;GI_C5_04_6
  100;GI            ;C5                   ;05                   ;Z-RES;E;6       ;0000   ;51       ;5180      ;             ;GI_C5_05_6
  100;GI            ;C5                   ;06                   ;Z-RES;E;6       ;0000   ;51       ;5180      ;             ;GI_C5_06_6
  100;GI            ;C5                   ;07                   ;Z-RES;E;6       ;0000   ;51       ;5180      ;             ;GI_C5_07_6
  100;GI            ;C5                   ;08                   ;Z-RES;E;6       ;0000   ;51       ;5180      ;             ;GI_C5_08_6
  100;GI            ;C6                   ;01                   ;Z-RES;E;6       ;0000   ;51       ;5180      ;             ;GI_C6_01_6
  100;GI            ;C6                   ;02                   ;Z-RES;E;6       ;0000   ;51       ;5180      ;             ;GI_C6_02_6
  100;GI            ;C6                   ;03                   ;Z-RES;E;6       ;0000   ;51       ;5180      ;             ;GI_C6_03_6
  100;GI            ;C6                   ;04                   ;Z-RES;E;6       ;0000   ;51       ;5180      ;             ;GI_C6_04_6
  100;GI            ;C6                   ;05                   ;Z-RES;E;6       ;0000   ;51       ;5180      ;             ;GI_C6_05_6
  100;GI            ;C6                   ;06                   ;Z-RES;E;6       ;0000   ;51       ;5180      ;             ;GI_C6_06_6
  100;GI            ;C6                   ;07                   ;Z-RES;E;6       ;0000   ;51       ;5180      ;             ;GI_C6_07_6
  100;GI            ;C6                   ;08                   ;Z-RES;E;6       ;0000   ;51       ;5180      ;             ;GI_C6_08_6
  100;GI            ;C7                   ;01                   ;Z-RES;E;6       ;0000   ;51       ;5180      ;             ;GI_C7_01_6
  100;GI            ;C7                   ;02                   ;Z-RES;E;6       ;0000   ;51       ;5180      ;             ;GI_C7_02_6
  100;GI            ;C7                   ;03                   ;Z-RES;E;6       ;0000   ;51       ;5180      ;             ;GI_C7_03_6
  100;GI            ;C7                   ;04                   ;Z-RES;E;6       ;0000   ;51       ;5180      ;             ;GI_C7_04_6
  100;GI            ;C7                   ;05                   ;Z-RES;E;6       ;0000   ;51       ;5180      ;             ;GI_C7_05_6
  100;GI            ;C7                   ;06                   ;Z-RES;E;6       ;0000   ;51       ;5180      ;             ;GI_C7_06_6
  100;GI            ;C7                   ;07                   ;Z-RES;E;6       ;0000   ;51       ;5180      ;             ;GI_C7_07_6
  100;GI            ;C7                   ;08                   ;Z-RES;E;6       ;0000   ;51       ;5180      ;             ;GI_C7_08_6
  100;GI            ;C8                   ;01                   ;Z-RES;E;6       ;0000   ;51       ;5180      ;             ;GI_C8_01_6
  100;GI            ;C8                   ;02                   ;Z-RES;E;6       ;0000   ;51       ;5180      ;             ;GI_C8_02_6
  100;GI            ;C8                   ;03                   ;Z-RES;E;6       ;0000   ;51       ;5180      ;             ;GI_C8_03_6
  100;GI            ;C8                   ;04                   ;Z-RES;E;6       ;0000   ;51       ;5180      ;             ;GI_C8_04_6
  100;GI            ;C8                   ;05                   ;Z-RES;E;6       ;0000   ;51       ;5180      ;             ;GI_C8_05_6
  100;GI            ;C8                   ;06                   ;Z-RES;E;6       ;0000   ;51       ;5180      ;             ;GI_C8_06_6
  100;GI            ;C8                   ;07                   ;Z-RES;E;6       ;0000   ;51       ;5180      ;             ;GI_C8_07_6
  100;GI            ;C8                   ;08                   ;Z-RES;E;6       ;0000   ;51       ;5180      ;             ;GI_C8_08_6
  100;GI            ;P1                   ;01                   ;Z-RES;E;6       ;0000   ;51       ;5180      ;             ;GI_P1_01_6
  100;GI            ;P1                   ;02                   ;Z-RES;E;6       ;0000   ;51       ;5180      ;             ;GI_P1_02_6
  100;GI            ;P1                   ;03                   ;Z-RES;E;6       ;0000   ;51       ;5180      ;             ;GI_P1_03_6
  100;GI            ;P1                   ;04                   ;Z-RES;E;6       ;0000   ;51       ;5180      ;             ;GI_P1_04_6
  100;GI            ;P1                   ;05                   ;Z-RES;E;6       ;0000   ;51       ;5180      ;             ;GI_P1_05_6
  100;GI            ;P1                   ;06                   ;Z-RES;E;6       ;0000   ;51       ;5180      ;             ;GI_P1_06_6
  100;GI            ;P1                   ;07                   ;Z-RES;E;6       ;0000   ;51       ;5180      ;             ;GI_P1_07_6
  100;GI            ;P1                   ;08                   ;Z-RES;E;6       ;0000   ;51       ;5180      ;             ;GI_P1_08_6
  100;GI            ;P1                   ;09                   ;Z-RES;E;6       ;0000   ;51       ;5180      ;             ;GI_P1_09_6
  100;GI            ;P1                   ;10                   ;Z-RES;E;6       ;0000   ;51       ;5180      ;             ;GI_P1_10_6
  100;GI            ;P1                   ;11                   ;Z-RES;E;6       ;0000   ;51       ;5180      ;             ;GI_P1_11_6
  100;GI            ;P1                   ;12                   ;Z-RES;E;6       ;0000   ;51       ;5180      ;             ;GI_P1_12_6
  100;GI            ;P2                   ;01                   ;Z-RES;E;6       ;0000   ;51       ;5180      ;             ;GI_P2_01_6
  100;GI            ;P2                   ;02                   ;Z-RES;E;6       ;0000   ;51       ;5180      ;             ;GI_P2_02_6
  100;GI            ;P2                   ;03                   ;Z-RES;E;6       ;0000   ;51       ;5180      ;             ;GI_P2_03_6
  100;GI            ;P2                   ;04                   ;Z-RES;E;6       ;0000   ;51       ;5180      ;             ;GI_P2_04_6
  100;GI            ;P2                   ;05                   ;Z-RES;E;6       ;0000   ;51       ;5180      ;             ;GI_P2_05_6
  100;GI            ;P2                   ;06                   ;Z-RES;E;6       ;0000   ;51       ;5180      ;             ;GI_P2_06_6
  100;GI            ;P2                   ;07                   ;Z-RES;E;6       ;0000   ;51       ;5180      ;             ;GI_P2_07_6
  100;GI            ;P2                   ;08                   ;Z-RES;E;6       ;0000   ;51       ;5180      ;             ;GI_P2_08_6
  100;GI            ;P2                   ;09                   ;Z-RES;E;6       ;0000   ;51       ;5180      ;             ;GI_P2_09_6
  100;GI            ;P2                   ;10                   ;Z-RES;E;6       ;0000   ;51       ;5180      ;             ;GI_P2_10_6
  100;GI            ;P2                   ;11                   ;Z-RES;E;6       ;0000   ;51       ;5180      ;             ;GI_P2_11_6
  100;GI            ;P2                   ;12                   ;Z-RES;E;6       ;0000   ;51       ;5180      ;             ;GI_P2_12_6
  100;GI            ;P3                   ;01                   ;Z-RES;E;6       ;0000   ;51       ;5180      ;             ;GI_P3_01_6
  100;GI            ;P3                   ;02                   ;Z-RES;E;6       ;0000   ;51       ;5180      ;             ;GI_P3_02_6
  100;GI            ;P3                   ;03                   ;Z-RES;E;6       ;0000   ;51       ;5180      ;             ;GI_P3_03_6
  100;GI            ;P3                   ;04                   ;Z-RES;E;6       ;0000   ;51       ;5180      ;             ;GI_P3_04_6
  100;GI            ;P3                   ;05                   ;Z-RES;E;6       ;0000   ;51       ;5180      ;             ;GI_P3_05_6
  100;GI            ;P3                   ;06                   ;Z-RES;E;6       ;0000   ;51       ;5180      ;             ;GI_P3_06_6
  100;GI            ;P3                   ;07                   ;Z-RES;E;6       ;0000   ;51       ;5180      ;             ;GI_P3_07_6
  100;GI            ;P4                   ;01                   ;Z-RES;E;6       ;0000   ;51       ;5180      ;             ;GI_P4_01_6
  100;GI            ;P4                   ;02                   ;Z-RES;E;6       ;0000   ;51       ;5180      ;             ;GI_P4_02_6
  100;GI            ;P4                   ;03                   ;Z-RES;E;6       ;0000   ;51       ;5180      ;             ;GI_P4_03_6
  100;GI            ;P4                   ;04                   ;Z-RES;E;6       ;0000   ;51       ;5180      ;             ;GI_P4_04_6
  100;GI            ;P4                   ;05                   ;Z-RES;E;6       ;0000   ;51       ;5180      ;             ;GI_P4_05_6
  100;GI            ;P4                   ;06                   ;Z-RES;E;6       ;0000   ;51       ;5180      ;             ;GI_P4_06_6
  100;GI            ;P4                   ;07                   ;Z-RES;E;6       ;0000   ;51       ;5180      ;             ;GI_P4_07_6
  100;GI            ;P5                   ;01                   ;Z-RES;E;6       ;0000   ;51       ;5180      ;             ;GI_P5_01_6
  100;GI            ;P6                   ;01                   ;Z-RES;E;6       ;0000   ;51       ;5180      ;             ;GI_P6_01_6
  100;GI            ;P7                   ;01                   ;Z-RES;E;6       ;0000   ;51       ;5180      ;             ;GI_P7_01_6
  100;GI            ;P8                   ;01                   ;Z-RES;E;6       ;0000   ;51       ;5180      ;             ;GI_P8_01_6
  100;GI            ;P9                   ;01                   ;Z-RES;E;6       ;0000   ;51       ;5180      ;             ;GI_P9_01_6
  100;GI            ;PA                   ;01                   ;Z-RES;E;6       ;0000   ;51       ;5180      ;             ;GI_PA_01_6
  100;GI            ;PB                   ;01                   ;Z-RES;E;6       ;0000   ;51       ;5180      ;             ;GI_PB_01_6
  100;GI            ;PC                   ;01                   ;Z-RES;E;6       ;0000   ;51       ;5180      ;             ;GI_PC_01_6
  100;GI            ;PD                   ;01                   ;Z-RES;E;6       ;0000   ;51       ;5180      ;             ;GI_PD_01_6
  100;GI            ;PE                   ;01                   ;Z-RES;E;6       ;0000   ;51       ;5180      ;             ;GI_PE_01_6
  100;GI            ;PF                   ;01                   ;Z-RES;E;6       ;0000   ;51       ;5180      ;             ;GI_PF_01_6
  100;GI            ;PG                   ;01                   ;Z-RES;E;6       ;0000   ;51       ;5180      ;             ;GI_PG_01_6
  100;GI            ;PH                   ;01                   ;Z-RES;E;6       ;0000   ;51       ;5180      ;             ;GI_PH_01_6
  100;GI            ;PI                   ;01                   ;Z-RES;E;6       ;0000   ;51       ;5180      ;             ;GI_PI_01_6
  100;GI            ;PJ                   ;01                   ;Z-RES;E;6       ;0000   ;51       ;5180      ;             ;GI_PJ_01_6
  100;GI            ;PK                   ;01                   ;Z-RES;E;6       ;0000   ;51       ;5180      ;             ;GI_PK_01_6
  100;GI            ;PL                   ;01                   ;Z-RES;E;6       ;0000   ;51       ;5180      ;             ;GI_PL_01_6
  100;GI            ;PM                   ;01                   ;Z-RES;E;6       ;0000   ;51       ;5180      ;             ;GI_PM_01_6
  100;GI            ;PN                   ;01                   ;Z-RES;E;6       ;0000   ;51       ;5180      ;             ;GI_PN_01_6
  100;GI            ;PO                   ;01                   ;Z-RES;E;6       ;0000   ;51       ;5180      ;             ;GI_PO_01_6
  100;GI            ;PP                   ;01                   ;Z-RES;E;6       ;0000   ;51       ;5180      ;             ;GI_PP_01_6
  100;GR            ;ZZ                   ;0E                   ;Z-RES;E;5       ;0000   ;51       ;5110      ;SCC          ;GR_ZZ_0E_5
  100;HF            ;M1                   ;1T                   ;Z-RES;E;6       ;0000   ;51       ;5150      ;             ;HF_M1_1T_6
  100;HG            ;HV                   ;1L                   ;Z-RES;E;6       ;0000   ;51       ;5150      ;             ;HG_HV_1L_6
  100;HG            ;HV                   ;1T                   ;Z-RES;E;6       ;0000   ;51       ;5150      ;             ;HG_HV_1T_6
  100;HI            ;P1                   ;01                   ;Z-RES;E;6       ;0000   ;51       ;5180      ;             ;HI_P1_01_6
  100;HI            ;P1                   ;02                   ;Z-RES;E;6       ;0000   ;51       ;5180      ;             ;HI_P1_02_6
  100;HI            ;P1                   ;03                   ;Z-RES;E;6       ;0000   ;51       ;5180      ;             ;HI_P1_03_6
  100;HI            ;P1                   ;04                   ;Z-RES;E;6       ;0000   ;51       ;5180      ;             ;HI_P1_04_6
  100;HI            ;P1                   ;05                   ;Z-RES;E;6       ;0000   ;51       ;5180      ;             ;HI_P1_05_6
  100;HI            ;P1                   ;06                   ;Z-RES;E;6       ;0000   ;51       ;5180      ;             ;HI_P1_06_6
  100;HI            ;P1                   ;07                   ;Z-RES;E;6       ;0000   ;51       ;5180      ;             ;HI_P1_07_6
  100;HI            ;P1                   ;08                   ;Z-RES;E;6       ;0000   ;51       ;5180      ;             ;HI_P1_08_6
  100;HI            ;P1                   ;09                   ;Z-RES;E;6       ;0000   ;51       ;5180      ;             ;HI_P1_09_6
  100;HI            ;P1                   ;10                   ;Z-RES;E;6       ;0000   ;51       ;5180      ;             ;HI_P1_10_6
  100;HI            ;P1                   ;11                   ;Z-RES;E;6       ;0000   ;51       ;5180      ;             ;HI_P1_11_6
  100;HI            ;P1                   ;12                   ;Z-RES;E;6       ;0000   ;51       ;5180      ;             ;HI_P1_12_6
  100;HI            ;P2                   ;01                   ;Z-RES;E;6       ;0000   ;51       ;5180      ;             ;HI_P2_01_6
  100;HI            ;P2                   ;02                   ;Z-RES;E;6       ;0000   ;51       ;5180      ;             ;HI_P2_02_6
  100;HI            ;P2                   ;03                   ;Z-RES;E;6       ;0000   ;51       ;5180      ;             ;HI_P2_03_6
  100;HI            ;P2                   ;04                   ;Z-RES;E;6       ;0000   ;51       ;5180      ;             ;HI_P2_04_6
  100;HI            ;P2                   ;05                   ;Z-RES;E;6       ;0000   ;51       ;5180      ;             ;HI_P2_05_6
  100;HI            ;P2                   ;06                   ;Z-RES;E;6       ;0000   ;51       ;5180      ;             ;HI_P2_06_6
  100;HI            ;P2                   ;07                   ;Z-RES;E;6       ;0000   ;51       ;5180      ;             ;HI_P2_07_6
  100;HI            ;P2                   ;08                   ;Z-RES;E;6       ;0000   ;51       ;5180      ;             ;HI_P2_08_6
  100;HI            ;P2                   ;09                   ;Z-RES;E;6       ;0000   ;51       ;5180      ;             ;HI_P2_09_6
  100;HI            ;P2                   ;10                   ;Z-RES;E;6       ;0000   ;51       ;5180      ;             ;HI_P2_10_6
  100;HI            ;P2                   ;11                   ;Z-RES;E;6       ;0000   ;51       ;5180      ;             ;HI_P2_11_6
  100;HI            ;P2                   ;12                   ;Z-RES;E;6       ;0000   ;51       ;5180      ;             ;HI_P2_12_6
  100;HI            ;P3                   ;01                   ;Z-RES;E;6       ;0000   ;51       ;5180      ;             ;HI_P3_01_6
  100;HI            ;P3                   ;02                   ;Z-RES;E;6       ;0000   ;51       ;5180      ;             ;HI_P3_02_6
  100;HI            ;P3                   ;03                   ;Z-RES;E;6       ;0000   ;51       ;5180      ;             ;HI_P3_03_6
  100;HI            ;P3                   ;04                   ;Z-RES;E;6       ;0000   ;51       ;5180      ;             ;HI_P3_04_6
  100;HI            ;P3                   ;05                   ;Z-RES;E;6       ;0000   ;51       ;5180      ;             ;HI_P3_05_6
  100;HI            ;P3                   ;06                   ;Z-RES;E;6       ;0000   ;51       ;5180      ;             ;HI_P3_06_6
  100;HI            ;P3                   ;07                   ;Z-RES;E;6       ;0000   ;51       ;5180      ;             ;HI_P3_07_6
  100;HI            ;P4                   ;01                   ;Z-RES;E;6       ;0000   ;51       ;5180      ;             ;HI_P4_01_6
  100;HI            ;P4                   ;02                   ;Z-RES;E;6       ;0000   ;51       ;5180      ;             ;HI_P4_02_6
  100;HI            ;P4                   ;03                   ;Z-RES;E;6       ;0000   ;51       ;5180      ;             ;HI_P4_03_6
  100;HI            ;P4                   ;04                   ;Z-RES;E;6       ;0000   ;51       ;5180      ;             ;HI_P4_04_6
  100;HI            ;P4                   ;05                   ;Z-RES;E;6       ;0000   ;51       ;5180      ;             ;HI_P4_05_6
  100;HI            ;P4                   ;06                   ;Z-RES;E;6       ;0000   ;51       ;5180      ;             ;HI_P4_06_6
  100;HI            ;P4                   ;07                   ;Z-RES;E;6       ;0000   ;51       ;5180      ;             ;HI_P4_07_6
  100;HI            ;P5                   ;01                   ;Z-RES;E;6       ;0000   ;51       ;5180      ;             ;HI_P5_01_6
  100;HI            ;P6                   ;01                   ;Z-RES;E;6       ;0000   ;51       ;5180      ;             ;HI_P6_01_6
  100;HI            ;P7                   ;01                   ;Z-RES;E;6       ;0000   ;51       ;5180      ;             ;HI_P7_01_6
  100;HI            ;P8                   ;01                   ;Z-RES;E;6       ;0000   ;51       ;5180      ;             ;HI_P8_01_6
  100;HI            ;P9                   ;01                   ;Z-RES;E;6       ;0000   ;51       ;5180      ;             ;HI_P9_01_6
  100;HI            ;PA                   ;01                   ;Z-RES;E;6       ;0000   ;51       ;5180      ;             ;HI_PA_01_6
  100;HI            ;PB                   ;01                   ;Z-RES;E;6       ;0000   ;51       ;5180      ;             ;HI_PB_01_6
  100;HI            ;PC                   ;01                   ;Z-RES;E;6       ;0000   ;51       ;5180      ;             ;HI_PC_01_6
  100;HI            ;PD                   ;01                   ;Z-RES;E;6       ;0000   ;51       ;5180      ;             ;HI_PD_01_6
  100;HI            ;PE                   ;01                   ;Z-RES;E;6       ;0000   ;51       ;5180      ;             ;HI_PE_01_6
  100;HI            ;PF                   ;01                   ;Z-RES;E;6       ;0000   ;51       ;5180      ;             ;HI_PF_01_6
  100;HI            ;PG                   ;01                   ;Z-RES;E;6       ;0000   ;51       ;5180      ;             ;HI_PG_01_6
  100;HI            ;PH                   ;01                   ;Z-RES;E;6       ;0000   ;51       ;5180      ;             ;HI_PH_01_6
  100;HI            ;PI                   ;01                   ;Z-RES;E;6       ;0000   ;51       ;5180      ;             ;HI_PI_01_6
  100;HI            ;PJ                   ;01                   ;Z-RES;E;6       ;0000   ;51       ;5180      ;             ;HI_PJ_01_6
  100;HI            ;PK                   ;01                   ;Z-RES;E;6       ;0000   ;51       ;5180      ;             ;HI_PK_01_6
  100;HI            ;PL                   ;01                   ;Z-RES;E;6       ;0000   ;51       ;5180      ;             ;HI_PL_01_6
  100;HI            ;PM                   ;01                   ;Z-RES;E;6       ;0000   ;51       ;5180      ;             ;HI_PM_01_6
  100;HI            ;PN                   ;01                   ;Z-RES;E;6       ;0000   ;51       ;5180      ;             ;HI_PN_01_6
  100;HI            ;PO                   ;01                   ;Z-RES;E;6       ;0000   ;51       ;5180      ;             ;HI_PO_01_6
  100;HI            ;PP                   ;01                   ;Z-RES;E;6       ;0000   ;51       ;5180      ;             ;HI_PP_01_6
  100;HI            ;TC                   ;00                   ;Z-RES;E;5       ;0000   ;51       ;5180      ;             ;HI_TC_00_5
  100;HM            ;N0                   ;00                   ;Z-RES;E;6       ;0000   ;51       ;5190      ;             ;HM_N0_00_6
  100;HM            ;N0                   ;0E                   ;Z-RES;E;5       ;0000   ;51       ;5190      ;             ;HM_N0_0E_5
  100;HM            ;N0                   ;WE                   ;Z-RES;E;5       ;0000   ;51       ;5190      ;             ;HM_N0_WE_5
  100;HM            ;N0                   ;ZE                   ;Z-RES;E;5       ;0000   ;51       ;5190      ;             ;HM_N0_ZE_5
  100;HM            ;PC                   ;01                   ;Z-RES;E;6       ;0000   ;51       ;5190      ;PCS          ;HM_PC_01_6
  100;HM            ;PC                   ;02                   ;Z-RES;E;6       ;0000   ;51       ;5190      ;PCS          ;HM_PC_02_6
  100;HM            ;PC                   ;03                   ;Z-RES;E;6       ;0000   ;51       ;5190      ;PCS          ;HM_PC_03_6
  100;HM            ;PC                   ;04                   ;Z-RES;E;6       ;0000   ;51       ;5190      ;PCS          ;HM_PC_04_6
  100;HM            ;PC                   ;05                   ;Z-RES;E;6       ;0000   ;51       ;5190      ;PCS          ;HM_PC_05_6
  100;HM            ;PC                   ;06                   ;Z-RES;E;6       ;0000   ;51       ;5190      ;TRA          ;HM_PC_06_6
  100;HM            ;PC                   ;07                   ;Z-RES;E;6       ;0000   ;51       ;5190      ;TRA          ;HM_PC_07_6
  100;HM            ;PC                   ;08                   ;Z-RES;E;6       ;0000   ;51       ;5190      ;TRA          ;HM_PC_08_6
  100;HM            ;PC                   ;09                   ;Z-RES;E;6       ;0000   ;51       ;5190      ;TRA          ;HM_PC_09_6
  100;HM            ;PC                   ;10                   ;Z-RES;E;6       ;0000   ;51       ;5190      ;TRA          ;HM_PC_10_6
  100;HM            ;PC                   ;11                   ;Z-RES;E;6       ;0000   ;51       ;5190      ;TRA          ;HM_PC_11_6
  100;HM            ;PC                   ;12                   ;Z-RES;E;6       ;0000   ;51       ;5190      ;TRA          ;HM_PC_12_6
  100;HM            ;PC                   ;13                   ;Z-RES;E;6       ;0000   ;51       ;5190      ;TRA          ;HM_PC_13_6
  100;HM            ;PC                   ;14                   ;Z-RES;E;6       ;0000   ;51       ;5190      ;TRA          ;HM_PC_14_6
  100;HM            ;PC                   ;15                   ;Z-RES;E;6       ;0000   ;51       ;5190      ;TRA          ;HM_PC_15_6
  100;HM            ;PC                   ;16                   ;Z-RES;E;6       ;0000   ;51       ;5190      ;TRA          ;HM_PC_16_6
  100;HM            ;PC                   ;17                   ;Z-RES;E;6       ;0000   ;51       ;5190      ;TRA          ;HM_PC_17_6
  100;HM            ;PC                   ;18                   ;Z-RES;E;6       ;0000   ;51       ;5190      ;TRA          ;HM_PC_18_6
  100;HM            ;PC                   ;19                   ;Z-RES;E;6       ;0000   ;51       ;5190      ;TRA          ;HM_PC_19_6
  100;HM            ;PC                   ;20                   ;Z-RES;E;6       ;0000   ;51       ;5190      ;TRA          ;HM_PC_20_6
  100;HM            ;PC                   ;21                   ;Z-RES;E;6       ;0000   ;51       ;5190      ;TRA          ;HM_PC_21_6
  100;HM            ;PC                   ;22                   ;Z-RES;E;6       ;0000   ;51       ;5190      ;TRA          ;HM_PC_22_6
  100;HM            ;PC                   ;23                   ;Z-RES;E;6       ;0000   ;51       ;5190      ;TRA          ;HM_PC_23_6
  100;HM            ;PC                   ;24                   ;Z-RES;E;6       ;0000   ;51       ;5190      ;TRA          ;HM_PC_24_6
  100;HV            ;1L                   ;0A                   ;Z-RES;E;5       ;0000   ;51       ;5150      ;             ;HV_1L_0A_5
  100;HV            ;1S                   ;0A                   ;Z-RES;E;5       ;0000   ;51       ;5150      ;             ;HV_1S_0A_5
  100;HV            ;1T                   ;0A                   ;Z-RES;E;5       ;0000   ;51       ;5150      ;             ;HV_1T_0A_5
  100;HV            ;B1                   ;01                   ;Z-RES;E;6       ;0000   ;51       ;5180      ;             ;HV_B1_01_6
  100;HV            ;BA                   ;01                   ;Z-RES;E;6       ;0000   ;51       ;5180      ;BAT          ;HV_BA_01_6
  100;HV            ;BA                   ;02                   ;Z-RES;E;6       ;0000   ;51       ;5180      ;BAT          ;HV_BA_02_6
  100;HV            ;BA                   ;03                   ;Z-RES;E;6       ;0000   ;51       ;5180      ;BAT          ;HV_BA_03_6
  100;HV            ;BA                   ;04                   ;Z-RES;E;6       ;0000   ;51       ;5180      ;BAT          ;HV_BA_04_6
  100;HV            ;BA                   ;05                   ;Z-RES;E;6       ;0000   ;51       ;5180      ;BAT          ;HV_BA_05_6
  100;HV            ;BA                   ;06                   ;Z-RES;E;6       ;0000   ;51       ;5180      ;BAT          ;HV_BA_06_6
  100;HV            ;BA                   ;07                   ;Z-RES;E;6       ;0000   ;51       ;5180      ;BAT          ;HV_BA_07_6
  100;HV            ;BA                   ;08                   ;Z-RES;E;6       ;0000   ;51       ;5180      ;BAT          ;HV_BA_08_6
  100;HV            ;BA                   ;09                   ;Z-RES;E;6       ;0000   ;51       ;5180      ;BAT          ;HV_BA_09_6
  100;HV            ;BA                   ;10                   ;Z-RES;E;6       ;0000   ;51       ;5180      ;BAT          ;HV_BA_10_6
  100;HV            ;BA                   ;11                   ;Z-RES;E;6       ;0000   ;51       ;5180      ;BAT          ;HV_BA_11_6
  100;HV            ;BA                   ;12                   ;Z-RES;E;6       ;0000   ;51       ;5180      ;BAT          ;HV_BA_12_6
  100;HV            ;BA                   ;13                   ;Z-RES;E;6       ;0000   ;51       ;5180      ;BAT          ;HV_BA_13_6
  100;HV            ;BA                   ;14                   ;Z-RES;E;6       ;0000   ;51       ;5180      ;BAT          ;HV_BA_14_6
  100;HV            ;BA                   ;15                   ;Z-RES;E;6       ;0000   ;51       ;5180      ;BAT          ;HV_BA_15_6
  100;HV            ;BA                   ;16                   ;Z-RES;E;6       ;0000   ;51       ;5180      ;BAT          ;HV_BA_16_6
  100;HV            ;BA                   ;17                   ;Z-RES;E;6       ;0000   ;51       ;5180      ;BAT          ;HV_BA_17_6
  100;HV            ;BA                   ;18                   ;Z-RES;E;6       ;0000   ;51       ;5180      ;BAT          ;HV_BA_18_6
  100;HV            ;BA                   ;19                   ;Z-RES;E;6       ;0000   ;51       ;5180      ;BAT          ;HV_BA_19_6
  100;HV            ;BA                   ;20                   ;Z-RES;E;6       ;0000   ;51       ;5180      ;BAT          ;HV_BA_20_6
  100;HV            ;BA                   ;21                   ;Z-RES;E;6       ;0000   ;51       ;5180      ;BAT          ;HV_BA_21_6
  100;HV            ;BA                   ;22                   ;Z-RES;E;6       ;0000   ;51       ;5180      ;BAT          ;HV_BA_22_6
  100;HV            ;BA                   ;23                   ;Z-RES;E;6       ;0000   ;51       ;5180      ;BAT          ;HV_BA_23_6
  100;HV            ;BA                   ;24                   ;Z-RES;E;6       ;0000   ;51       ;5180      ;BAT          ;HV_BA_24_6
  100;HV            ;C0                   ;01                   ;Z-RES;E;6       ;0000   ;51       ;5150      ;             ;HV_C0_01_6
  100;HV            ;C0                   ;02                   ;Z-RES;E;6       ;0000   ;51       ;5150      ;             ;HV_C0_02_6
  100;HV            ;C0                   ;03                   ;Z-RES;E;6       ;0000   ;51       ;5150      ;             ;HV_C0_03_6
  100;HV            ;C0                   ;04                   ;Z-RES;E;6       ;0000   ;51       ;5150      ;             ;HV_C0_04_6
  100;HV            ;C0                   ;05                   ;Z-RES;E;6       ;0000   ;51       ;5150      ;             ;HV_C0_05_6
  100;HV            ;C0                   ;06                   ;Z-RES;E;6       ;0000   ;51       ;5150      ;             ;HV_C0_06_6
  100;HV            ;C0                   ;07                   ;Z-RES;E;6       ;0000   ;51       ;5150      ;             ;HV_C0_07_6
  100;HV            ;C0                   ;08                   ;Z-RES;E;6       ;0000   ;51       ;5150      ;             ;HV_C0_08_6
  100;HV            ;C1                   ;01                   ;Z-RES;E;6       ;0000   ;51       ;5150      ;             ;HV_C1_01_6
  100;HV            ;C1                   ;02                   ;Z-RES;E;6       ;0000   ;51       ;5150      ;             ;HV_C1_02_6
  100;HV            ;C1                   ;03                   ;Z-RES;E;6       ;0000   ;51       ;5150      ;             ;HV_C1_03_6
  100;HV            ;C1                   ;04                   ;Z-RES;E;6       ;0000   ;51       ;5150      ;             ;HV_C1_04_6
  100;HV            ;C1                   ;05                   ;Z-RES;E;6       ;0000   ;51       ;5150      ;             ;HV_C1_05_6
  100;HV            ;C1                   ;06                   ;Z-RES;E;6       ;0000   ;51       ;5150      ;             ;HV_C1_06_6
  100;HV            ;C1                   ;07                   ;Z-RES;E;6       ;0000   ;51       ;5150      ;             ;HV_C1_07_6
  100;HV            ;C1                   ;08                   ;Z-RES;E;6       ;0000   ;51       ;5150      ;             ;HV_C1_08_6
  100;HV            ;C1                   ;09                   ;Z-RES;E;6       ;0000   ;51       ;5150      ;             ;HV_C1_09_6
  100;HV            ;C1                   ;10                   ;Z-RES;E;6       ;0000   ;51       ;5150      ;             ;HV_C1_10_6
  100;HV            ;C1                   ;11                   ;Z-RES;E;6       ;0000   ;51       ;5150      ;             ;HV_C1_11_6
  100;HV            ;C1                   ;12                   ;Z-RES;E;6       ;0000   ;51       ;5150      ;             ;HV_C1_12_6
  100;HV            ;C2                   ;01                   ;Z-RES;E;6       ;0000   ;51       ;5150      ;             ;HV_C2_01_6
  100;HV            ;C2                   ;02                   ;Z-RES;E;6       ;0000   ;51       ;5150      ;             ;HV_C2_02_6
  100;HV            ;C2                   ;03                   ;Z-RES;E;6       ;0000   ;51       ;5150      ;             ;HV_C2_03_6
  100;HV            ;C2                   ;04                   ;Z-RES;E;6       ;0000   ;51       ;5150      ;             ;HV_C2_04_6
  100;HV            ;C2                   ;05                   ;Z-RES;E;6       ;0000   ;51       ;5150      ;             ;HV_C2_05_6
  100;HV            ;C2                   ;06                   ;Z-RES;E;6       ;0000   ;51       ;5150      ;             ;HV_C2_06_6
  100;HV            ;C2                   ;07                   ;Z-RES;E;6       ;0000   ;51       ;5150      ;             ;HV_C2_07_6
  100;HV            ;C2                   ;08                   ;Z-RES;E;6       ;0000   ;51       ;5150      ;             ;HV_C2_08_6
  100;HV            ;C2                   ;09                   ;Z-RES;E;6       ;0000   ;51       ;5150      ;             ;HV_C2_09_6
  100;HV            ;C2                   ;10                   ;Z-RES;E;6       ;0000   ;51       ;5150      ;             ;HV_C2_10_6
  100;HV            ;C2                   ;11                   ;Z-RES;E;6       ;0000   ;51       ;5150      ;             ;HV_C2_11_6
  100;HV            ;C2                   ;12                   ;Z-RES;E;6       ;0000   ;51       ;5150      ;             ;HV_C2_12_6
  100;HV            ;C3                   ;01                   ;Z-RES;E;6       ;0000   ;51       ;5150      ;             ;HV_C3_01_6
  100;HV            ;C3                   ;02                   ;Z-RES;E;6       ;0000   ;51       ;5150      ;             ;HV_C3_02_6
  100;HV            ;C3                   ;03                   ;Z-RES;E;6       ;0000   ;51       ;5150      ;             ;HV_C3_03_6
  100;HV            ;C3                   ;04                   ;Z-RES;E;6       ;0000   ;51       ;5150      ;             ;HV_C3_04_6
  100;HV            ;C3                   ;05                   ;Z-RES;E;6       ;0000   ;51       ;5150      ;             ;HV_C3_05_6
  100;HV            ;C3                   ;06                   ;Z-RES;E;6       ;0000   ;51       ;5150      ;             ;HV_C3_06_6
  100;HV            ;C3                   ;07                   ;Z-RES;E;6       ;0000   ;51       ;5150      ;             ;HV_C3_07_6
  100;HV            ;C3                   ;08                   ;Z-RES;E;6       ;0000   ;51       ;5150      ;             ;HV_C3_08_6
  100;HV            ;C3                   ;09                   ;Z-RES;E;6       ;0000   ;51       ;5150      ;             ;HV_C3_09_6
  100;HV            ;C3                   ;10                   ;Z-RES;E;6       ;0000   ;51       ;5150      ;             ;HV_C3_10_6
  100;HV            ;C3                   ;11                   ;Z-RES;E;6       ;0000   ;51       ;5150      ;             ;HV_C3_11_6
  100;HV            ;C3                   ;12                   ;Z-RES;E;6       ;0000   ;51       ;5150      ;             ;HV_C3_12_6
  100;HV            ;C4                   ;01                   ;Z-RES;E;6       ;0000   ;51       ;5150      ;             ;HV_C4_01_6
  100;HV            ;C4                   ;02                   ;Z-RES;E;6       ;0000   ;51       ;5150      ;             ;HV_C4_02_6
  100;HV            ;C4                   ;03                   ;Z-RES;E;6       ;0000   ;51       ;5150      ;             ;HV_C4_03_6
  100;HV            ;C4                   ;04                   ;Z-RES;E;6       ;0000   ;51       ;5150      ;             ;HV_C4_04_6
  100;HV            ;C4                   ;05                   ;Z-RES;E;6       ;0000   ;51       ;5150      ;             ;HV_C4_05_6
  100;HV            ;C4                   ;06                   ;Z-RES;E;6       ;0000   ;51       ;5150      ;             ;HV_C4_06_6
  100;HV            ;C4                   ;07                   ;Z-RES;E;6       ;0000   ;51       ;5150      ;             ;HV_C4_07_6
  100;HV            ;C4                   ;08                   ;Z-RES;E;6       ;0000   ;51       ;5150      ;             ;HV_C4_08_6
  100;HV            ;C4                   ;09                   ;Z-RES;E;6       ;0000   ;51       ;5150      ;             ;HV_C4_09_6
  100;HV            ;C4                   ;10                   ;Z-RES;E;6       ;0000   ;51       ;5150      ;             ;HV_C4_10_6
  100;HV            ;C4                   ;11                   ;Z-RES;E;6       ;0000   ;51       ;5150      ;             ;HV_C4_11_6
  100;HV            ;C5                   ;01                   ;Z-RES;E;6       ;0000   ;51       ;5150      ;             ;HV_C5_01_6
  100;HV            ;C5                   ;02                   ;Z-RES;E;6       ;0000   ;51       ;5150      ;             ;HV_C5_02_6
  100;HV            ;C5                   ;03                   ;Z-RES;E;6       ;0000   ;51       ;5150      ;             ;HV_C5_03_6
  100;HV            ;C5                   ;04                   ;Z-RES;E;6       ;0000   ;51       ;5150      ;             ;HV_C5_04_6
  100;HV            ;C5                   ;05                   ;Z-RES;E;6       ;0000   ;51       ;5150      ;             ;HV_C5_05_6
  100;HV            ;C5                   ;06                   ;Z-RES;E;6       ;0000   ;51       ;5150      ;             ;HV_C5_06_6
  100;HV            ;C5                   ;07                   ;Z-RES;E;6       ;0000   ;51       ;5150      ;             ;HV_C5_07_6
  100;HV            ;C5                   ;08                   ;Z-RES;E;6       ;0000   ;51       ;5150      ;             ;HV_C5_08_6
  100;HV            ;C5                   ;09                   ;Z-RES;E;6       ;0000   ;51       ;5150      ;             ;HV_C5_09_6
  100;HV            ;C5                   ;10                   ;Z-RES;E;6       ;0000   ;51       ;5150      ;             ;HV_C5_10_6
  100;HV            ;C6                   ;01                   ;Z-RES;E;6       ;0000   ;51       ;5150      ;             ;HV_C6_01_6
  100;HV            ;C6                   ;02                   ;Z-RES;E;6       ;0000   ;51       ;5150      ;             ;HV_C6_02_6
  100;HV            ;C6                   ;03                   ;Z-RES;E;6       ;0000   ;51       ;5150      ;             ;HV_C6_03_6
  100;HV            ;C6                   ;04                   ;Z-RES;E;6       ;0000   ;51       ;5150      ;             ;HV_C6_04_6
  100;HV            ;C6                   ;05                   ;Z-RES;E;6       ;0000   ;51       ;5150      ;             ;HV_C6_05_6
  100;HV            ;C6                   ;06                   ;Z-RES;E;6       ;0000   ;51       ;5150      ;             ;HV_C6_06_6
  100;HV            ;C6                   ;07                   ;Z-RES;E;6       ;0000   ;51       ;5150      ;             ;HV_C6_07_6
  100;HV            ;C6                   ;08                   ;Z-RES;E;6       ;0000   ;51       ;5150      ;             ;HV_C6_08_6
  100;HV            ;C6                   ;09                   ;Z-RES;E;6       ;0000   ;51       ;5150      ;             ;HV_C6_09_6
  100;HV            ;C6                   ;10                   ;Z-RES;E;6       ;0000   ;51       ;5150      ;             ;HV_C6_10_6
  100;HV            ;C7                   ;01                   ;Z-RES;E;6       ;0000   ;51       ;5150      ;             ;HV_C7_01_6
  100;HV            ;C7                   ;02                   ;Z-RES;E;6       ;0000   ;51       ;5150      ;             ;HV_C7_02_6
  100;HV            ;C7                   ;03                   ;Z-RES;E;6       ;0000   ;51       ;5150      ;             ;HV_C7_03_6
  100;HV            ;C7                   ;04                   ;Z-RES;E;6       ;0000   ;51       ;5150      ;             ;HV_C7_04_6
  100;HV            ;C7                   ;05                   ;Z-RES;E;6       ;0000   ;51       ;5150      ;             ;HV_C7_05_6
  100;HV            ;C7                   ;06                   ;Z-RES;E;6       ;0000   ;51       ;5150      ;             ;HV_C7_06_6
  100;HV            ;C7                   ;07                   ;Z-RES;E;6       ;0000   ;51       ;5150      ;             ;HV_C7_07_6
  100;HV            ;C7                   ;08                   ;Z-RES;E;6       ;0000   ;51       ;5150      ;             ;HV_C7_08_6
  100;HV            ;C7                   ;09                   ;Z-RES;E;6       ;0000   ;51       ;5150      ;             ;HV_C7_09_6
  100;HV            ;C8                   ;01                   ;Z-RES;E;6       ;0000   ;51       ;5150      ;             ;HV_C8_01_6
  100;HV            ;C8                   ;02                   ;Z-RES;E;6       ;0000   ;51       ;5150      ;             ;HV_C8_02_6
  100;HV            ;C8                   ;03                   ;Z-RES;E;6       ;0000   ;51       ;5150      ;             ;HV_C8_03_6
  100;HV            ;C8                   ;04                   ;Z-RES;E;6       ;0000   ;51       ;5150      ;             ;HV_C8_04_6
  100;HV            ;C8                   ;05                   ;Z-RES;E;6       ;0000   ;51       ;5150      ;             ;HV_C8_05_6
  100;HV            ;C8                   ;06                   ;Z-RES;E;6       ;0000   ;51       ;5150      ;             ;HV_C8_06_6
  100;HV            ;C8                   ;07                   ;Z-RES;E;6       ;0000   ;51       ;5150      ;             ;HV_C8_07_6
  100;HV            ;C8                   ;08                   ;Z-RES;E;6       ;0000   ;51       ;5150      ;             ;HV_C8_08_6
  100;HV            ;N0                   ;00                   ;Z-RES;E;6       ;0000   ;51       ;5150      ;             ;HV_N0_00_6
  100;HV            ;N0                   ;0E                   ;Z-RES;E;5       ;0000   ;51       ;5150      ;             ;HV_N0_0E_5
  100;HV            ;N0                   ;WE                   ;Z-RES;E;5       ;0000   ;51       ;5150      ;             ;HV_N0_WE_5
  100;HV            ;N0                   ;ZE                   ;Z-RES;E;5       ;0000   ;51       ;5150      ;             ;HV_N0_ZE_5
  100;HV            ;N1                   ;00                   ;Z-RES;E;6       ;0000   ;51       ;5190      ;SCC          ;HV_N1_00_6
  100;HV            ;N2                   ;00                   ;Z-RES;E;6       ;0000   ;51       ;5190      ;SCC          ;HV_N2_00_6
  100;HV            ;N3                   ;00                   ;Z-RES;E;6       ;0000   ;51       ;5190      ;SCC          ;HV_N3_00_6
  100;HV            ;N4                   ;00                   ;Z-RES;E;6       ;0000   ;51       ;5190      ;SCC          ;HV_N4_00_6
  100;HV            ;N5                   ;00                   ;Z-RES;E;6       ;0000   ;51       ;5190      ;SCC          ;HV_N5_00_6
  100;HV            ;SU                   ;00                   ;Z-RES;E;6       ;0000   ;51       ;5190      ;SCC          ;HV_SU_00_6
  100;I1            ;M1                   ;1T                   ;Z-RES;E;6       ;0000   ;51       ;5150      ;             ;I1_M1_1T_6
  100;I1            ;MA                   ;1M                   ;Z-RES;E;6       ;0000   ;51       ;5150      ;             ;I1_MA_1M_6
  100;I1            ;MA                   ;2M                   ;Z-RES;E;6       ;0000   ;51       ;5150      ;             ;I1_MA_2M_6
  100;I1            ;MA                   ;3M                   ;Z-RES;E;6       ;0000   ;51       ;5150      ;             ;I1_MA_3M_6
  100;I1            ;MA                   ;5M                   ;Z-RES;E;6       ;0000   ;51       ;5150      ;             ;I1_MA_5M_6
  100;I1            ;MA                   ;7M                   ;Z-RES;E;6       ;0000   ;51       ;5150      ;             ;I1_MA_7M_6
  100;I1            ;MA                   ;9M                   ;Z-RES;E;6       ;0000   ;51       ;5150      ;             ;I1_MA_9M_6
  100;I1            ;MA                   ;BM                   ;Z-RES;E;6       ;0000   ;51       ;5150      ;             ;I1_MA_BM_6
  100;I1            ;MV                   ;1E                   ;Z-RES;E;5       ;0000   ;51       ;5140      ;             ;I1_MV_1E_5
  100;I1            ;MV                   ;2E                   ;Z-RES;E;5       ;0000   ;51       ;5140      ;             ;I1_MV_2E_5
  100;I1            ;MV                   ;3E                   ;Z-RES;E;5       ;0000   ;51       ;5140      ;             ;I1_MV_3E_5
  100;I1            ;MV                   ;4E                   ;Z-RES;E;5       ;0000   ;51       ;5140      ;             ;I1_MV_4E_5
  100;I1            ;MV                   ;5E                   ;Z-RES;E;5       ;0000   ;51       ;5140      ;             ;I1_MV_5E_5
  100;I1            ;MV                   ;6E                   ;Z-RES;E;5       ;0000   ;51       ;5140      ;             ;I1_MV_6E_5
  100;I1            ;MV                   ;7E                   ;Z-RES;E;5       ;0000   ;51       ;5140      ;             ;I1_MV_7E_5
  100;I1            ;MV                   ;8E                   ;Z-RES;E;5       ;0000   ;51       ;5140      ;             ;I1_MV_8E_5
  100;I1            ;MV                   ;9E                   ;Z-RES;E;5       ;0000   ;51       ;5140      ;             ;I1_MV_9E_5
  100;I1            ;MV                   ;AE                   ;Z-RES;E;5       ;0000   ;51       ;5140      ;             ;I1_MV_AE_5
  100;I1            ;MV                   ;BE                   ;Z-RES;E;5       ;0000   ;51       ;5140      ;             ;I1_MV_BE_5
  100;I1            ;MV                   ;CE                   ;Z-RES;E;5       ;0000   ;51       ;5140      ;             ;I1_MV_CE_5
  100;I1            ;MV                   ;DE                   ;Z-RES;E;5       ;0000   ;51       ;5140      ;             ;I1_MV_DE_5
  100;I1            ;MV                   ;EE                   ;Z-RES;E;5       ;0000   ;51       ;5140      ;             ;I1_MV_EE_5
  100;I2            ;M1                   ;1T                   ;Z-RES;E;6       ;0000   ;51       ;5150      ;             ;I2_M1_1T_6
  100;I2            ;MV                   ;1E                   ;Z-RES;E;5       ;0000   ;51       ;5140      ;             ;I2_MV_1E_5
  100;I2            ;MV                   ;2E                   ;Z-RES;E;5       ;0000   ;51       ;5140      ;             ;I2_MV_2E_5
  100;I2            ;MV                   ;3E                   ;Z-RES;E;5       ;0000   ;51       ;5140      ;             ;I2_MV_3E_5
  100;I2            ;MV                   ;4E                   ;Z-RES;E;5       ;0000   ;51       ;5140      ;             ;I2_MV_4E_5
  100;I2            ;MV                   ;5E                   ;Z-RES;E;5       ;0000   ;51       ;5140      ;             ;I2_MV_5E_5
  100;I2            ;MV                   ;6E                   ;Z-RES;E;5       ;0000   ;51       ;5140      ;             ;I2_MV_6E_5
  100;I2            ;MV                   ;7E                   ;Z-RES;E;5       ;0000   ;51       ;5140      ;             ;I2_MV_7E_5
  100;I2            ;MV                   ;8E                   ;Z-RES;E;5       ;0000   ;51       ;5140      ;             ;I2_MV_8E_5
  100;I2            ;MV                   ;9E                   ;Z-RES;E;5       ;0000   ;51       ;5140      ;             ;I2_MV_9E_5
  100;I2            ;MV                   ;AE                   ;Z-RES;E;5       ;0000   ;51       ;5140      ;             ;I2_MV_AE_5
  100;I2            ;MV                   ;BE                   ;Z-RES;E;5       ;0000   ;51       ;5140      ;             ;I2_MV_BE_5
  100;I2            ;MV                   ;CE                   ;Z-RES;E;5       ;0000   ;51       ;5140      ;             ;I2_MV_CE_5
  100;I2            ;MV                   ;DE                   ;Z-RES;E;5       ;0000   ;51       ;5140      ;             ;I2_MV_DE_5
  100;I2            ;MV                   ;EE                   ;Z-RES;E;5       ;0000   ;51       ;5140      ;             ;I2_MV_EE_5
  100;I3            ;M1                   ;1T                   ;Z-RES;E;6       ;0000   ;51       ;5150      ;             ;I3_M1_1T_6
  100;I3            ;MV                   ;1E                   ;Z-RES;E;5       ;0000   ;51       ;5140      ;             ;I3_MV_1E_5
  100;I3            ;MV                   ;2E                   ;Z-RES;E;5       ;0000   ;51       ;5140      ;             ;I3_MV_2E_5
  100;I3            ;MV                   ;3E                   ;Z-RES;E;5       ;0000   ;51       ;5140      ;             ;I3_MV_3E_5
  100;I3            ;MV                   ;4E                   ;Z-RES;E;5       ;0000   ;51       ;5140      ;             ;I3_MV_4E_5
  100;I3            ;MV                   ;5E                   ;Z-RES;E;5       ;0000   ;51       ;5140      ;             ;I3_MV_5E_5
  100;I3            ;MV                   ;6E                   ;Z-RES;E;5       ;0000   ;51       ;5140      ;             ;I3_MV_6E_5
  100;I3            ;MV                   ;7E                   ;Z-RES;E;5       ;0000   ;51       ;5140      ;             ;I3_MV_7E_5
  100;I3            ;MV                   ;8E                   ;Z-RES;E;5       ;0000   ;51       ;5140      ;             ;I3_MV_8E_5
  100;I3            ;MV                   ;9E                   ;Z-RES;E;5       ;0000   ;51       ;5140      ;             ;I3_MV_9E_5
  100;I3            ;MV                   ;AE                   ;Z-RES;E;5       ;0000   ;51       ;5140      ;             ;I3_MV_AE_5
  100;I3            ;MV                   ;BE                   ;Z-RES;E;5       ;0000   ;51       ;5140      ;             ;I3_MV_BE_5
  100;I3            ;MV                   ;CE                   ;Z-RES;E;5       ;0000   ;51       ;5140      ;             ;I3_MV_CE_5
  100;I3            ;MV                   ;DE                   ;Z-RES;E;5       ;0000   ;51       ;5140      ;             ;I3_MV_DE_5
  100;I3            ;MV                   ;EE                   ;Z-RES;E;5       ;0000   ;51       ;5140      ;             ;I3_MV_EE_5
  100;I4            ;M1                   ;1T                   ;Z-RES;E;6       ;0000   ;51       ;5150      ;             ;I4_M1_1T_6
  100;I4            ;MV                   ;1E                   ;Z-RES;E;5       ;0000   ;51       ;5140      ;             ;I4_MV_1E_5
  100;I4            ;MV                   ;2E                   ;Z-RES;E;5       ;0000   ;51       ;5140      ;             ;I4_MV_2E_5
  100;I4            ;MV                   ;3E                   ;Z-RES;E;5       ;0000   ;51       ;5140      ;             ;I4_MV_3E_5
  100;I4            ;MV                   ;4E                   ;Z-RES;E;5       ;0000   ;51       ;5140      ;             ;I4_MV_4E_5
  100;I4            ;MV                   ;5E                   ;Z-RES;E;5       ;0000   ;51       ;5140      ;             ;I4_MV_5E_5
  100;I4            ;MV                   ;6E                   ;Z-RES;E;5       ;0000   ;51       ;5140      ;             ;I4_MV_6E_5
  100;I4            ;MV                   ;7E                   ;Z-RES;E;5       ;0000   ;51       ;5140      ;             ;I4_MV_7E_5
  100;I4            ;MV                   ;8E                   ;Z-RES;E;5       ;0000   ;51       ;5140      ;             ;I4_MV_8E_5
  100;I4            ;MV                   ;9E                   ;Z-RES;E;5       ;0000   ;51       ;5140      ;             ;I4_MV_9E_5
  100;I4            ;MV                   ;AE                   ;Z-RES;E;5       ;0000   ;51       ;5140      ;             ;I4_MV_AE_5
  100;I4            ;MV                   ;BE                   ;Z-RES;E;5       ;0000   ;51       ;5140      ;             ;I4_MV_BE_5
  100;I4            ;MV                   ;CE                   ;Z-RES;E;5       ;0000   ;51       ;5140      ;             ;I4_MV_CE_5
  100;I4            ;MV                   ;DE                   ;Z-RES;E;5       ;0000   ;51       ;5140      ;             ;I4_MV_DE_5
  100;I4            ;MV                   ;EE                   ;Z-RES;E;5       ;0000   ;51       ;5140      ;             ;I4_MV_EE_5
  100;I5            ;M1                   ;1T                   ;Z-RES;E;6       ;0000   ;51       ;5150      ;             ;I5_M1_1T_6
  100;I5            ;MV                   ;1E                   ;Z-RES;E;5       ;0000   ;51       ;5140      ;             ;I5_MV_1E_5
  100;I5            ;MV                   ;2E                   ;Z-RES;E;5       ;0000   ;51       ;5140      ;             ;I5_MV_2E_5
  100;I5            ;MV                   ;3E                   ;Z-RES;E;5       ;0000   ;51       ;5140      ;             ;I5_MV_3E_5
  100;I5            ;MV                   ;4E                   ;Z-RES;E;5       ;0000   ;51       ;5140      ;             ;I5_MV_4E_5
  100;I5            ;MV                   ;5E                   ;Z-RES;E;5       ;0000   ;51       ;5140      ;             ;I5_MV_5E_5
  100;I5            ;MV                   ;6E                   ;Z-RES;E;5       ;0000   ;51       ;5140      ;             ;I5_MV_6E_5
  100;I5            ;MV                   ;7E                   ;Z-RES;E;5       ;0000   ;51       ;5140      ;             ;I5_MV_7E_5
  100;I5            ;MV                   ;8E                   ;Z-RES;E;5       ;0000   ;51       ;5140      ;             ;I5_MV_8E_5
  100;I5            ;MV                   ;9E                   ;Z-RES;E;5       ;0000   ;51       ;5140      ;             ;I5_MV_9E_5
  100;I5            ;MV                   ;AE                   ;Z-RES;E;5       ;0000   ;51       ;5140      ;             ;I5_MV_AE_5
  100;I5            ;MV                   ;BE                   ;Z-RES;E;5       ;0000   ;51       ;5140      ;             ;I5_MV_BE_5
  100;I5            ;MV                   ;CE                   ;Z-RES;E;5       ;0000   ;51       ;5140      ;             ;I5_MV_CE_5
  100;I6            ;M1                   ;1T                   ;Z-RES;E;6       ;0000   ;51       ;5150      ;             ;I6_M1_1T_6
  100;I6            ;MV                   ;1E                   ;Z-RES;E;5       ;0000   ;51       ;5140      ;             ;I6_MV_1E_5
  100;I6            ;MV                   ;2E                   ;Z-RES;E;5       ;0000   ;51       ;5140      ;             ;I6_MV_2E_5
  100;I6            ;MV                   ;3E                   ;Z-RES;E;5       ;0000   ;51       ;5140      ;             ;I6_MV_3E_5
  100;I6            ;MV                   ;4E                   ;Z-RES;E;5       ;0000   ;51       ;5140      ;             ;I6_MV_4E_5
  100;I6            ;MV                   ;5E                   ;Z-RES;E;5       ;0000   ;51       ;5140      ;             ;I6_MV_5E_5
  100;I6            ;MV                   ;6E                   ;Z-RES;E;5       ;0000   ;51       ;5140      ;             ;I6_MV_6E_5
  100;I6            ;MV                   ;7E                   ;Z-RES;E;5       ;0000   ;51       ;5140      ;             ;I6_MV_7E_5
  100;I6            ;MV                   ;8E                   ;Z-RES;E;5       ;0000   ;51       ;5140      ;             ;I6_MV_8E_5
  100;I6            ;MV                   ;9E                   ;Z-RES;E;5       ;0000   ;51       ;5140      ;             ;I6_MV_9E_5
  100;I6            ;MV                   ;AE                   ;Z-RES;E;5       ;0000   ;51       ;5140      ;             ;I6_MV_AE_5
  100;I6            ;MV                   ;BE                   ;Z-RES;E;5       ;0000   ;51       ;5140      ;             ;I6_MV_BE_5
  100;I6            ;MV                   ;CE                   ;Z-RES;E;5       ;0000   ;51       ;5140      ;             ;I6_MV_CE_5
  100;I7            ;M1                   ;1T                   ;Z-RES;E;6       ;0000   ;51       ;5150      ;             ;I7_M1_1T_6
  100;I7            ;MV                   ;1E                   ;Z-RES;E;5       ;0000   ;51       ;5140      ;             ;I7_MV_1E_5
  100;I7            ;MV                   ;2E                   ;Z-RES;E;5       ;0000   ;51       ;5140      ;             ;I7_MV_2E_5
  100;I7            ;MV                   ;3E                   ;Z-RES;E;5       ;0000   ;51       ;5140      ;             ;I7_MV_3E_5
  100;I7            ;MV                   ;4E                   ;Z-RES;E;5       ;0000   ;51       ;5140      ;             ;I7_MV_4E_5
  100;I7            ;MV                   ;5E                   ;Z-RES;E;5       ;0000   ;51       ;5140      ;             ;I7_MV_5E_5
  100;I7            ;MV                   ;6E                   ;Z-RES;E;5       ;0000   ;51       ;5140      ;             ;I7_MV_6E_5
  100;I7            ;MV                   ;7E                   ;Z-RES;E;5       ;0000   ;51       ;5140      ;             ;I7_MV_7E_5
  100;I7            ;MV                   ;8E                   ;Z-RES;E;5       ;0000   ;51       ;5140      ;             ;I7_MV_8E_5
  100;I7            ;MV                   ;9E                   ;Z-RES;E;5       ;0000   ;51       ;5140      ;             ;I7_MV_9E_5
  100;I7            ;MV                   ;AE                   ;Z-RES;E;5       ;0000   ;51       ;5140      ;             ;I7_MV_AE_5
  100;I7            ;MV                   ;BE                   ;Z-RES;E;5       ;0000   ;51       ;5140      ;             ;I7_MV_BE_5
  100;I7            ;MV                   ;CE                   ;Z-RES;E;5       ;0000   ;51       ;5140      ;             ;I7_MV_CE_5
  100;I8            ;M1                   ;1T                   ;Z-RES;E;6       ;0000   ;51       ;5150      ;             ;I8_M1_1T_6
  100;I8            ;MV                   ;1E                   ;Z-RES;E;5       ;0000   ;51       ;5140      ;             ;I8_MV_1E_5
  100;I8            ;MV                   ;2E                   ;Z-RES;E;5       ;0000   ;51       ;5140      ;             ;I8_MV_2E_5
  100;I8            ;MV                   ;3E                   ;Z-RES;E;5       ;0000   ;51       ;5140      ;             ;I8_MV_3E_5
  100;I9            ;MV                   ;1E                   ;Z-RES;E;5       ;0000   ;51       ;5140      ;             ;I9_MV_1E_5
  100;I9            ;MV                   ;2E                   ;Z-RES;E;5       ;0000   ;51       ;5140      ;             ;I9_MV_2E_5
  100;I9            ;MV                   ;3E                   ;Z-RES;E;5       ;0000   ;51       ;5140      ;             ;I9_MV_3E_5
  100;IC            ;00                   ;                     ;Z-RES;E;4       ;0000   ;51       ;5150      ;             ;IC_00_4
  100;IG            ;PC                   ;01                   ;Z-RES;E;6       ;0000   ;51       ;5190      ;PCS          ;IG_PC_01_6
  100;IG            ;PC                   ;02                   ;Z-RES;E;6       ;0000   ;51       ;5190      ;PCS          ;IG_PC_02_6
  100;IG            ;PC                   ;03                   ;Z-RES;E;6       ;0000   ;51       ;5190      ;PCS          ;IG_PC_03_6
  100;IG            ;PC                   ;04                   ;Z-RES;E;6       ;0000   ;51       ;5190      ;PCS          ;IG_PC_04_6
  100;IG            ;PC                   ;05                   ;Z-RES;E;6       ;0000   ;51       ;5190      ;PCS          ;IG_PC_05_6
  100;IG            ;PC                   ;06                   ;Z-RES;E;6       ;0000   ;51       ;5190      ;PCS          ;IG_PC_06_6
  100;IG            ;PC                   ;07                   ;Z-RES;E;6       ;0000   ;51       ;5190      ;PCS          ;IG_PC_07_6
  100;IG            ;PC                   ;08                   ;Z-RES;E;6       ;0000   ;51       ;5190      ;PCS          ;IG_PC_08_6
  100;IG            ;PC                   ;09                   ;Z-RES;E;6       ;0000   ;51       ;5190      ;PCS          ;IG_PC_09_6
  100;IG            ;PC                   ;10                   ;Z-RES;E;6       ;0000   ;51       ;5190      ;PCS          ;IG_PC_10_6
  100;IG            ;PC                   ;11                   ;Z-RES;E;6       ;0000   ;51       ;5190      ;PCS          ;IG_PC_11_6
  100;IG            ;PC                   ;12                   ;Z-RES;E;6       ;0000   ;51       ;5190      ;PCS          ;IG_PC_12_6
  100;IG            ;PC                   ;13                   ;Z-RES;E;6       ;0000   ;51       ;5190      ;PCS          ;IG_PC_13_6
  100;IG            ;PC                   ;14                   ;Z-RES;E;6       ;0000   ;51       ;5190      ;PCS          ;IG_PC_14_6
  100;IG            ;PC                   ;15                   ;Z-RES;E;6       ;0000   ;51       ;5190      ;PCS          ;IG_PC_15_6
  100;IG            ;PC                   ;16                   ;Z-RES;E;6       ;0000   ;51       ;5190      ;PCS          ;IG_PC_16_6
  100;IG            ;PC                   ;17                   ;Z-RES;E;6       ;0000   ;51       ;5190      ;PCS          ;IG_PC_17_6
  100;IG            ;PC                   ;18                   ;Z-RES;E;6       ;0000   ;51       ;5190      ;PCS          ;IG_PC_18_6
  100;IG            ;PC                   ;19                   ;Z-RES;E;6       ;0000   ;51       ;5190      ;PCS          ;IG_PC_19_6
  100;IG            ;PC                   ;20                   ;Z-RES;E;6       ;0000   ;51       ;5190      ;PCS          ;IG_PC_20_6
  100;IG            ;PC                   ;21                   ;Z-RES;E;6       ;0000   ;51       ;5190      ;PCS          ;IG_PC_21_6
  100;IG            ;PC                   ;22                   ;Z-RES;E;6       ;0000   ;51       ;5190      ;PCS          ;IG_PC_22_6
  100;IG            ;PC                   ;23                   ;Z-RES;E;6       ;0000   ;51       ;5190      ;PCS          ;IG_PC_23_6
  100;IG            ;PC                   ;24                   ;Z-RES;E;6       ;0000   ;51       ;5190      ;PCS          ;IG_PC_24_6
  100;IL            ;00                   ;                     ;Z-RES;E;4       ;0000   ;51       ;5150      ;             ;IL_00_4
  100;IP            ;C1                   ;01                   ;Z-RES;E;6       ;0000   ;51       ;5180      ;             ;IP_C1_01_6
  100;IP            ;C1                   ;02                   ;Z-RES;E;6       ;0000   ;51       ;5180      ;             ;IP_C1_02_6
  100;IP            ;C1                   ;03                   ;Z-RES;E;6       ;0000   ;51       ;5180      ;             ;IP_C1_03_6
  100;IP            ;C1                   ;04                   ;Z-RES;E;6       ;0000   ;51       ;5180      ;             ;IP_C1_04_6
  100;IP            ;C1                   ;05                   ;Z-RES;E;6       ;0000   ;51       ;5180      ;             ;IP_C1_05_6
  100;IP            ;C1                   ;06                   ;Z-RES;E;6       ;0000   ;51       ;5180      ;             ;IP_C1_06_6
  100;IP            ;C1                   ;07                   ;Z-RES;E;6       ;0000   ;51       ;5180      ;             ;IP_C1_07_6
  100;IP            ;C1                   ;08                   ;Z-RES;E;6       ;0000   ;51       ;5180      ;             ;IP_C1_08_6
  100;IP            ;C1                   ;09                   ;Z-RES;E;6       ;0000   ;51       ;5180      ;             ;IP_C1_09_6
  100;IP            ;C1                   ;10                   ;Z-RES;E;6       ;0000   ;51       ;5180      ;             ;IP_C1_10_6
  100;IP            ;C1                   ;11                   ;Z-RES;E;6       ;0000   ;51       ;5180      ;             ;IP_C1_11_6
  100;IP            ;C1                   ;12                   ;Z-RES;E;6       ;0000   ;51       ;5180      ;             ;IP_C1_12_6
  100;IP            ;C2                   ;01                   ;Z-RES;E;6       ;0000   ;51       ;5180      ;             ;IP_C2_01_6
  100;IP            ;C2                   ;02                   ;Z-RES;E;6       ;0000   ;51       ;5180      ;             ;IP_C2_02_6
  100;IP            ;C2                   ;03                   ;Z-RES;E;6       ;0000   ;51       ;5180      ;             ;IP_C2_03_6
  100;IP            ;C2                   ;04                   ;Z-RES;E;6       ;0000   ;51       ;5180      ;             ;IP_C2_04_6
  100;IP            ;C2                   ;05                   ;Z-RES;E;6       ;0000   ;51       ;5180      ;             ;IP_C2_05_6
  100;IP            ;C2                   ;06                   ;Z-RES;E;6       ;0000   ;51       ;5180      ;             ;IP_C2_06_6
  100;IP            ;C2                   ;07                   ;Z-RES;E;6       ;0000   ;51       ;5180      ;             ;IP_C2_07_6
  100;IP            ;C2                   ;08                   ;Z-RES;E;6       ;0000   ;51       ;5180      ;             ;IP_C2_08_6
  100;IP            ;C2                   ;09                   ;Z-RES;E;6       ;0000   ;51       ;5180      ;             ;IP_C2_09_6
  100;IR            ;SS                   ;00                   ;Z-RES;E;5       ;0000   ;51       ;5150      ;             ;IR_SS_00_5
  100;IT            ;00                   ;                     ;Z-RES;E;4       ;0000   ;51       ;5150      ;             ;IT_00_4
  100;IT            ;HV                   ;1L                   ;Z-RES;E;6       ;0000   ;51       ;5150      ;             ;IT_HV_1L_6
  100;IT            ;HV                   ;1S                   ;Z-RES;E;6       ;0000   ;51       ;5150      ;             ;IT_HV_1S_6
  100;IT            ;HV                   ;1T                   ;Z-RES;E;6       ;0000   ;51       ;5150      ;             ;IT_HV_1T_6
  100;IT            ;SA                   ;00                   ;Z-RES;E;6       ;0000   ;51       ;5150      ;             ;IT_SA_00_6
  100;IT            ;SA                   ;0E                   ;Z-RES;E;5       ;0000   ;51       ;5150      ;             ;IT_SA_0E_5
  100;IT            ;SA                   ;WE                   ;Z-RES;E;5       ;0000   ;51       ;5150      ;             ;IT_SA_WE_5
  100;IT            ;SA                   ;ZE                   ;Z-RES;E;5       ;0000   ;51       ;5150      ;             ;IT_SA_ZE_5
  100;JC            ;CL                   ;00                   ;Z-RES;E;5       ;0000   ;51       ;5140      ;             ;JC_CL_00_5
  100;LA            ;0A                   ;                     ;Z-RES;E;4       ;0000   ;51       ;5150      ;             ;LA_0A_4
  100;LC            ;B1                   ;01                   ;Z-RES;E;6       ;0000   ;51       ;5180      ;             ;LC_B1_01_6
  100;LC            ;C1                   ;01                   ;Z-RES;E;6       ;0000   ;51       ;5180      ;             ;LC_C1_01_6
  100;LC            ;C1                   ;02                   ;Z-RES;E;6       ;0000   ;51       ;5180      ;             ;LC_C1_02_6
  100;LC            ;C1                   ;03                   ;Z-RES;E;6       ;0000   ;51       ;5180      ;             ;LC_C1_03_6
  100;LC            ;C1                   ;04                   ;Z-RES;E;6       ;0000   ;51       ;5180      ;             ;LC_C1_04_6
  100;LC            ;C1                   ;05                   ;Z-RES;E;6       ;0000   ;51       ;5180      ;             ;LC_C1_05_6
  100;LC            ;C1                   ;06                   ;Z-RES;E;6       ;0000   ;51       ;5180      ;             ;LC_C1_06_6
  100;LC            ;C1                   ;07                   ;Z-RES;E;6       ;0000   ;51       ;5180      ;             ;LC_C1_07_6
  100;LC            ;C1                   ;08                   ;Z-RES;E;6       ;0000   ;51       ;5180      ;             ;LC_C1_08_6
  100;LC            ;C1                   ;09                   ;Z-RES;E;6       ;0000   ;51       ;5180      ;             ;LC_C1_09_6
  100;LC            ;C1                   ;10                   ;Z-RES;E;6       ;0000   ;51       ;5180      ;             ;LC_C1_10_6
  100;LC            ;C1                   ;11                   ;Z-RES;E;6       ;0000   ;51       ;5180      ;             ;LC_C1_11_6
  100;LC            ;C1                   ;12                   ;Z-RES;E;6       ;0000   ;51       ;5180      ;             ;LC_C1_12_6
  100;LC            ;C2                   ;01                   ;Z-RES;E;6       ;0000   ;51       ;5180      ;             ;LC_C2_01_6
  100;LC            ;C2                   ;02                   ;Z-RES;E;6       ;0000   ;51       ;5180      ;             ;LC_C2_02_6
  100;LC            ;C2                   ;03                   ;Z-RES;E;6       ;0000   ;51       ;5180      ;             ;LC_C2_03_6
  100;LC            ;C2                   ;04                   ;Z-RES;E;6       ;0000   ;51       ;5180      ;             ;LC_C2_04_6
  100;LC            ;C2                   ;05                   ;Z-RES;E;6       ;0000   ;51       ;5180      ;             ;LC_C2_05_6
  100;LC            ;C2                   ;06                   ;Z-RES;E;6       ;0000   ;51       ;5180      ;             ;LC_C2_06_6
  100;LC            ;C2                   ;07                   ;Z-RES;E;6       ;0000   ;51       ;5180      ;             ;LC_C2_07_6
  100;LC            ;C2                   ;08                   ;Z-RES;E;6       ;0000   ;51       ;5180      ;             ;LC_C2_08_6
  100;LC            ;C2                   ;09                   ;Z-RES;E;6       ;0000   ;51       ;5180      ;             ;LC_C2_09_6
  100;LC            ;C3                   ;01                   ;Z-RES;E;6       ;0000   ;51       ;5180      ;             ;LC_C3_01_6
  100;LC            ;C3                   ;02                   ;Z-RES;E;6       ;0000   ;51       ;5180      ;             ;LC_C3_02_6
  100;LC            ;C3                   ;03                   ;Z-RES;E;6       ;0000   ;51       ;5180      ;             ;LC_C3_03_6
  100;LC            ;C3                   ;04                   ;Z-RES;E;6       ;0000   ;51       ;5180      ;             ;LC_C3_04_6
  100;LC            ;C3                   ;05                   ;Z-RES;E;6       ;0000   ;51       ;5180      ;             ;LC_C3_05_6
  100;LC            ;C3                   ;06                   ;Z-RES;E;6       ;0000   ;51       ;5180      ;             ;LC_C3_06_6
  100;LC            ;C3                   ;07                   ;Z-RES;E;6       ;0000   ;51       ;5180      ;             ;LC_C3_07_6
  100;LC            ;C3                   ;08                   ;Z-RES;E;6       ;0000   ;51       ;5180      ;             ;LC_C3_08_6
  100;LC            ;C4                   ;01                   ;Z-RES;E;6       ;0000   ;51       ;5180      ;             ;LC_C4_01_6
  100;LC            ;C4                   ;02                   ;Z-RES;E;6       ;0000   ;51       ;5180      ;             ;LC_C4_02_6
  100;LC            ;C4                   ;03                   ;Z-RES;E;6       ;0000   ;51       ;5180      ;             ;LC_C4_03_6
  100;LC            ;C4                   ;04                   ;Z-RES;E;6       ;0000   ;51       ;5180      ;             ;LC_C4_04_6
  100;LC            ;C4                   ;05                   ;Z-RES;E;6       ;0000   ;51       ;5180      ;             ;LC_C4_05_6
  100;LC            ;C4                   ;06                   ;Z-RES;E;6       ;0000   ;51       ;5180      ;             ;LC_C4_06_6
  100;LC            ;C4                   ;07                   ;Z-RES;E;6       ;0000   ;51       ;5180      ;             ;LC_C4_07_6
  100;LC            ;C4                   ;08                   ;Z-RES;E;6       ;0000   ;51       ;5180      ;             ;LC_C4_08_6
  100;LC            ;C5                   ;01                   ;Z-RES;E;6       ;0000   ;51       ;5180      ;             ;LC_C5_01_6
  100;LC            ;C5                   ;02                   ;Z-RES;E;6       ;0000   ;51       ;5180      ;             ;LC_C5_02_6
  100;LC            ;C5                   ;03                   ;Z-RES;E;6       ;0000   ;51       ;5180      ;             ;LC_C5_03_6
  100;LC            ;C5                   ;04                   ;Z-RES;E;6       ;0000   ;51       ;5180      ;             ;LC_C5_04_6
  100;LC            ;C5                   ;05                   ;Z-RES;E;6       ;0000   ;51       ;5180      ;             ;LC_C5_05_6
  100;LC            ;C5                   ;06                   ;Z-RES;E;6       ;0000   ;51       ;5180      ;             ;LC_C5_06_6
  100;LC            ;C5                   ;07                   ;Z-RES;E;6       ;0000   ;51       ;5180      ;             ;LC_C5_07_6
  100;LC            ;C5                   ;08                   ;Z-RES;E;6       ;0000   ;51       ;5180      ;             ;LC_C5_08_6
  100;LC            ;C6                   ;01                   ;Z-RES;E;6       ;0000   ;51       ;5180      ;             ;LC_C6_01_6
  100;LC            ;C6                   ;02                   ;Z-RES;E;6       ;0000   ;51       ;5180      ;             ;LC_C6_02_6
  100;LC            ;C6                   ;03                   ;Z-RES;E;6       ;0000   ;51       ;5180      ;             ;LC_C6_03_6
  100;LC            ;C6                   ;04                   ;Z-RES;E;6       ;0000   ;51       ;5180      ;             ;LC_C6_04_6
  100;LC            ;C6                   ;05                   ;Z-RES;E;6       ;0000   ;51       ;5180      ;             ;LC_C6_05_6
  100;LC            ;C6                   ;06                   ;Z-RES;E;6       ;0000   ;51       ;5180      ;             ;LC_C6_06_6
  100;LC            ;C6                   ;07                   ;Z-RES;E;6       ;0000   ;51       ;5180      ;             ;LC_C6_07_6
  100;LC            ;C6                   ;08                   ;Z-RES;E;6       ;0000   ;51       ;5180      ;             ;LC_C6_08_6
  100;LC            ;C7                   ;01                   ;Z-RES;E;6       ;0000   ;51       ;5180      ;             ;LC_C7_01_6
  100;LC            ;C7                   ;02                   ;Z-RES;E;6       ;0000   ;51       ;5180      ;             ;LC_C7_02_6
  100;LC            ;C7                   ;03                   ;Z-RES;E;6       ;0000   ;51       ;5180      ;             ;LC_C7_03_6
  100;LC            ;C7                   ;04                   ;Z-RES;E;6       ;0000   ;51       ;5180      ;             ;LC_C7_04_6
  100;LC            ;C7                   ;05                   ;Z-RES;E;6       ;0000   ;51       ;5180      ;             ;LC_C7_05_6
  100;LC            ;C7                   ;06                   ;Z-RES;E;6       ;0000   ;51       ;5180      ;             ;LC_C7_06_6
  100;LC            ;C7                   ;07                   ;Z-RES;E;6       ;0000   ;51       ;5180      ;             ;LC_C7_07_6
  100;LC            ;C7                   ;08                   ;Z-RES;E;6       ;0000   ;51       ;5180      ;             ;LC_C7_08_6
  100;LC            ;C8                   ;01                   ;Z-RES;E;6       ;0000   ;51       ;5180      ;             ;LC_C8_01_6
  100;LC            ;C8                   ;02                   ;Z-RES;E;6       ;0000   ;51       ;5180      ;             ;LC_C8_02_6
  100;LC            ;C8                   ;03                   ;Z-RES;E;6       ;0000   ;51       ;5180      ;             ;LC_C8_03_6
  100;LC            ;C8                   ;04                   ;Z-RES;E;6       ;0000   ;51       ;5180      ;             ;LC_C8_04_6
  100;LC            ;C8                   ;05                   ;Z-RES;E;6       ;0000   ;51       ;5180      ;             ;LC_C8_05_6
  100;LC            ;C8                   ;06                   ;Z-RES;E;6       ;0000   ;51       ;5180      ;             ;LC_C8_06_6
  100;LC            ;C8                   ;07                   ;Z-RES;E;6       ;0000   ;51       ;5180      ;             ;LC_C8_07_6
  100;LC            ;C8                   ;08                   ;Z-RES;E;6       ;0000   ;51       ;5180      ;             ;LC_C8_08_6
  100;LC            ;P1                   ;01                   ;Z-RES;E;6       ;0000   ;51       ;5180      ;             ;LC_P1_01_6
  100;LC            ;P1                   ;02                   ;Z-RES;E;6       ;0000   ;51       ;5180      ;             ;LC_P1_02_6
  100;LC            ;P1                   ;03                   ;Z-RES;E;6       ;0000   ;51       ;5180      ;             ;LC_P1_03_6
  100;LC            ;P1                   ;04                   ;Z-RES;E;6       ;0000   ;51       ;5180      ;             ;LC_P1_04_6
  100;LC            ;P1                   ;05                   ;Z-RES;E;6       ;0000   ;51       ;5180      ;             ;LC_P1_05_6
  100;LC            ;P1                   ;06                   ;Z-RES;E;6       ;0000   ;51       ;5180      ;             ;LC_P1_06_6
  100;LC            ;P1                   ;07                   ;Z-RES;E;6       ;0000   ;51       ;5180      ;             ;LC_P1_07_6
  100;LC            ;P2                   ;01                   ;Z-RES;E;6       ;0000   ;51       ;5180      ;             ;LC_P2_01_6
  100;LC            ;P2                   ;02                   ;Z-RES;E;6       ;0000   ;51       ;5180      ;             ;LC_P2_02_6
  100;LC            ;P2                   ;03                   ;Z-RES;E;6       ;0000   ;51       ;5180      ;             ;LC_P2_03_6
  100;LC            ;P2                   ;04                   ;Z-RES;E;6       ;0000   ;51       ;5180      ;             ;LC_P2_04_6
  100;LC            ;P2                   ;05                   ;Z-RES;E;6       ;0000   ;51       ;5180      ;             ;LC_P2_05_6
  100;LC            ;P2                   ;06                   ;Z-RES;E;6       ;0000   ;51       ;5180      ;             ;LC_P2_06_6
  100;LC            ;P2                   ;07                   ;Z-RES;E;6       ;0000   ;51       ;5180      ;             ;LC_P2_07_6
  100;LC            ;P3                   ;01                   ;Z-RES;E;6       ;0000   ;51       ;5180      ;             ;LC_P3_01_6
  100;LC            ;P3                   ;02                   ;Z-RES;E;6       ;0000   ;51       ;5180      ;             ;LC_P3_02_6
  100;LC            ;P3                   ;03                   ;Z-RES;E;6       ;0000   ;51       ;5180      ;             ;LC_P3_03_6
  100;LC            ;P3                   ;04                   ;Z-RES;E;6       ;0000   ;51       ;5180      ;             ;LC_P3_04_6
  100;LC            ;P3                   ;05                   ;Z-RES;E;6       ;0000   ;51       ;5180      ;             ;LC_P3_05_6
  100;LC            ;P3                   ;06                   ;Z-RES;E;6       ;0000   ;51       ;5180      ;             ;LC_P3_06_6
  100;LC            ;P3                   ;07                   ;Z-RES;E;6       ;0000   ;51       ;5180      ;             ;LC_P3_07_6
  100;LC            ;P4                   ;01                   ;Z-RES;E;6       ;0000   ;51       ;5180      ;             ;LC_P4_01_6
  100;LC            ;P4                   ;02                   ;Z-RES;E;6       ;0000   ;51       ;5180      ;             ;LC_P4_02_6
  100;LC            ;P4                   ;03                   ;Z-RES;E;6       ;0000   ;51       ;5180      ;             ;LC_P4_03_6
  100;LC            ;P4                   ;04                   ;Z-RES;E;6       ;0000   ;51       ;5180      ;             ;LC_P4_04_6
  100;LC            ;P4                   ;05                   ;Z-RES;E;6       ;0000   ;51       ;5180      ;             ;LC_P4_05_6
  100;LC            ;P4                   ;06                   ;Z-RES;E;6       ;0000   ;51       ;5180      ;             ;LC_P4_06_6
  100;LC            ;P4                   ;07                   ;Z-RES;E;6       ;0000   ;51       ;5180      ;             ;LC_P4_07_6
  100;LC            ;P5                   ;01                   ;Z-RES;E;6       ;0000   ;51       ;5180      ;             ;LC_P5_01_6
  100;LC            ;P6                   ;01                   ;Z-RES;E;6       ;0000   ;51       ;5180      ;             ;LC_P6_01_6
  100;LC            ;P7                   ;01                   ;Z-RES;E;6       ;0000   ;51       ;5180      ;             ;LC_P7_01_6
  100;LC            ;P8                   ;01                   ;Z-RES;E;6       ;0000   ;51       ;5180      ;             ;LC_P8_01_6
  100;LC            ;P9                   ;01                   ;Z-RES;E;6       ;0000   ;51       ;5180      ;             ;LC_P9_01_6
  100;LC            ;PA                   ;01                   ;Z-RES;E;6       ;0000   ;51       ;5180      ;             ;LC_PA_01_6
  100;LC            ;PB                   ;01                   ;Z-RES;E;6       ;0000   ;51       ;5180      ;             ;LC_PB_01_6
  100;LC            ;PC                   ;01                   ;Z-RES;E;6       ;0000   ;51       ;5180      ;             ;LC_PC_01_6
  100;LC            ;PD                   ;01                   ;Z-RES;E;6       ;0000   ;51       ;5180      ;             ;LC_PD_01_6
  100;LC            ;PE                   ;01                   ;Z-RES;E;6       ;0000   ;51       ;5180      ;             ;LC_PE_01_6
  100;LC            ;PF                   ;01                   ;Z-RES;E;6       ;0000   ;51       ;5180      ;             ;LC_PF_01_6
  100;LC            ;PG                   ;01                   ;Z-RES;E;6       ;0000   ;51       ;5180      ;             ;LC_PG_01_6
  100;LC            ;PH                   ;01                   ;Z-RES;E;6       ;0000   ;51       ;5180      ;             ;LC_PH_01_6
  100;LC            ;PI                   ;01                   ;Z-RES;E;6       ;0000   ;51       ;5180      ;             ;LC_PI_01_6
  100;LC            ;PJ                   ;01                   ;Z-RES;E;6       ;0000   ;51       ;5180      ;             ;LC_PJ_01_6
  100;LC            ;PK                   ;01                   ;Z-RES;E;6       ;0000   ;51       ;5180      ;             ;LC_PK_01_6
  100;LC            ;PL                   ;01                   ;Z-RES;E;6       ;0000   ;51       ;5180      ;             ;LC_PL_01_6
  100;LC            ;PM                   ;01                   ;Z-RES;E;6       ;0000   ;51       ;5180      ;             ;LC_PM_01_6
  100;LC            ;PN                   ;01                   ;Z-RES;E;6       ;0000   ;51       ;5180      ;             ;LC_PN_01_6
  100;LC            ;PO                   ;01                   ;Z-RES;E;6       ;0000   ;51       ;5180      ;             ;LC_PO_01_6
  100;LC            ;PP                   ;01                   ;Z-RES;E;6       ;0000   ;51       ;5180      ;             ;LC_PP_01_6
  100;LI            ;N1                   ;00                   ;Z-RES;E;6       ;0000   ;51       ;5190      ;SCC          ;LI_N1_00_6
  100;LI            ;N2                   ;00                   ;Z-RES;E;6       ;0000   ;51       ;5190      ;SCC          ;LI_N2_00_6
  100;LI            ;N3                   ;00                   ;Z-RES;E;6       ;0000   ;51       ;5190      ;SCC          ;LI_N3_00_6
  100;LI            ;N4                   ;00                   ;Z-RES;E;6       ;0000   ;51       ;5190      ;SCC          ;LI_N4_00_6
  100;LI            ;N5                   ;00                   ;Z-RES;E;6       ;0000   ;51       ;5190      ;SCC          ;LI_N5_00_6
  100;LN            ;LA                   ;0A                   ;Z-RES;E;5       ;0000   ;51       ;5150      ;             ;LN_LA_0A_5
  100;LN            ;TC                   ;00                   ;Z-RES;E;5       ;0000   ;51       ;5180      ;             ;LN_TC_00_5
  100;LP            ;LA                   ;0A                   ;Z-RES;E;5       ;0000   ;51       ;5150      ;             ;LP_LA_0A_5
  100;LS            ;IL                   ;00                   ;Z-RES;E;5       ;0000   ;51       ;5150      ;             ;LS_IL_00_5
  100;LU            ;IL                   ;00                   ;Z-RES;E;5       ;0000   ;51       ;5150      ;             ;LU_IL_00_5
  100;LU            ;LA                   ;0A                   ;Z-RES;E;5       ;0000   ;51       ;5150      ;             ;LU_LA_0A_5
  100;LV            ;1E                   ;                     ;Z-RES;E;4       ;0000   ;51       ;5150      ;             ;LV_1E_4
  100;LV            ;2E                   ;                     ;Z-RES;E;4       ;0000   ;51       ;5150      ;             ;LV_2E_4
  100;LV            ;3E                   ;                     ;Z-RES;E;4       ;0000   ;51       ;5150      ;             ;LV_3E_4
  100;LV            ;4E                   ;                     ;Z-RES;E;4       ;0000   ;51       ;5150      ;             ;LV_4E_4
  100;LV            ;5E                   ;                     ;Z-RES;E;4       ;0000   ;51       ;5150      ;             ;LV_5E_4
  100;LV            ;6E                   ;                     ;Z-RES;E;4       ;0000   ;51       ;5150      ;             ;LV_6E_4
  100;LV            ;7E                   ;                     ;Z-RES;E;4       ;0000   ;51       ;5150      ;             ;LV_7E_4
  100;LV            ;8E                   ;                     ;Z-RES;E;4       ;0000   ;51       ;5150      ;             ;LV_8E_4
  100;LV            ;9E                   ;                     ;Z-RES;E;4       ;0000   ;51       ;5150      ;             ;LV_9E_4
  100;LV            ;AE                   ;                     ;Z-RES;E;4       ;0000   ;51       ;5150      ;             ;LV_AE_4
  100;LV            ;BE                   ;                     ;Z-RES;E;4       ;0000   ;51       ;5150      ;             ;LV_BE_4
  100;LV            ;CE                   ;                     ;Z-RES;E;4       ;0000   ;51       ;5150      ;             ;LV_CE_4
  100;LV            ;DE                   ;                     ;Z-RES;E;4       ;0000   ;51       ;5150      ;             ;LV_DE_4
  100;LV            ;EE                   ;                     ;Z-RES;E;4       ;0000   ;51       ;5150      ;             ;LV_EE_4
  100;LV            ;SU                   ;00                   ;Z-RES;E;6       ;0000   ;51       ;5190      ;SCC          ;LV_SU_00_6
  100;M1            ;1T                   ;0A                   ;Z-RES;E;5       ;0000   ;51       ;5150      ;             ;M1_1T_0A_5
  100;M1            ;HV                   ;1T                   ;Z-RES;E;6       ;0000   ;51       ;5150      ;             ;M1_HV_1T_6
  100;M1            ;M1                   ;1T                   ;Z-RES;E;6       ;0000   ;51       ;5150      ;             ;M1_M1_1T_6
  100;M1            ;MA                   ;1M                   ;Z-RES;E;6       ;0000   ;51       ;5150      ;             ;M1_MA_1M_6
  100;M1            ;MA                   ;2M                   ;Z-RES;E;6       ;0000   ;51       ;5150      ;             ;M1_MA_2M_6
  100;M1            ;MA                   ;3M                   ;Z-RES;E;6       ;0000   ;51       ;5150      ;             ;M1_MA_3M_6
  100;M1            ;MA                   ;5M                   ;Z-RES;E;6       ;0000   ;51       ;5150      ;             ;M1_MA_5M_6
  100;M1            ;MA                   ;7M                   ;Z-RES;E;6       ;0000   ;51       ;5150      ;             ;M1_MA_7M_6
  100;M1            ;MA                   ;9M                   ;Z-RES;E;6       ;0000   ;51       ;5150      ;             ;M1_MA_9M_6
  100;M1            ;MA                   ;BM                   ;Z-RES;E;6       ;0000   ;51       ;5150      ;             ;M1_MA_BM_6
  100;M2            ;M1                   ;1T                   ;Z-RES;E;6       ;0000   ;51       ;5150      ;             ;M2_M1_1T_6
  100;M2            ;MA                   ;1M                   ;Z-RES;E;6       ;0000   ;51       ;5150      ;             ;M2_MA_1M_6
  100;M2            ;MA                   ;2M                   ;Z-RES;E;6       ;0000   ;51       ;5150      ;             ;M2_MA_2M_6
  100;M3            ;M1                   ;1T                   ;Z-RES;E;6       ;0000   ;51       ;5150      ;             ;M3_M1_1T_6
  100;M3            ;MA                   ;1M                   ;Z-RES;E;6       ;0000   ;51       ;5150      ;             ;M3_MA_1M_6
  100;M3            ;MA                   ;2M                   ;Z-RES;E;6       ;0000   ;51       ;5150      ;             ;M3_MA_2M_6
  100;M4            ;M1                   ;1T                   ;Z-RES;E;6       ;0000   ;51       ;5150      ;             ;M4_M1_1T_6
  100;M4            ;MA                   ;1M                   ;Z-RES;E;6       ;0000   ;51       ;5150      ;             ;M4_MA_1M_6
  100;M4            ;MA                   ;2M                   ;Z-RES;E;6       ;0000   ;51       ;5150      ;             ;M4_MA_2M_6
  100;M5            ;M1                   ;1T                   ;Z-RES;E;6       ;0000   ;51       ;5150      ;             ;M5_M1_1T_6
  100;M5            ;MA                   ;1M                   ;Z-RES;E;6       ;0000   ;51       ;5150      ;             ;M5_MA_1M_6
  100;M6            ;M1                   ;1T                   ;Z-RES;E;6       ;0000   ;51       ;5150      ;             ;M6_M1_1T_6
  100;MA            ;1M                   ;0A                   ;Z-RES;E;5       ;0000   ;51       ;5150      ;             ;MA_1M_0A_5
  100;MA            ;2M                   ;0A                   ;Z-RES;E;5       ;0000   ;51       ;5150      ;             ;MA_2M_0A_5
  100;MA            ;3M                   ;0A                   ;Z-RES;E;5       ;0000   ;51       ;5150      ;             ;MA_3M_0A_5
  100;MA            ;4M                   ;0A                   ;Z-RES;E;5       ;0000   ;51       ;5150      ;             ;MA_4M_0A_5
  100;MA            ;5M                   ;0A                   ;Z-RES;E;5       ;0000   ;51       ;5150      ;             ;MA_5M_0A_5
  100;MA            ;6M                   ;0A                   ;Z-RES;E;5       ;0000   ;51       ;5150      ;             ;MA_6M_0A_5
  100;MA            ;7M                   ;0A                   ;Z-RES;E;5       ;0000   ;51       ;5150      ;             ;MA_7M_0A_5
  100;MA            ;8M                   ;0A                   ;Z-RES;E;5       ;0000   ;51       ;5150      ;             ;MA_8M_0A_5
  100;MA            ;9M                   ;0A                   ;Z-RES;E;5       ;0000   ;51       ;5150      ;             ;MA_9M_0A_5
  100;MA            ;AM                   ;0A                   ;Z-RES;E;5       ;0000   ;51       ;5150      ;             ;MA_AM_0A_5
  100;MA            ;BM                   ;0A                   ;Z-RES;E;5       ;0000   ;51       ;5150      ;             ;MA_BM_0A_5
  100;MA            ;CM                   ;0A                   ;Z-RES;E;5       ;0000   ;51       ;5150      ;             ;MA_CM_0A_5
  100;MA            ;DM                   ;0A                   ;Z-RES;E;5       ;0000   ;51       ;5150      ;             ;MA_DM_0A_5
  100;MA            ;EM                   ;0A                   ;Z-RES;E;5       ;0000   ;51       ;5150      ;             ;MA_EM_0A_5
  100;MC            ;CL                   ;00                   ;Z-RES;E;5       ;0000   ;51       ;5140      ;             ;MC_CL_00_5
  100;ME            ;SA                   ;00                   ;Z-RES;E;6       ;0000   ;51       ;5150      ;             ;ME_SA_00_6
  100;ME            ;SA                   ;0E                   ;Z-RES;E;5       ;0000   ;51       ;5150      ;             ;ME_SA_0E_5
  100;ME            ;SU                   ;00                   ;Z-RES;E;6       ;0000   ;51       ;5190      ;SCC          ;ME_SU_00_6
  100;MI            ;ZZ                   ;0E                   ;Z-RES;E;5       ;0000   ;51       ;5110      ;SCC          ;MI_ZZ_0E_5
  100;MR            ;OC                   ;00                   ;Z-RES;E;5       ;0000   ;51       ;5110      ;             ;MR_OC_00_5
  100;MS            ;C0                   ;01                   ;Z-RES;E;6       ;0000   ;51       ;5180      ;             ;MS_C0_01_6
  100;MS            ;C0                   ;02                   ;Z-RES;E;6       ;0000   ;51       ;5180      ;             ;MS_C0_02_6
  100;MS            ;C0                   ;03                   ;Z-RES;E;6       ;0000   ;51       ;5180      ;             ;MS_C0_03_6
  100;MS            ;C0                   ;04                   ;Z-RES;E;6       ;0000   ;51       ;5180      ;             ;MS_C0_04_6
  100;MS            ;C0                   ;05                   ;Z-RES;E;6       ;0000   ;51       ;5180      ;             ;MS_C0_05_6
  100;MS            ;C0                   ;06                   ;Z-RES;E;6       ;0000   ;51       ;5180      ;             ;MS_C0_06_6
  100;MS            ;C0                   ;07                   ;Z-RES;E;6       ;0000   ;51       ;5180      ;             ;MS_C0_07_6
  100;MS            ;C0                   ;08                   ;Z-RES;E;6       ;0000   ;51       ;5180      ;             ;MS_C0_08_6
  100;MS            ;C1                   ;01                   ;Z-RES;E;6       ;0000   ;51       ;5180      ;             ;MS_C1_01_6
  100;MS            ;C1                   ;02                   ;Z-RES;E;6       ;0000   ;51       ;5180      ;             ;MS_C1_02_6
  100;MS            ;C1                   ;03                   ;Z-RES;E;6       ;0000   ;51       ;5180      ;             ;MS_C1_03_6
  100;MS            ;C1                   ;04                   ;Z-RES;E;6       ;0000   ;51       ;5180      ;             ;MS_C1_04_6
  100;MS            ;C1                   ;05                   ;Z-RES;E;6       ;0000   ;51       ;5180      ;             ;MS_C1_05_6
  100;MS            ;C1                   ;06                   ;Z-RES;E;6       ;0000   ;51       ;5180      ;             ;MS_C1_06_6
  100;MS            ;C1                   ;07                   ;Z-RES;E;6       ;0000   ;51       ;5180      ;             ;MS_C1_07_6
  100;MS            ;C1                   ;08                   ;Z-RES;E;6       ;0000   ;51       ;5180      ;             ;MS_C1_08_6
  100;MS            ;C1                   ;09                   ;Z-RES;E;6       ;0000   ;51       ;5180      ;             ;MS_C1_09_6
  100;MS            ;C1                   ;10                   ;Z-RES;E;6       ;0000   ;51       ;5180      ;             ;MS_C1_10_6
  100;MS            ;C1                   ;11                   ;Z-RES;E;6       ;0000   ;51       ;5180      ;             ;MS_C1_11_6
  100;MS            ;C1                   ;12                   ;Z-RES;E;6       ;0000   ;51       ;5180      ;             ;MS_C1_12_6
  100;MS            ;C2                   ;01                   ;Z-RES;E;6       ;0000   ;51       ;5180      ;             ;MS_C2_01_6
  100;MS            ;C2                   ;02                   ;Z-RES;E;6       ;0000   ;51       ;5180      ;             ;MS_C2_02_6
  100;MS            ;C2                   ;03                   ;Z-RES;E;6       ;0000   ;51       ;5180      ;             ;MS_C2_03_6
  100;MS            ;C2                   ;04                   ;Z-RES;E;6       ;0000   ;51       ;5180      ;             ;MS_C2_04_6
  100;MS            ;C2                   ;05                   ;Z-RES;E;6       ;0000   ;51       ;5180      ;             ;MS_C2_05_6
  100;MS            ;C2                   ;06                   ;Z-RES;E;6       ;0000   ;51       ;5180      ;             ;MS_C2_06_6
  100;MS            ;C2                   ;07                   ;Z-RES;E;6       ;0000   ;51       ;5180      ;             ;MS_C2_07_6
  100;MS            ;C2                   ;08                   ;Z-RES;E;6       ;0000   ;51       ;5180      ;             ;MS_C2_08_6
  100;MS            ;C2                   ;09                   ;Z-RES;E;6       ;0000   ;51       ;5180      ;             ;MS_C2_09_6
  100;MS            ;C2                   ;10                   ;Z-RES;E;6       ;0000   ;51       ;5180      ;             ;MS_C2_10_6
  100;MS            ;C2                   ;11                   ;Z-RES;E;6       ;0000   ;51       ;5180      ;             ;MS_C2_11_6
  100;MS            ;C2                   ;12                   ;Z-RES;E;6       ;0000   ;51       ;5180      ;             ;MS_C2_12_6
  100;MS            ;C3                   ;01                   ;Z-RES;E;6       ;0000   ;51       ;5180      ;             ;MS_C3_01_6
  100;MS            ;C3                   ;02                   ;Z-RES;E;6       ;0000   ;51       ;5180      ;             ;MS_C3_02_6
  100;MS            ;C3                   ;03                   ;Z-RES;E;6       ;0000   ;51       ;5180      ;             ;MS_C3_03_6
  100;MS            ;C3                   ;04                   ;Z-RES;E;6       ;0000   ;51       ;5180      ;             ;MS_C3_04_6
  100;MS            ;C3                   ;05                   ;Z-RES;E;6       ;0000   ;51       ;5180      ;             ;MS_C3_05_6
  100;MS            ;C3                   ;06                   ;Z-RES;E;6       ;0000   ;51       ;5180      ;             ;MS_C3_06_6
  100;MS            ;C3                   ;07                   ;Z-RES;E;6       ;0000   ;51       ;5180      ;             ;MS_C3_07_6
  100;MS            ;C3                   ;08                   ;Z-RES;E;6       ;0000   ;51       ;5180      ;             ;MS_C3_08_6
  100;MS            ;C3                   ;09                   ;Z-RES;E;6       ;0000   ;51       ;5180      ;             ;MS_C3_09_6
  100;MS            ;C3                   ;10                   ;Z-RES;E;6       ;0000   ;51       ;5180      ;             ;MS_C3_10_6
  100;MS            ;C3                   ;11                   ;Z-RES;E;6       ;0000   ;51       ;5180      ;             ;MS_C3_11_6
  100;MS            ;C3                   ;12                   ;Z-RES;E;6       ;0000   ;51       ;5180      ;             ;MS_C3_12_6
  100;MS            ;C4                   ;01                   ;Z-RES;E;6       ;0000   ;51       ;5180      ;             ;MS_C4_01_6
  100;MS            ;C4                   ;02                   ;Z-RES;E;6       ;0000   ;51       ;5180      ;             ;MS_C4_02_6
  100;MS            ;C4                   ;03                   ;Z-RES;E;6       ;0000   ;51       ;5180      ;             ;MS_C4_03_6
  100;MS            ;C4                   ;04                   ;Z-RES;E;6       ;0000   ;51       ;5180      ;             ;MS_C4_04_6
  100;MS            ;C4                   ;05                   ;Z-RES;E;6       ;0000   ;51       ;5180      ;             ;MS_C4_05_6
  100;MS            ;C4                   ;06                   ;Z-RES;E;6       ;0000   ;51       ;5180      ;             ;MS_C4_06_6
  100;MS            ;C4                   ;07                   ;Z-RES;E;6       ;0000   ;51       ;5180      ;             ;MS_C4_07_6
  100;MS            ;C4                   ;08                   ;Z-RES;E;6       ;0000   ;51       ;5180      ;             ;MS_C4_08_6
  100;MS            ;C4                   ;09                   ;Z-RES;E;6       ;0000   ;51       ;5180      ;             ;MS_C4_09_6
  100;MS            ;C4                   ;10                   ;Z-RES;E;6       ;0000   ;51       ;5180      ;             ;MS_C4_10_6
  100;MS            ;C4                   ;11                   ;Z-RES;E;6       ;0000   ;51       ;5180      ;             ;MS_C4_11_6
  100;MS            ;C5                   ;01                   ;Z-RES;E;6       ;0000   ;51       ;5180      ;             ;MS_C5_01_6
  100;MS            ;C5                   ;02                   ;Z-RES;E;6       ;0000   ;51       ;5180      ;             ;MS_C5_02_6
  100;MS            ;C5                   ;03                   ;Z-RES;E;6       ;0000   ;51       ;5180      ;             ;MS_C5_03_6
  100;MS            ;C5                   ;05                   ;Z-RES;E;6       ;0000   ;51       ;5180      ;             ;MS_C5_05_6
  100;MS            ;C5                   ;06                   ;Z-RES;E;6       ;0000   ;51       ;5180      ;             ;MS_C5_06_6
  100;MS            ;C5                   ;07                   ;Z-RES;E;6       ;0000   ;51       ;5180      ;             ;MS_C5_07_6
  100;MS            ;C5                   ;08                   ;Z-RES;E;6       ;0000   ;51       ;5180      ;             ;MS_C5_08_6
  100;MS            ;C5                   ;09                   ;Z-RES;E;6       ;0000   ;51       ;5180      ;             ;MS_C5_09_6
  100;MS            ;C5                   ;10                   ;Z-RES;E;6       ;0000   ;51       ;5180      ;             ;MS_C5_10_6
  100;MS            ;C6                   ;02                   ;Z-RES;E;6       ;0000   ;51       ;5180      ;             ;MS_C6_02_6
  100;MS            ;C6                   ;03                   ;Z-RES;E;6       ;0000   ;51       ;5180      ;             ;MS_C6_03_6
  100;MS            ;C6                   ;05                   ;Z-RES;E;6       ;0000   ;51       ;5180      ;             ;MS_C6_05_6
  100;MS            ;C6                   ;06                   ;Z-RES;E;6       ;0000   ;51       ;5180      ;             ;MS_C6_06_6
  100;MS            ;C6                   ;07                   ;Z-RES;E;6       ;0000   ;51       ;5180      ;             ;MS_C6_07_6
  100;MS            ;C6                   ;08                   ;Z-RES;E;6       ;0000   ;51       ;5180      ;             ;MS_C6_08_6
  100;MS            ;C6                   ;09                   ;Z-RES;E;6       ;0000   ;51       ;5180      ;             ;MS_C6_09_6
  100;MS            ;C6                   ;10                   ;Z-RES;E;6       ;0000   ;51       ;5180      ;             ;MS_C6_10_6
  100;MS            ;C7                   ;09                   ;Z-RES;E;6       ;0000   ;51       ;5180      ;             ;MS_C7_09_6
  100;MV            ;1E                   ;                     ;Z-RES;E;4       ;0000   ;51       ;5140      ;             ;MV_1E_4
  100;MV            ;2E                   ;                     ;Z-RES;E;4       ;0000   ;51       ;5140      ;             ;MV_2E_4
  100;MV            ;3E                   ;                     ;Z-RES;E;4       ;0000   ;51       ;5140      ;             ;MV_3E_4
  100;MV            ;4E                   ;                     ;Z-RES;E;4       ;0000   ;51       ;5140      ;             ;MV_4E_4
  100;MV            ;5E                   ;                     ;Z-RES;E;4       ;0000   ;51       ;5140      ;             ;MV_5E_4
  100;MV            ;6E                   ;                     ;Z-RES;E;4       ;0000   ;51       ;5140      ;             ;MV_6E_4
  100;MV            ;7E                   ;                     ;Z-RES;E;4       ;0000   ;51       ;5140      ;             ;MV_7E_4
  100;MV            ;8E                   ;                     ;Z-RES;E;4       ;0000   ;51       ;5140      ;             ;MV_8E_4
  100;MV            ;9E                   ;                     ;Z-RES;E;4       ;0000   ;51       ;5140      ;             ;MV_9E_4
  100;MV            ;AE                   ;                     ;Z-RES;E;4       ;0000   ;51       ;5140      ;             ;MV_AE_4
  100;MV            ;BE                   ;                     ;Z-RES;E;4       ;0000   ;51       ;5140      ;             ;MV_BE_4
  100;MV            ;CE                   ;                     ;Z-RES;E;4       ;0000   ;51       ;5140      ;             ;MV_CE_4
  100;MV            ;DE                   ;                     ;Z-RES;E;4       ;0000   ;51       ;5140      ;             ;MV_DE_4
  100;MV            ;EE                   ;                     ;Z-RES;E;4       ;0000   ;51       ;5140      ;             ;MV_EE_4
  100;MV            ;SU                   ;00                   ;Z-RES;E;6       ;0000   ;51       ;5190      ;SCC          ;MV_SU_00_6
  100;N0            ;00                   ;0E                   ;Z-RES;E;5       ;0000   ;51       ;5190      ;             ;N0_00_0E_5
  100;N0            ;0E                   ;                     ;Z-RES;E;4       ;0000   ;51       ;5190      ;             ;N0_0E_4
  100;N0            ;WE                   ;                     ;Z-RES;E;4       ;0000   ;51       ;5190      ;             ;N0_WE_4
  100;N0            ;ZE                   ;                     ;Z-RES;E;4       ;0000   ;51       ;5190      ;             ;N0_ZE_4
  100;N1            ;00                   ;0E                   ;Z-RES;E;5       ;0000   ;51       ;5190      ;SCC          ;N1_00_0E_5
  100;N3            ;00                   ;0E                   ;Z-RES;E;5       ;0000   ;51       ;5190      ;SCC          ;N3_00_0E_5
  100;N4            ;00                   ;0E                   ;Z-RES;E;5       ;0000   ;51       ;5190      ;SCC          ;N4_00_0E_5
  100;N5            ;00                   ;0E                   ;Z-RES;E;5       ;0000   ;51       ;5190      ;SCC          ;N5_00_0E_5
  100;OC            ;00                   ;                     ;Z-RES;E;4       ;0000   ;51       ;5110      ;             ;OC_00_4
  100;OC            ;1L                   ;0A                   ;Z-RES;E;5       ;0000   ;51       ;5110      ;             ;OC_1L_0A_5
  100;OC            ;1M                   ;0A                   ;Z-RES;E;5       ;0000   ;51       ;5150      ;             ;OC_1M_0A_5
  100;OC            ;1S                   ;0A                   ;Z-RES;E;5       ;0000   ;51       ;5110      ;             ;OC_1S_0A_5
  100;OC            ;1T                   ;0A                   ;Z-RES;E;5       ;0000   ;51       ;5110      ;             ;OC_1T_0A_5
  100;OC            ;2M                   ;0A                   ;Z-RES;E;5       ;0000   ;51       ;5150      ;             ;OC_2M_0A_5
  100;OC            ;3M                   ;0A                   ;Z-RES;E;5       ;0000   ;51       ;5150      ;             ;OC_3M_0A_5
  100;OC            ;4M                   ;0A                   ;Z-RES;E;5       ;0000   ;51       ;5150      ;             ;OC_4M_0A_5
  100;OC            ;5M                   ;0A                   ;Z-RES;E;5       ;0000   ;51       ;5150      ;             ;OC_5M_0A_5
  100;OC            ;6M                   ;0A                   ;Z-RES;E;5       ;0000   ;51       ;5150      ;             ;OC_6M_0A_5
  100;OC            ;7M                   ;0A                   ;Z-RES;E;5       ;0000   ;51       ;5150      ;             ;OC_7M_0A_5
  100;OC            ;8M                   ;0A                   ;Z-RES;E;5       ;0000   ;51       ;5150      ;             ;OC_8M_0A_5
  100;OC            ;9M                   ;0A                   ;Z-RES;E;5       ;0000   ;51       ;5150      ;             ;OC_9M_0A_5
  100;OC            ;AM                   ;0A                   ;Z-RES;E;5       ;0000   ;51       ;5150      ;             ;OC_AM_0A_5
  100;OC            ;BM                   ;0A                   ;Z-RES;E;5       ;0000   ;51       ;5150      ;             ;OC_BM_0A_5
  100;OC            ;C1                   ;01                   ;Z-RES;E;6       ;0000   ;51       ;5180      ;             ;OC_C1_01_6
  100;OC            ;C1                   ;02                   ;Z-RES;E;6       ;0000   ;51       ;5180      ;             ;OC_C1_02_6
  100;OC            ;C1                   ;03                   ;Z-RES;E;6       ;0000   ;51       ;5180      ;             ;OC_C1_03_6
  100;OC            ;C1                   ;04                   ;Z-RES;E;6       ;0000   ;51       ;5180      ;             ;OC_C1_04_6
  100;OC            ;C1                   ;05                   ;Z-RES;E;6       ;0000   ;51       ;5180      ;             ;OC_C1_05_6
  100;OC            ;C1                   ;06                   ;Z-RES;E;6       ;0000   ;51       ;5180      ;             ;OC_C1_06_6
  100;OC            ;C1                   ;07                   ;Z-RES;E;6       ;0000   ;51       ;5180      ;             ;OC_C1_07_6
  100;OC            ;C1                   ;08                   ;Z-RES;E;6       ;0000   ;51       ;5180      ;             ;OC_C1_08_6
  100;OC            ;C1                   ;09                   ;Z-RES;E;6       ;0000   ;51       ;5180      ;             ;OC_C1_09_6
  100;OC            ;C1                   ;10                   ;Z-RES;E;6       ;0000   ;51       ;5180      ;             ;OC_C1_10_6
  100;OC            ;C1                   ;11                   ;Z-RES;E;6       ;0000   ;51       ;5180      ;             ;OC_C1_11_6
  100;OC            ;C1                   ;12                   ;Z-RES;E;6       ;0000   ;51       ;5180      ;             ;OC_C1_12_6
  100;OC            ;C2                   ;01                   ;Z-RES;E;6       ;0000   ;51       ;5180      ;             ;OC_C2_01_6
  100;OC            ;C2                   ;02                   ;Z-RES;E;6       ;0000   ;51       ;5180      ;             ;OC_C2_02_6
  100;OC            ;C2                   ;03                   ;Z-RES;E;6       ;0000   ;51       ;5180      ;             ;OC_C2_03_6
  100;OC            ;C2                   ;04                   ;Z-RES;E;6       ;0000   ;51       ;5180      ;             ;OC_C2_04_6
  100;OC            ;C2                   ;05                   ;Z-RES;E;6       ;0000   ;51       ;5180      ;             ;OC_C2_05_6
  100;OC            ;C2                   ;06                   ;Z-RES;E;6       ;0000   ;51       ;5180      ;             ;OC_C2_06_6
  100;OC            ;C2                   ;07                   ;Z-RES;E;6       ;0000   ;51       ;5180      ;             ;OC_C2_07_6
  100;OC            ;C2                   ;08                   ;Z-RES;E;6       ;0000   ;51       ;5180      ;             ;OC_C2_08_6
  100;OC            ;C2                   ;09                   ;Z-RES;E;6       ;0000   ;51       ;5180      ;             ;OC_C2_09_6
  100;OC            ;C3                   ;01                   ;Z-RES;E;6       ;0000   ;51       ;5180      ;             ;OC_C3_01_6
  100;OC            ;C3                   ;02                   ;Z-RES;E;6       ;0000   ;51       ;5180      ;             ;OC_C3_02_6
  100;OC            ;C3                   ;03                   ;Z-RES;E;6       ;0000   ;51       ;5180      ;             ;OC_C3_03_6
  100;OC            ;C3                   ;04                   ;Z-RES;E;6       ;0000   ;51       ;5180      ;             ;OC_C3_04_6
  100;OC            ;C3                   ;05                   ;Z-RES;E;6       ;0000   ;51       ;5180      ;             ;OC_C3_05_6
  100;OC            ;C3                   ;06                   ;Z-RES;E;6       ;0000   ;51       ;5180      ;             ;OC_C3_06_6
  100;OC            ;C3                   ;07                   ;Z-RES;E;6       ;0000   ;51       ;5180      ;             ;OC_C3_07_6
  100;OC            ;C3                   ;08                   ;Z-RES;E;6       ;0000   ;51       ;5180      ;             ;OC_C3_08_6
  100;OC            ;C3                   ;09                   ;Z-RES;E;6       ;0000   ;51       ;5180      ;             ;OC_C3_09_6
  100;OC            ;C4                   ;01                   ;Z-RES;E;6       ;0000   ;51       ;5180      ;             ;OC_C4_01_6
  100;OC            ;C4                   ;02                   ;Z-RES;E;6       ;0000   ;51       ;5180      ;             ;OC_C4_02_6
  100;OC            ;C4                   ;03                   ;Z-RES;E;6       ;0000   ;51       ;5180      ;             ;OC_C4_03_6
  100;OC            ;C4                   ;04                   ;Z-RES;E;6       ;0000   ;51       ;5180      ;             ;OC_C4_04_6
  100;OC            ;C4                   ;05                   ;Z-RES;E;6       ;0000   ;51       ;5180      ;             ;OC_C4_05_6
  100;OC            ;C4                   ;06                   ;Z-RES;E;6       ;0000   ;51       ;5180      ;             ;OC_C4_06_6
  100;OC            ;C4                   ;07                   ;Z-RES;E;6       ;0000   ;51       ;5180      ;             ;OC_C4_07_6
  100;OC            ;C4                   ;08                   ;Z-RES;E;6       ;0000   ;51       ;5180      ;             ;OC_C4_08_6
  100;OC            ;C4                   ;09                   ;Z-RES;E;6       ;0000   ;51       ;5180      ;             ;OC_C4_09_6
  100;OC            ;C5                   ;01                   ;Z-RES;E;6       ;0000   ;51       ;5180      ;             ;OC_C5_01_6
  100;OC            ;C5                   ;02                   ;Z-RES;E;6       ;0000   ;51       ;5180      ;             ;OC_C5_02_6
  100;OC            ;C5                   ;03                   ;Z-RES;E;6       ;0000   ;51       ;5180      ;             ;OC_C5_03_6
  100;OC            ;C5                   ;04                   ;Z-RES;E;6       ;0000   ;51       ;5180      ;             ;OC_C5_04_6
  100;OC            ;C5                   ;05                   ;Z-RES;E;6       ;0000   ;51       ;5180      ;             ;OC_C5_05_6
  100;OC            ;C5                   ;06                   ;Z-RES;E;6       ;0000   ;51       ;5180      ;             ;OC_C5_06_6
  100;OC            ;C5                   ;07                   ;Z-RES;E;6       ;0000   ;51       ;5180      ;             ;OC_C5_07_6
  100;OC            ;C5                   ;08                   ;Z-RES;E;6       ;0000   ;51       ;5180      ;             ;OC_C5_08_6
  100;OC            ;C5                   ;09                   ;Z-RES;E;6       ;0000   ;51       ;5180      ;             ;OC_C5_09_6
  100;OC            ;C6                   ;01                   ;Z-RES;E;6       ;0000   ;51       ;5180      ;             ;OC_C6_01_6
  100;OC            ;C6                   ;02                   ;Z-RES;E;6       ;0000   ;51       ;5180      ;             ;OC_C6_02_6
  100;OC            ;C6                   ;03                   ;Z-RES;E;6       ;0000   ;51       ;5180      ;             ;OC_C6_03_6
  100;OC            ;C6                   ;04                   ;Z-RES;E;6       ;0000   ;51       ;5180      ;             ;OC_C6_04_6
  100;OC            ;C6                   ;05                   ;Z-RES;E;6       ;0000   ;51       ;5180      ;             ;OC_C6_05_6
  100;OC            ;C6                   ;06                   ;Z-RES;E;6       ;0000   ;51       ;5180      ;             ;OC_C6_06_6
  100;OC            ;C6                   ;07                   ;Z-RES;E;6       ;0000   ;51       ;5180      ;             ;OC_C6_07_6
  100;OC            ;C6                   ;08                   ;Z-RES;E;6       ;0000   ;51       ;5180      ;             ;OC_C6_08_6
  100;OC            ;C6                   ;09                   ;Z-RES;E;6       ;0000   ;51       ;5180      ;             ;OC_C6_09_6
  100;OC            ;C7                   ;01                   ;Z-RES;E;6       ;0000   ;51       ;5180      ;             ;OC_C7_01_6
  100;OC            ;C7                   ;02                   ;Z-RES;E;6       ;0000   ;51       ;5180      ;             ;OC_C7_02_6
  100;OC            ;C7                   ;03                   ;Z-RES;E;6       ;0000   ;51       ;5180      ;             ;OC_C7_03_6
  100;OC            ;C7                   ;04                   ;Z-RES;E;6       ;0000   ;51       ;5180      ;             ;OC_C7_04_6
  100;OC            ;C7                   ;05                   ;Z-RES;E;6       ;0000   ;51       ;5180      ;             ;OC_C7_05_6
  100;OC            ;C7                   ;06                   ;Z-RES;E;6       ;0000   ;51       ;5180      ;             ;OC_C7_06_6
  100;OC            ;C7                   ;07                   ;Z-RES;E;6       ;0000   ;51       ;5180      ;             ;OC_C7_07_6
  100;OC            ;C7                   ;08                   ;Z-RES;E;6       ;0000   ;51       ;5180      ;             ;OC_C7_08_6
  100;OC            ;C7                   ;09                   ;Z-RES;E;6       ;0000   ;51       ;5180      ;             ;OC_C7_09_6
  100;OC            ;C8                   ;01                   ;Z-RES;E;6       ;0000   ;51       ;5180      ;             ;OC_C8_01_6
  100;OC            ;C8                   ;02                   ;Z-RES;E;6       ;0000   ;51       ;5180      ;             ;OC_C8_02_6
  100;OC            ;C8                   ;03                   ;Z-RES;E;6       ;0000   ;51       ;5180      ;             ;OC_C8_03_6
  100;OC            ;C8                   ;04                   ;Z-RES;E;6       ;0000   ;51       ;5180      ;             ;OC_C8_04_6
  100;OC            ;C8                   ;05                   ;Z-RES;E;6       ;0000   ;51       ;5180      ;             ;OC_C8_05_6
  100;OC            ;C8                   ;06                   ;Z-RES;E;6       ;0000   ;51       ;5180      ;             ;OC_C8_06_6
  100;OC            ;C8                   ;07                   ;Z-RES;E;6       ;0000   ;51       ;5180      ;             ;OC_C8_07_6
  100;OC            ;C8                   ;08                   ;Z-RES;E;6       ;0000   ;51       ;5180      ;             ;OC_C8_08_6
  100;OC            ;CM                   ;0A                   ;Z-RES;E;5       ;0000   ;51       ;5150      ;             ;OC_CM_0A_5
  100;OC            ;DM                   ;0A                   ;Z-RES;E;5       ;0000   ;51       ;5150      ;             ;OC_DM_0A_5
  100;OC            ;EM                   ;0A                   ;Z-RES;E;5       ;0000   ;51       ;5150      ;             ;OC_EM_0A_5
  100;OL            ;1L                   ;0A                   ;Z-RES;E;5       ;0000   ;51       ;5150      ;             ;OL_1L_0A_5
  100;OP            ;SU                   ;00                   ;Z-RES;E;6       ;0000   ;51       ;5190      ;SCC          ;OP_SU_00_6
  100;OP            ;T1                   ;TR                   ;Z-RES;E;6       ;0000   ;51       ;5190      ;             ;OP_T1_TR_6
  100;OP            ;T2                   ;TR                   ;Z-RES;E;6       ;0000   ;51       ;5190      ;             ;OP_T2_TR_6
  100;OP            ;T3                   ;TR                   ;Z-RES;E;6       ;0000   ;51       ;5190      ;             ;OP_T3_TR_6
  100;OP            ;T4                   ;TR                   ;Z-RES;E;6       ;0000   ;51       ;5190      ;             ;OP_T4_TR_6
  100;OP            ;T5                   ;TR                   ;Z-RES;E;6       ;0000   ;51       ;5190      ;             ;OP_T5_TR_6
  100;OP            ;T6                   ;TR                   ;Z-RES;E;6       ;0000   ;51       ;5190      ;             ;OP_T6_TR_6
  100;OP            ;T7                   ;TR                   ;Z-RES;E;6       ;0000   ;51       ;5190      ;             ;OP_T7_TR_6
  100;OP            ;TR                   ;01                   ;Z-RES;E;6       ;0000   ;51       ;5190      ;TRA          ;OP_TR_01_6
  100;OP            ;TR                   ;02                   ;Z-RES;E;6       ;0000   ;51       ;5190      ;TRA          ;OP_TR_02_6
  100;OP            ;TR                   ;03                   ;Z-RES;E;6       ;0000   ;51       ;5190      ;TRA          ;OP_TR_03_6
  100;OP            ;TR                   ;04                   ;Z-RES;E;6       ;0000   ;51       ;5190      ;TRA          ;OP_TR_04_6
  100;OP            ;TR                   ;05                   ;Z-RES;E;6       ;0000   ;51       ;5190      ;TRA          ;OP_TR_05_6
  100;OP            ;TR                   ;06                   ;Z-RES;E;6       ;0000   ;51       ;5190      ;TRA          ;OP_TR_06_6
  100;OP            ;TR                   ;07                   ;Z-RES;E;6       ;0000   ;51       ;5190      ;TRA          ;OP_TR_07_6
  100;OP            ;TR                   ;08                   ;Z-RES;E;6       ;0000   ;51       ;5190      ;TRA          ;OP_TR_08_6
  100;OP            ;TR                   ;09                   ;Z-RES;E;6       ;0000   ;51       ;5190      ;TRA          ;OP_TR_09_6
  100;OP            ;TR                   ;10                   ;Z-RES;E;6       ;0000   ;51       ;5190      ;TRA          ;OP_TR_10_6
  100;OP            ;TR                   ;11                   ;Z-RES;E;6       ;0000   ;51       ;5190      ;TRA          ;OP_TR_11_6
  100;OP            ;TR                   ;12                   ;Z-RES;E;6       ;0000   ;51       ;5190      ;TRA          ;OP_TR_12_6
  100;OP            ;TR                   ;13                   ;Z-RES;E;6       ;0000   ;51       ;5190      ;TRA          ;OP_TR_13_6
  100;OP            ;TR                   ;14                   ;Z-RES;E;6       ;0000   ;51       ;5190      ;TRA          ;OP_TR_14_6
  100;OP            ;TR                   ;15                   ;Z-RES;E;6       ;0000   ;51       ;5190      ;TRA          ;OP_TR_15_6
  100;OP            ;TR                   ;16                   ;Z-RES;E;6       ;0000   ;51       ;5190      ;TRA          ;OP_TR_16_6
  100;OP            ;TR                   ;17                   ;Z-RES;E;6       ;0000   ;51       ;5190      ;TRA          ;OP_TR_17_6
  100;OP            ;TR                   ;18                   ;Z-RES;E;6       ;0000   ;51       ;5190      ;TRA          ;OP_TR_18_6
  100;OP            ;TR                   ;19                   ;Z-RES;E;6       ;0000   ;51       ;5190      ;TRA          ;OP_TR_19_6
  100;OP            ;TR                   ;20                   ;Z-RES;E;6       ;0000   ;51       ;5190      ;TRA          ;OP_TR_20_6
  100;OP            ;TR                   ;21                   ;Z-RES;E;6       ;0000   ;51       ;5190      ;TRA          ;OP_TR_21_6
  100;OP            ;TR                   ;22                   ;Z-RES;E;6       ;0000   ;51       ;5190      ;TRA          ;OP_TR_22_6
  100;OP            ;TR                   ;23                   ;Z-RES;E;6       ;0000   ;51       ;5190      ;TRA          ;OP_TR_23_6
  100;OP            ;TR                   ;24                   ;Z-RES;E;6       ;0000   ;51       ;5190      ;TRA          ;OP_TR_24_6
  100;P1            ;01                   ;1E                   ;Z-RES;E;5       ;0000   ;51       ;5180      ;             ;P1_01_1E_5
  100;P1            ;01                   ;2E                   ;Z-RES;E;5       ;0000   ;51       ;5180      ;             ;P1_01_2E_5
  100;P1            ;01                   ;3E                   ;Z-RES;E;5       ;0000   ;51       ;5180      ;             ;P1_01_3E_5
  100;P1            ;01                   ;4E                   ;Z-RES;E;5       ;0000   ;51       ;5180      ;             ;P1_01_4E_5
  100;P1            ;01                   ;5E                   ;Z-RES;E;5       ;0000   ;51       ;5180      ;             ;P1_01_5E_5
  100;P1            ;01                   ;6E                   ;Z-RES;E;5       ;0000   ;51       ;5180      ;             ;P1_01_6E_5
  100;P1            ;01                   ;7E                   ;Z-RES;E;5       ;0000   ;51       ;5180      ;             ;P1_01_7E_5
  100;P1            ;01                   ;8E                   ;Z-RES;E;5       ;0000   ;51       ;5180      ;             ;P1_01_8E_5
  100;P1            ;01                   ;9E                   ;Z-RES;E;5       ;0000   ;51       ;5180      ;             ;P1_01_9E_5
  100;P1            ;01                   ;AE                   ;Z-RES;E;5       ;0000   ;51       ;5180      ;             ;P1_01_AE_5
  100;P1            ;01                   ;BE                   ;Z-RES;E;5       ;0000   ;51       ;5180      ;             ;P1_01_BE_5
  100;P1            ;01                   ;CE                   ;Z-RES;E;5       ;0000   ;51       ;5180      ;             ;P1_01_CE_5
  100;P1            ;01                   ;DE                   ;Z-RES;E;5       ;0000   ;51       ;5180      ;             ;P1_01_DE_5
  100;P1            ;01                   ;EE                   ;Z-RES;E;5       ;0000   ;51       ;5180      ;             ;P1_01_EE_5
  100;P1            ;02                   ;1E                   ;Z-RES;E;5       ;0000   ;51       ;5180      ;             ;P1_02_1E_5
  100;P1            ;02                   ;2E                   ;Z-RES;E;5       ;0000   ;51       ;5180      ;             ;P1_02_2E_5
  100;P1            ;02                   ;3E                   ;Z-RES;E;5       ;0000   ;51       ;5180      ;             ;P1_02_3E_5
  100;P1            ;02                   ;4E                   ;Z-RES;E;5       ;0000   ;51       ;5180      ;             ;P1_02_4E_5
  100;P1            ;02                   ;5E                   ;Z-RES;E;5       ;0000   ;51       ;5180      ;             ;P1_02_5E_5
  100;P1            ;02                   ;6E                   ;Z-RES;E;5       ;0000   ;51       ;5180      ;             ;P1_02_6E_5
  100;P1            ;02                   ;7E                   ;Z-RES;E;5       ;0000   ;51       ;5180      ;             ;P1_02_7E_5
  100;P1            ;02                   ;8E                   ;Z-RES;E;5       ;0000   ;51       ;5180      ;             ;P1_02_8E_5
  100;P1            ;02                   ;9E                   ;Z-RES;E;5       ;0000   ;51       ;5180      ;             ;P1_02_9E_5
  100;P1            ;02                   ;AE                   ;Z-RES;E;5       ;0000   ;51       ;5180      ;             ;P1_02_AE_5
  100;P1            ;02                   ;BE                   ;Z-RES;E;5       ;0000   ;51       ;5180      ;             ;P1_02_BE_5
  100;P1            ;02                   ;CE                   ;Z-RES;E;5       ;0000   ;51       ;5180      ;             ;P1_02_CE_5
  100;P1            ;02                   ;DE                   ;Z-RES;E;5       ;0000   ;51       ;5180      ;             ;P1_02_DE_5
  100;P1            ;02                   ;EE                   ;Z-RES;E;5       ;0000   ;51       ;5180      ;             ;P1_02_EE_5
  100;P1            ;03                   ;1E                   ;Z-RES;E;5       ;0000   ;51       ;5180      ;             ;P1_03_1E_5
  100;P1            ;03                   ;2E                   ;Z-RES;E;5       ;0000   ;51       ;5180      ;             ;P1_03_2E_5
  100;P1            ;03                   ;3E                   ;Z-RES;E;5       ;0000   ;51       ;5180      ;             ;P1_03_3E_5
  100;P1            ;03                   ;4E                   ;Z-RES;E;5       ;0000   ;51       ;5180      ;             ;P1_03_4E_5
  100;P1            ;03                   ;5E                   ;Z-RES;E;5       ;0000   ;51       ;5180      ;             ;P1_03_5E_5
  100;P1            ;03                   ;6E                   ;Z-RES;E;5       ;0000   ;51       ;5180      ;             ;P1_03_6E_5
  100;P1            ;03                   ;7E                   ;Z-RES;E;5       ;0000   ;51       ;5180      ;             ;P1_03_7E_5
  100;P1            ;03                   ;8E                   ;Z-RES;E;5       ;0000   ;51       ;5180      ;             ;P1_03_8E_5
  100;P1            ;03                   ;9E                   ;Z-RES;E;5       ;0000   ;51       ;5180      ;             ;P1_03_9E_5
  100;P1            ;03                   ;AE                   ;Z-RES;E;5       ;0000   ;51       ;5180      ;             ;P1_03_AE_5
  100;P1            ;03                   ;BE                   ;Z-RES;E;5       ;0000   ;51       ;5180      ;             ;P1_03_BE_5
  100;P1            ;03                   ;CE                   ;Z-RES;E;5       ;0000   ;51       ;5180      ;             ;P1_03_CE_5
  100;P1            ;03                   ;DE                   ;Z-RES;E;5       ;0000   ;51       ;5180      ;             ;P1_03_DE_5
  100;P1            ;03                   ;EE                   ;Z-RES;E;5       ;0000   ;51       ;5180      ;             ;P1_03_EE_5
  100;P1            ;04                   ;1E                   ;Z-RES;E;5       ;0000   ;51       ;5180      ;             ;P1_04_1E_5
  100;P1            ;04                   ;2E                   ;Z-RES;E;5       ;0000   ;51       ;5180      ;             ;P1_04_2E_5
  100;P1            ;04                   ;3E                   ;Z-RES;E;5       ;0000   ;51       ;5180      ;             ;P1_04_3E_5
  100;P1            ;04                   ;4E                   ;Z-RES;E;5       ;0000   ;51       ;5180      ;             ;P1_04_4E_5
  100;P1            ;04                   ;5E                   ;Z-RES;E;5       ;0000   ;51       ;5180      ;             ;P1_04_5E_5
  100;P1            ;04                   ;6E                   ;Z-RES;E;5       ;0000   ;51       ;5180      ;             ;P1_04_6E_5
  100;P1            ;04                   ;7E                   ;Z-RES;E;5       ;0000   ;51       ;5180      ;             ;P1_04_7E_5
  100;P1            ;04                   ;8E                   ;Z-RES;E;5       ;0000   ;51       ;5180      ;             ;P1_04_8E_5
  100;P1            ;04                   ;9E                   ;Z-RES;E;5       ;0000   ;51       ;5180      ;             ;P1_04_9E_5
  100;P1            ;04                   ;AE                   ;Z-RES;E;5       ;0000   ;51       ;5180      ;             ;P1_04_AE_5
  100;P1            ;04                   ;BE                   ;Z-RES;E;5       ;0000   ;51       ;5180      ;             ;P1_04_BE_5
  100;P1            ;04                   ;CE                   ;Z-RES;E;5       ;0000   ;51       ;5180      ;             ;P1_04_CE_5
  100;P1            ;04                   ;DE                   ;Z-RES;E;5       ;0000   ;51       ;5180      ;             ;P1_04_DE_5
  100;P1            ;04                   ;EE                   ;Z-RES;E;5       ;0000   ;51       ;5180      ;             ;P1_04_EE_5
  100;P1            ;05                   ;1E                   ;Z-RES;E;5       ;0000   ;51       ;5180      ;             ;P1_05_1E_5
  100;P1            ;05                   ;2E                   ;Z-RES;E;5       ;0000   ;51       ;5180      ;             ;P1_05_2E_5
  100;P1            ;05                   ;3E                   ;Z-RES;E;5       ;0000   ;51       ;5180      ;             ;P1_05_3E_5
  100;P1            ;05                   ;4E                   ;Z-RES;E;5       ;0000   ;51       ;5180      ;             ;P1_05_4E_5
  100;P1            ;05                   ;5E                   ;Z-RES;E;5       ;0000   ;51       ;5180      ;             ;P1_05_5E_5
  100;P1            ;05                   ;6E                   ;Z-RES;E;5       ;0000   ;51       ;5180      ;             ;P1_05_6E_5
  100;P1            ;05                   ;7E                   ;Z-RES;E;5       ;0000   ;51       ;5180      ;             ;P1_05_7E_5
  100;P1            ;05                   ;8E                   ;Z-RES;E;5       ;0000   ;51       ;5180      ;             ;P1_05_8E_5
  100;P1            ;05                   ;9E                   ;Z-RES;E;5       ;0000   ;51       ;5180      ;             ;P1_05_9E_5
  100;P1            ;05                   ;AE                   ;Z-RES;E;5       ;0000   ;51       ;5180      ;             ;P1_05_AE_5
  100;P1            ;05                   ;BE                   ;Z-RES;E;5       ;0000   ;51       ;5180      ;             ;P1_05_BE_5
  100;P1            ;05                   ;CE                   ;Z-RES;E;5       ;0000   ;51       ;5180      ;             ;P1_05_CE_5
  100;P1            ;06                   ;1E                   ;Z-RES;E;5       ;0000   ;51       ;5180      ;             ;P1_06_1E_5
  100;P1            ;06                   ;2E                   ;Z-RES;E;5       ;0000   ;51       ;5180      ;             ;P1_06_2E_5
  100;P1            ;06                   ;3E                   ;Z-RES;E;5       ;0000   ;51       ;5180      ;             ;P1_06_3E_5
  100;P1            ;06                   ;4E                   ;Z-RES;E;5       ;0000   ;51       ;5180      ;             ;P1_06_4E_5
  100;P1            ;06                   ;5E                   ;Z-RES;E;5       ;0000   ;51       ;5180      ;             ;P1_06_5E_5
  100;P1            ;06                   ;6E                   ;Z-RES;E;5       ;0000   ;51       ;5180      ;             ;P1_06_6E_5
  100;P1            ;06                   ;7E                   ;Z-RES;E;5       ;0000   ;51       ;5180      ;             ;P1_06_7E_5
  100;P1            ;06                   ;8E                   ;Z-RES;E;5       ;0000   ;51       ;5180      ;             ;P1_06_8E_5
  100;P1            ;06                   ;9E                   ;Z-RES;E;5       ;0000   ;51       ;5180      ;             ;P1_06_9E_5
  100;P1            ;06                   ;AE                   ;Z-RES;E;5       ;0000   ;51       ;5180      ;             ;P1_06_AE_5
  100;P1            ;06                   ;BE                   ;Z-RES;E;5       ;0000   ;51       ;5180      ;             ;P1_06_BE_5
  100;P1            ;06                   ;CE                   ;Z-RES;E;5       ;0000   ;51       ;5180      ;             ;P1_06_CE_5
  100;P1            ;07                   ;1E                   ;Z-RES;E;5       ;0000   ;51       ;5180      ;             ;P1_07_1E_5
  100;P1            ;07                   ;2E                   ;Z-RES;E;5       ;0000   ;51       ;5180      ;             ;P1_07_2E_5
  100;P1            ;07                   ;3E                   ;Z-RES;E;5       ;0000   ;51       ;5180      ;             ;P1_07_3E_5
  100;P1            ;07                   ;4E                   ;Z-RES;E;5       ;0000   ;51       ;5180      ;             ;P1_07_4E_5
  100;P1            ;07                   ;5E                   ;Z-RES;E;5       ;0000   ;51       ;5180      ;             ;P1_07_5E_5
  100;P1            ;07                   ;6E                   ;Z-RES;E;5       ;0000   ;51       ;5180      ;             ;P1_07_6E_5
  100;P1            ;07                   ;7E                   ;Z-RES;E;5       ;0000   ;51       ;5180      ;             ;P1_07_7E_5
  100;P1            ;07                   ;8E                   ;Z-RES;E;5       ;0000   ;51       ;5180      ;             ;P1_07_8E_5
  100;P1            ;07                   ;9E                   ;Z-RES;E;5       ;0000   ;51       ;5180      ;             ;P1_07_9E_5
  100;P1            ;07                   ;AE                   ;Z-RES;E;5       ;0000   ;51       ;5180      ;             ;P1_07_AE_5
  100;P1            ;07                   ;BE                   ;Z-RES;E;5       ;0000   ;51       ;5180      ;             ;P1_07_BE_5
  100;P1            ;07                   ;CE                   ;Z-RES;E;5       ;0000   ;51       ;5180      ;             ;P1_07_CE_5
  100;P1            ;08                   ;1E                   ;Z-RES;E;5       ;0000   ;51       ;5180      ;             ;P1_08_1E_5
  100;P1            ;08                   ;2E                   ;Z-RES;E;5       ;0000   ;51       ;5180      ;             ;P1_08_2E_5
  100;P1            ;08                   ;3E                   ;Z-RES;E;5       ;0000   ;51       ;5180      ;             ;P1_08_3E_5
  100;P1            ;09                   ;1E                   ;Z-RES;E;5       ;0000   ;51       ;5180      ;             ;P1_09_1E_5
  100;P1            ;09                   ;2E                   ;Z-RES;E;5       ;0000   ;51       ;5180      ;             ;P1_09_2E_5
  100;P1            ;09                   ;3E                   ;Z-RES;E;5       ;0000   ;51       ;5180      ;             ;P1_09_3E_5
  100;P1            ;09                   ;4E                   ;Z-RES;E;5       ;0000   ;51       ;5180      ;             ;P1_09_4E_5
  100;P1            ;10                   ;1E                   ;Z-RES;E;5       ;0000   ;51       ;5180      ;             ;P1_10_1E_5
  100;P1            ;10                   ;2E                   ;Z-RES;E;5       ;0000   ;51       ;5180      ;             ;P1_10_2E_5
  100;P1            ;11                   ;1E                   ;Z-RES;E;5       ;0000   ;51       ;5180      ;             ;P1_11_1E_5
  100;P1            ;11                   ;2E                   ;Z-RES;E;5       ;0000   ;51       ;5180      ;             ;P1_11_2E_5
  100;P1            ;12                   ;1E                   ;Z-RES;E;5       ;0000   ;51       ;5180      ;             ;P1_12_1E_5
  100;P1            ;12                   ;2E                   ;Z-RES;E;5       ;0000   ;51       ;5180      ;             ;P1_12_2E_5
  100;P2            ;01                   ;1E                   ;Z-RES;E;5       ;0000   ;51       ;5180      ;             ;P2_01_1E_5
  100;P2            ;01                   ;2E                   ;Z-RES;E;5       ;0000   ;51       ;5180      ;             ;P2_01_2E_5
  100;P2            ;01                   ;3E                   ;Z-RES;E;5       ;0000   ;51       ;5180      ;             ;P2_01_3E_5
  100;P2            ;01                   ;4E                   ;Z-RES;E;5       ;0000   ;51       ;5180      ;             ;P2_01_4E_5
  100;P2            ;01                   ;5E                   ;Z-RES;E;5       ;0000   ;51       ;5180      ;             ;P2_01_5E_5
  100;P2            ;01                   ;6E                   ;Z-RES;E;5       ;0000   ;51       ;5180      ;             ;P2_01_6E_5
  100;P2            ;01                   ;7E                   ;Z-RES;E;5       ;0000   ;51       ;5180      ;             ;P2_01_7E_5
  100;P2            ;01                   ;8E                   ;Z-RES;E;5       ;0000   ;51       ;5180      ;             ;P2_01_8E_5
  100;P2            ;01                   ;9E                   ;Z-RES;E;5       ;0000   ;51       ;5180      ;             ;P2_01_9E_5
  100;P2            ;01                   ;AE                   ;Z-RES;E;5       ;0000   ;51       ;5180      ;             ;P2_01_AE_5
  100;P2            ;01                   ;BE                   ;Z-RES;E;5       ;0000   ;51       ;5180      ;             ;P2_01_BE_5
  100;P2            ;01                   ;CE                   ;Z-RES;E;5       ;0000   ;51       ;5180      ;             ;P2_01_CE_5
  100;P2            ;01                   ;DE                   ;Z-RES;E;5       ;0000   ;51       ;5180      ;             ;P2_01_DE_5
  100;P2            ;01                   ;EE                   ;Z-RES;E;5       ;0000   ;51       ;5180      ;             ;P2_01_EE_5
  100;P2            ;02                   ;1E                   ;Z-RES;E;5       ;0000   ;51       ;5180      ;             ;P2_02_1E_5
  100;P2            ;02                   ;2E                   ;Z-RES;E;5       ;0000   ;51       ;5180      ;             ;P2_02_2E_5
  100;P2            ;02                   ;3E                   ;Z-RES;E;5       ;0000   ;51       ;5180      ;             ;P2_02_3E_5
  100;P2            ;02                   ;4E                   ;Z-RES;E;5       ;0000   ;51       ;5180      ;             ;P2_02_4E_5
  100;P2            ;02                   ;5E                   ;Z-RES;E;5       ;0000   ;51       ;5180      ;             ;P2_02_5E_5
  100;P2            ;02                   ;6E                   ;Z-RES;E;5       ;0000   ;51       ;5180      ;             ;P2_02_6E_5
  100;P2            ;02                   ;7E                   ;Z-RES;E;5       ;0000   ;51       ;5180      ;             ;P2_02_7E_5
  100;P2            ;02                   ;8E                   ;Z-RES;E;5       ;0000   ;51       ;5180      ;             ;P2_02_8E_5
  100;P2            ;02                   ;9E                   ;Z-RES;E;5       ;0000   ;51       ;5180      ;             ;P2_02_9E_5
  100;P2            ;02                   ;AE                   ;Z-RES;E;5       ;0000   ;51       ;5180      ;             ;P2_02_AE_5
  100;P2            ;02                   ;BE                   ;Z-RES;E;5       ;0000   ;51       ;5180      ;             ;P2_02_BE_5
  100;P2            ;02                   ;CE                   ;Z-RES;E;5       ;0000   ;51       ;5180      ;             ;P2_02_CE_5
  100;P2            ;02                   ;DE                   ;Z-RES;E;5       ;0000   ;51       ;5180      ;             ;P2_02_DE_5
  100;P2            ;02                   ;EE                   ;Z-RES;E;5       ;0000   ;51       ;5180      ;             ;P2_02_EE_5
  100;P2            ;03                   ;1E                   ;Z-RES;E;5       ;0000   ;51       ;5180      ;             ;P2_03_1E_5
  100;P2            ;03                   ;2E                   ;Z-RES;E;5       ;0000   ;51       ;5180      ;             ;P2_03_2E_5
  100;P2            ;03                   ;3E                   ;Z-RES;E;5       ;0000   ;51       ;5180      ;             ;P2_03_3E_5
  100;P2            ;03                   ;4E                   ;Z-RES;E;5       ;0000   ;51       ;5180      ;             ;P2_03_4E_5
  100;P2            ;03                   ;5E                   ;Z-RES;E;5       ;0000   ;51       ;5180      ;             ;P2_03_5E_5
  100;P2            ;03                   ;6E                   ;Z-RES;E;5       ;0000   ;51       ;5180      ;             ;P2_03_6E_5
  100;P2            ;03                   ;7E                   ;Z-RES;E;5       ;0000   ;51       ;5180      ;             ;P2_03_7E_5
  100;P2            ;03                   ;8E                   ;Z-RES;E;5       ;0000   ;51       ;5180      ;             ;P2_03_8E_5
  100;P2            ;03                   ;9E                   ;Z-RES;E;5       ;0000   ;51       ;5180      ;             ;P2_03_9E_5
  100;P2            ;03                   ;AE                   ;Z-RES;E;5       ;0000   ;51       ;5180      ;             ;P2_03_AE_5
  100;P2            ;03                   ;BE                   ;Z-RES;E;5       ;0000   ;51       ;5180      ;             ;P2_03_BE_5
  100;P2            ;03                   ;CE                   ;Z-RES;E;5       ;0000   ;51       ;5180      ;             ;P2_03_CE_5
  100;P2            ;03                   ;DE                   ;Z-RES;E;5       ;0000   ;51       ;5180      ;             ;P2_03_DE_5
  100;P2            ;03                   ;EE                   ;Z-RES;E;5       ;0000   ;51       ;5180      ;             ;P2_03_EE_5
  100;P2            ;04                   ;1E                   ;Z-RES;E;5       ;0000   ;51       ;5180      ;             ;P2_04_1E_5
  100;P2            ;04                   ;2E                   ;Z-RES;E;5       ;0000   ;51       ;5180      ;             ;P2_04_2E_5
  100;P2            ;04                   ;3E                   ;Z-RES;E;5       ;0000   ;51       ;5180      ;             ;P2_04_3E_5
  100;P2            ;04                   ;4E                   ;Z-RES;E;5       ;0000   ;51       ;5180      ;             ;P2_04_4E_5
  100;P2            ;04                   ;5E                   ;Z-RES;E;5       ;0000   ;51       ;5180      ;             ;P2_04_5E_5
  100;P2            ;04                   ;6E                   ;Z-RES;E;5       ;0000   ;51       ;5180      ;             ;P2_04_6E_5
  100;P2            ;04                   ;7E                   ;Z-RES;E;5       ;0000   ;51       ;5180      ;             ;P2_04_7E_5
  100;P2            ;04                   ;8E                   ;Z-RES;E;5       ;0000   ;51       ;5180      ;             ;P2_04_8E_5
  100;P2            ;04                   ;9E                   ;Z-RES;E;5       ;0000   ;51       ;5180      ;             ;P2_04_9E_5
  100;P2            ;04                   ;AE                   ;Z-RES;E;5       ;0000   ;51       ;5180      ;             ;P2_04_AE_5
  100;P2            ;04                   ;BE                   ;Z-RES;E;5       ;0000   ;51       ;5180      ;             ;P2_04_BE_5
  100;P2            ;04                   ;DE                   ;Z-RES;E;5       ;0000   ;51       ;5180      ;             ;P2_04_DE_5
  100;P2            ;04                   ;EE                   ;Z-RES;E;5       ;0000   ;51       ;5180      ;             ;P2_04_EE_5
  100;P2            ;05                   ;1E                   ;Z-RES;E;5       ;0000   ;51       ;5180      ;             ;P2_05_1E_5
  100;P2            ;05                   ;2E                   ;Z-RES;E;5       ;0000   ;51       ;5180      ;             ;P2_05_2E_5
  100;P2            ;05                   ;3E                   ;Z-RES;E;5       ;0000   ;51       ;5180      ;             ;P2_05_3E_5
  100;P2            ;05                   ;4E                   ;Z-RES;E;5       ;0000   ;51       ;5180      ;             ;P2_05_4E_5
  100;P2            ;05                   ;5E                   ;Z-RES;E;5       ;0000   ;51       ;5180      ;             ;P2_05_5E_5
  100;P2            ;05                   ;6E                   ;Z-RES;E;5       ;0000   ;51       ;5180      ;             ;P2_05_6E_5
  100;P2            ;05                   ;7E                   ;Z-RES;E;5       ;0000   ;51       ;5180      ;             ;P2_05_7E_5
  100;P2            ;05                   ;8E                   ;Z-RES;E;5       ;0000   ;51       ;5180      ;             ;P2_05_8E_5
  100;P2            ;05                   ;9E                   ;Z-RES;E;5       ;0000   ;51       ;5180      ;             ;P2_05_9E_5
  100;P2            ;06                   ;1E                   ;Z-RES;E;5       ;0000   ;51       ;5180      ;             ;P2_06_1E_5
  100;P2            ;06                   ;2E                   ;Z-RES;E;5       ;0000   ;51       ;5180      ;             ;P2_06_2E_5
  100;P2            ;06                   ;3E                   ;Z-RES;E;5       ;0000   ;51       ;5180      ;             ;P2_06_3E_5
  100;P2            ;06                   ;4E                   ;Z-RES;E;5       ;0000   ;51       ;5180      ;             ;P2_06_4E_5
  100;P2            ;06                   ;5E                   ;Z-RES;E;5       ;0000   ;51       ;5180      ;             ;P2_06_5E_5
  100;P2            ;06                   ;6E                   ;Z-RES;E;5       ;0000   ;51       ;5180      ;             ;P2_06_6E_5
  100;P2            ;06                   ;7E                   ;Z-RES;E;5       ;0000   ;51       ;5180      ;             ;P2_06_7E_5
  100;P2            ;06                   ;8E                   ;Z-RES;E;5       ;0000   ;51       ;5180      ;             ;P2_06_8E_5
  100;P2            ;06                   ;9E                   ;Z-RES;E;5       ;0000   ;51       ;5180      ;             ;P2_06_9E_5
  100;P2            ;07                   ;1E                   ;Z-RES;E;5       ;0000   ;51       ;5180      ;             ;P2_07_1E_5
  100;P2            ;07                   ;2E                   ;Z-RES;E;5       ;0000   ;51       ;5180      ;             ;P2_07_2E_5
  100;P2            ;07                   ;3E                   ;Z-RES;E;5       ;0000   ;51       ;5180      ;             ;P2_07_3E_5
  100;P2            ;07                   ;4E                   ;Z-RES;E;5       ;0000   ;51       ;5180      ;             ;P2_07_4E_5
  100;P2            ;07                   ;5E                   ;Z-RES;E;5       ;0000   ;51       ;5180      ;             ;P2_07_5E_5
  100;P2            ;07                   ;6E                   ;Z-RES;E;5       ;0000   ;51       ;5180      ;             ;P2_07_6E_5
  100;P2            ;08                   ;1E                   ;Z-RES;E;5       ;0000   ;51       ;5180      ;             ;P2_08_1E_5
  100;P2            ;08                   ;2E                   ;Z-RES;E;5       ;0000   ;51       ;5180      ;             ;P2_08_2E_5
  100;P2            ;09                   ;1E                   ;Z-RES;E;5       ;0000   ;51       ;5180      ;             ;P2_09_1E_5
  100;P2            ;09                   ;2E                   ;Z-RES;E;5       ;0000   ;51       ;5180      ;             ;P2_09_2E_5
  100;P2            ;10                   ;1E                   ;Z-RES;E;5       ;0000   ;51       ;5180      ;             ;P2_10_1E_5
  100;P2            ;10                   ;2E                   ;Z-RES;E;5       ;0000   ;51       ;5180      ;             ;P2_10_2E_5
  100;P2            ;11                   ;1E                   ;Z-RES;E;5       ;0000   ;51       ;5180      ;             ;P2_11_1E_5
  100;P2            ;11                   ;2E                   ;Z-RES;E;5       ;0000   ;51       ;5180      ;             ;P2_11_2E_5
  100;P2            ;12                   ;1E                   ;Z-RES;E;5       ;0000   ;51       ;5180      ;             ;P2_12_1E_5
  100;P2            ;12                   ;2E                   ;Z-RES;E;5       ;0000   ;51       ;5180      ;             ;P2_12_2E_5
  100;P3            ;01                   ;1E                   ;Z-RES;E;5       ;0000   ;51       ;5180      ;             ;P3_01_1E_5
  100;P3            ;01                   ;2E                   ;Z-RES;E;5       ;0000   ;51       ;5180      ;             ;P3_01_2E_5
  100;P3            ;01                   ;3E                   ;Z-RES;E;5       ;0000   ;51       ;5180      ;             ;P3_01_3E_5
  100;P3            ;01                   ;4E                   ;Z-RES;E;5       ;0000   ;51       ;5180      ;             ;P3_01_4E_5
  100;P3            ;01                   ;5E                   ;Z-RES;E;5       ;0000   ;51       ;5180      ;             ;P3_01_5E_5
  100;P3            ;01                   ;6E                   ;Z-RES;E;5       ;0000   ;51       ;5180      ;             ;P3_01_6E_5
  100;P3            ;02                   ;1E                   ;Z-RES;E;5       ;0000   ;51       ;5180      ;             ;P3_02_1E_5
  100;P3            ;02                   ;2E                   ;Z-RES;E;5       ;0000   ;51       ;5180      ;             ;P3_02_2E_5
  100;P3            ;02                   ;3E                   ;Z-RES;E;5       ;0000   ;51       ;5180      ;             ;P3_02_3E_5
  100;P3            ;02                   ;4E                   ;Z-RES;E;5       ;0000   ;51       ;5180      ;             ;P3_02_4E_5
  100;P3            ;02                   ;5E                   ;Z-RES;E;5       ;0000   ;51       ;5180      ;             ;P3_02_5E_5
  100;P3            ;02                   ;6E                   ;Z-RES;E;5       ;0000   ;51       ;5180      ;             ;P3_02_6E_5
  100;P3            ;03                   ;1E                   ;Z-RES;E;5       ;0000   ;51       ;5180      ;             ;P3_03_1E_5
  100;P3            ;03                   ;2E                   ;Z-RES;E;5       ;0000   ;51       ;5180      ;             ;P3_03_2E_5
  100;P3            ;03                   ;3E                   ;Z-RES;E;5       ;0000   ;51       ;5180      ;             ;P3_03_3E_5
  100;P3            ;03                   ;4E                   ;Z-RES;E;5       ;0000   ;51       ;5180      ;             ;P3_03_4E_5
  100;P3            ;03                   ;5E                   ;Z-RES;E;5       ;0000   ;51       ;5180      ;             ;P3_03_5E_5
  100;P3            ;03                   ;6E                   ;Z-RES;E;5       ;0000   ;51       ;5180      ;             ;P3_03_6E_5
  100;P3            ;04                   ;1E                   ;Z-RES;E;5       ;0000   ;51       ;5180      ;             ;P3_04_1E_5
  100;P3            ;04                   ;2E                   ;Z-RES;E;5       ;0000   ;51       ;5180      ;             ;P3_04_2E_5
  100;P3            ;04                   ;3E                   ;Z-RES;E;5       ;0000   ;51       ;5180      ;             ;P3_04_3E_5
  100;P3            ;04                   ;4E                   ;Z-RES;E;5       ;0000   ;51       ;5180      ;             ;P3_04_4E_5
  100;P3            ;04                   ;5E                   ;Z-RES;E;5       ;0000   ;51       ;5180      ;             ;P3_04_5E_5
  100;P3            ;04                   ;6E                   ;Z-RES;E;5       ;0000   ;51       ;5180      ;             ;P3_04_6E_5
  100;P3            ;05                   ;1E                   ;Z-RES;E;5       ;0000   ;51       ;5180      ;             ;P3_05_1E_5
  100;P3            ;05                   ;2E                   ;Z-RES;E;5       ;0000   ;51       ;5180      ;             ;P3_05_2E_5
  100;P3            ;05                   ;3E                   ;Z-RES;E;5       ;0000   ;51       ;5180      ;             ;P3_05_3E_5
  100;P3            ;05                   ;4E                   ;Z-RES;E;5       ;0000   ;51       ;5180      ;             ;P3_05_4E_5
  100;P3            ;05                   ;5E                   ;Z-RES;E;5       ;0000   ;51       ;5180      ;             ;P3_05_5E_5
  100;P3            ;05                   ;6E                   ;Z-RES;E;5       ;0000   ;51       ;5180      ;             ;P3_05_6E_5
  100;P3            ;06                   ;1E                   ;Z-RES;E;5       ;0000   ;51       ;5180      ;             ;P3_06_1E_5
  100;P3            ;06                   ;2E                   ;Z-RES;E;5       ;0000   ;51       ;5180      ;             ;P3_06_2E_5
  100;P3            ;06                   ;3E                   ;Z-RES;E;5       ;0000   ;51       ;5180      ;             ;P3_06_3E_5
  100;P3            ;06                   ;4E                   ;Z-RES;E;5       ;0000   ;51       ;5180      ;             ;P3_06_4E_5
  100;P3            ;06                   ;5E                   ;Z-RES;E;5       ;0000   ;51       ;5180      ;             ;P3_06_5E_5
  100;P3            ;06                   ;6E                   ;Z-RES;E;5       ;0000   ;51       ;5180      ;             ;P3_06_6E_5
  100;P3            ;07                   ;1E                   ;Z-RES;E;5       ;0000   ;51       ;5180      ;             ;P3_07_1E_5
  100;P3            ;07                   ;2E                   ;Z-RES;E;5       ;0000   ;51       ;5180      ;             ;P3_07_2E_5
  100;P3            ;07                   ;3E                   ;Z-RES;E;5       ;0000   ;51       ;5180      ;             ;P3_07_3E_5
  100;P3            ;07                   ;4E                   ;Z-RES;E;5       ;0000   ;51       ;5180      ;             ;P3_07_4E_5
  100;P3            ;07                   ;5E                   ;Z-RES;E;5       ;0000   ;51       ;5180      ;             ;P3_07_5E_5
  100;P3            ;07                   ;6E                   ;Z-RES;E;5       ;0000   ;51       ;5180      ;             ;P3_07_6E_5
  100;P4            ;01                   ;1E                   ;Z-RES;E;5       ;0000   ;51       ;5180      ;             ;P4_01_1E_5
  100;P4            ;01                   ;2E                   ;Z-RES;E;5       ;0000   ;51       ;5180      ;             ;P4_01_2E_5
  100;P4            ;01                   ;3E                   ;Z-RES;E;5       ;0000   ;51       ;5180      ;             ;P4_01_3E_5
  100;P4            ;01                   ;4E                   ;Z-RES;E;5       ;0000   ;51       ;5180      ;             ;P4_01_4E_5
  100;P4            ;01                   ;5E                   ;Z-RES;E;5       ;0000   ;51       ;5180      ;             ;P4_01_5E_5
  100;P4            ;01                   ;6E                   ;Z-RES;E;5       ;0000   ;51       ;5180      ;             ;P4_01_6E_5
  100;P4            ;02                   ;1E                   ;Z-RES;E;5       ;0000   ;51       ;5180      ;             ;P4_02_1E_5
  100;P4            ;02                   ;2E                   ;Z-RES;E;5       ;0000   ;51       ;5180      ;             ;P4_02_2E_5
  100;P4            ;02                   ;3E                   ;Z-RES;E;5       ;0000   ;51       ;5180      ;             ;P4_02_3E_5
  100;P4            ;02                   ;4E                   ;Z-RES;E;5       ;0000   ;51       ;5180      ;             ;P4_02_4E_5
  100;P4            ;02                   ;5E                   ;Z-RES;E;5       ;0000   ;51       ;5180      ;             ;P4_02_5E_5
  100;P4            ;02                   ;6E                   ;Z-RES;E;5       ;0000   ;51       ;5180      ;             ;P4_02_6E_5
  100;P4            ;03                   ;1E                   ;Z-RES;E;5       ;0000   ;51       ;5180      ;             ;P4_03_1E_5
  100;P4            ;03                   ;2E                   ;Z-RES;E;5       ;0000   ;51       ;5180      ;             ;P4_03_2E_5
  100;P4            ;03                   ;3E                   ;Z-RES;E;5       ;0000   ;51       ;5180      ;             ;P4_03_3E_5
  100;P4            ;03                   ;4E                   ;Z-RES;E;5       ;0000   ;51       ;5180      ;             ;P4_03_4E_5
  100;P4            ;03                   ;5E                   ;Z-RES;E;5       ;0000   ;51       ;5180      ;             ;P4_03_5E_5
  100;P4            ;03                   ;6E                   ;Z-RES;E;5       ;0000   ;51       ;5180      ;             ;P4_03_6E_5
  100;P4            ;04                   ;1E                   ;Z-RES;E;5       ;0000   ;51       ;5180      ;             ;P4_04_1E_5
  100;P4            ;04                   ;2E                   ;Z-RES;E;5       ;0000   ;51       ;5180      ;             ;P4_04_2E_5
  100;P4            ;04                   ;3E                   ;Z-RES;E;5       ;0000   ;51       ;5180      ;             ;P4_04_3E_5
  100;P4            ;04                   ;4E                   ;Z-RES;E;5       ;0000   ;51       ;5180      ;             ;P4_04_4E_5
  100;P4            ;04                   ;5E                   ;Z-RES;E;5       ;0000   ;51       ;5180      ;             ;P4_04_5E_5
  100;P4            ;04                   ;6E                   ;Z-RES;E;5       ;0000   ;51       ;5180      ;             ;P4_04_6E_5
  100;P4            ;05                   ;1E                   ;Z-RES;E;5       ;0000   ;51       ;5180      ;             ;P4_05_1E_5
  100;P4            ;05                   ;2E                   ;Z-RES;E;5       ;0000   ;51       ;5180      ;             ;P4_05_2E_5
  100;P4            ;05                   ;3E                   ;Z-RES;E;5       ;0000   ;51       ;5180      ;             ;P4_05_3E_5
  100;P4            ;05                   ;4E                   ;Z-RES;E;5       ;0000   ;51       ;5180      ;             ;P4_05_4E_5
  100;P4            ;05                   ;5E                   ;Z-RES;E;5       ;0000   ;51       ;5180      ;             ;P4_05_5E_5
  100;P4            ;05                   ;6E                   ;Z-RES;E;5       ;0000   ;51       ;5180      ;             ;P4_05_6E_5
  100;P4            ;06                   ;1E                   ;Z-RES;E;5       ;0000   ;51       ;5180      ;             ;P4_06_1E_5
  100;P4            ;06                   ;2E                   ;Z-RES;E;5       ;0000   ;51       ;5180      ;             ;P4_06_2E_5
  100;P4            ;06                   ;3E                   ;Z-RES;E;5       ;0000   ;51       ;5180      ;             ;P4_06_3E_5
  100;P4            ;06                   ;4E                   ;Z-RES;E;5       ;0000   ;51       ;5180      ;             ;P4_06_4E_5
  100;P4            ;06                   ;5E                   ;Z-RES;E;5       ;0000   ;51       ;5180      ;             ;P4_06_5E_5
  100;P4            ;06                   ;6E                   ;Z-RES;E;5       ;0000   ;51       ;5180      ;             ;P4_06_6E_5
  100;P4            ;07                   ;1E                   ;Z-RES;E;5       ;0000   ;51       ;5180      ;             ;P4_07_1E_5
  100;P4            ;07                   ;2E                   ;Z-RES;E;5       ;0000   ;51       ;5180      ;             ;P4_07_2E_5
  100;P4            ;07                   ;3E                   ;Z-RES;E;5       ;0000   ;51       ;5180      ;             ;P4_07_3E_5
  100;P4            ;07                   ;4E                   ;Z-RES;E;5       ;0000   ;51       ;5180      ;             ;P4_07_4E_5
  100;P4            ;07                   ;5E                   ;Z-RES;E;5       ;0000   ;51       ;5180      ;             ;P4_07_5E_5
  100;P4            ;07                   ;6E                   ;Z-RES;E;5       ;0000   ;51       ;5180      ;             ;P4_07_6E_5
  100;P5            ;01                   ;1E                   ;Z-RES;E;5       ;0000   ;51       ;5180      ;             ;P5_01_1E_5
  100;P5            ;01                   ;2E                   ;Z-RES;E;5       ;0000   ;51       ;5180      ;             ;P5_01_2E_5
  100;P5            ;01                   ;3E                   ;Z-RES;E;5       ;0000   ;51       ;5180      ;             ;P5_01_3E_5
  100;P6            ;01                   ;1E                   ;Z-RES;E;5       ;0000   ;51       ;5180      ;             ;P6_01_1E_5
  100;P6            ;01                   ;2E                   ;Z-RES;E;5       ;0000   ;51       ;5180      ;             ;P6_01_2E_5
  100;P6            ;01                   ;3E                   ;Z-RES;E;5       ;0000   ;51       ;5180      ;             ;P6_01_3E_5
  100;P7            ;01                   ;1E                   ;Z-RES;E;5       ;0000   ;51       ;5180      ;             ;P7_01_1E_5
  100;P7            ;01                   ;2E                   ;Z-RES;E;5       ;0000   ;51       ;5180      ;             ;P7_01_2E_5
  100;P7            ;01                   ;3E                   ;Z-RES;E;5       ;0000   ;51       ;5180      ;             ;P7_01_3E_5
  100;P8            ;01                   ;1E                   ;Z-RES;E;5       ;0000   ;51       ;5180      ;             ;P8_01_1E_5
  100;P8            ;01                   ;2E                   ;Z-RES;E;5       ;0000   ;51       ;5180      ;             ;P8_01_2E_5
  100;P9            ;01                   ;1E                   ;Z-RES;E;5       ;0000   ;51       ;5180      ;             ;P9_01_1E_5
  100;PA            ;01                   ;1E                   ;Z-RES;E;5       ;0000   ;51       ;5180      ;             ;PA_01_1E_5
  100;PB            ;01                   ;1E                   ;Z-RES;E;5       ;0000   ;51       ;5180      ;             ;PB_01_1E_5
  100;PB            ;02                   ;1E                   ;Z-RES;E;5       ;0000   ;51       ;5180      ;             ;PB_02_1E_5
  100;PC            ;01                   ;0E                   ;Z-RES;E;5       ;0000   ;51       ;5190      ;PCS          ;PC_01_0E_5
  100;PC            ;01                   ;1E                   ;Z-RES;E;5       ;0000   ;51       ;5180      ;             ;PC_01_1E_5
  100;PC            ;02                   ;0E                   ;Z-RES;E;5       ;0000   ;51       ;5190      ;PCS          ;PC_02_0E_5
  100;PC            ;02                   ;1E                   ;Z-RES;E;5       ;0000   ;51       ;5180      ;             ;PC_02_1E_5
  100;PC            ;03                   ;0E                   ;Z-RES;E;5       ;0000   ;51       ;5190      ;PCS          ;PC_03_0E_5
  100;PC            ;04                   ;0E                   ;Z-RES;E;5       ;0000   ;51       ;5190      ;PCS          ;PC_04_0E_5
  100;PC            ;05                   ;0E                   ;Z-RES;E;5       ;0000   ;51       ;5190      ;PCS          ;PC_05_0E_5
  100;PC            ;06                   ;0E                   ;Z-RES;E;5       ;0000   ;51       ;5190      ;PCS          ;PC_06_0E_5
  100;PC            ;07                   ;0E                   ;Z-RES;E;5       ;0000   ;51       ;5190      ;PCS          ;PC_07_0E_5
  100;PC            ;08                   ;0E                   ;Z-RES;E;5       ;0000   ;51       ;5190      ;PCS          ;PC_08_0E_5
  100;PC            ;09                   ;0E                   ;Z-RES;E;5       ;0000   ;51       ;5190      ;PCS          ;PC_09_0E_5
  100;PC            ;10                   ;0E                   ;Z-RES;E;5       ;0000   ;51       ;5190      ;PCS          ;PC_10_0E_5
  100;PC            ;11                   ;0E                   ;Z-RES;E;5       ;0000   ;51       ;5190      ;PCS          ;PC_11_0E_5
  100;PC            ;12                   ;0E                   ;Z-RES;E;5       ;0000   ;51       ;5190      ;PCS          ;PC_12_0E_5
  100;PC            ;13                   ;0E                   ;Z-RES;E;5       ;0000   ;51       ;5190      ;PCS          ;PC_13_0E_5
  100;PC            ;14                   ;0E                   ;Z-RES;E;5       ;0000   ;51       ;5190      ;PCS          ;PC_14_0E_5
  100;PC            ;15                   ;0E                   ;Z-RES;E;5       ;0000   ;51       ;5190      ;PCS          ;PC_15_0E_5
  100;PC            ;16                   ;0E                   ;Z-RES;E;5       ;0000   ;51       ;5190      ;PCS          ;PC_16_0E_5
  100;PC            ;17                   ;0E                   ;Z-RES;E;5       ;0000   ;51       ;5190      ;PCS          ;PC_17_0E_5
  100;PC            ;18                   ;0E                   ;Z-RES;E;5       ;0000   ;51       ;5190      ;PCS          ;PC_18_0E_5
  100;PC            ;19                   ;0E                   ;Z-RES;E;5       ;0000   ;51       ;5190      ;PCS          ;PC_19_0E_5
  100;PC            ;20                   ;0E                   ;Z-RES;E;5       ;0000   ;51       ;5190      ;PCS          ;PC_20_0E_5
  100;PC            ;21                   ;0E                   ;Z-RES;E;5       ;0000   ;51       ;5190      ;PCS          ;PC_21_0E_5
  100;PC            ;22                   ;0E                   ;Z-RES;E;5       ;0000   ;51       ;5190      ;PCS          ;PC_22_0E_5
  100;PC            ;23                   ;0E                   ;Z-RES;E;5       ;0000   ;51       ;5190      ;PCS          ;PC_23_0E_5
  100;PC            ;24                   ;0E                   ;Z-RES;E;5       ;0000   ;51       ;5190      ;PCS          ;PC_24_0E_5
  100;PC            ;25                   ;0E                   ;Z-RES;E;5       ;0000   ;51       ;5190      ;PCS          ;PC_25_0E_5
  100;PC            ;26                   ;0E                   ;Z-RES;E;5       ;0000   ;51       ;5190      ;PCS          ;PC_26_0E_5
  100;PC            ;27                   ;0E                   ;Z-RES;E;5       ;0000   ;51       ;5190      ;PCS          ;PC_27_0E_5
  100;PC            ;28                   ;0E                   ;Z-RES;E;5       ;0000   ;51       ;5190      ;PCS          ;PC_28_0E_5
  100;PC            ;29                   ;0E                   ;Z-RES;E;5       ;0000   ;51       ;5190      ;PCS          ;PC_29_0E_5
  100;PC            ;30                   ;0E                   ;Z-RES;E;5       ;0000   ;51       ;5190      ;PCS          ;PC_30_0E_5
  100;PC            ;31                   ;0E                   ;Z-RES;E;5       ;0000   ;51       ;5190      ;PCS          ;PC_31_0E_5
  100;PC            ;32                   ;0E                   ;Z-RES;E;5       ;0000   ;51       ;5190      ;PCS          ;PC_32_0E_5
  100;PC            ;33                   ;0E                   ;Z-RES;E;5       ;0000   ;51       ;5190      ;PCS          ;PC_33_0E_5
  100;PC            ;34                   ;0E                   ;Z-RES;E;5       ;0000   ;51       ;5190      ;PCS          ;PC_34_0E_5
  100;PC            ;35                   ;0E                   ;Z-RES;E;5       ;0000   ;51       ;5190      ;PCS          ;PC_35_0E_5
  100;PC            ;36                   ;0E                   ;Z-RES;E;5       ;0000   ;51       ;5190      ;PCS          ;PC_36_0E_5
  100;PC            ;37                   ;0E                   ;Z-RES;E;5       ;0000   ;51       ;5190      ;PCS          ;PC_37_0E_5
  100;PC            ;38                   ;0E                   ;Z-RES;E;5       ;0000   ;51       ;5190      ;PCS          ;PC_38_0E_5
  100;PC            ;39                   ;0E                   ;Z-RES;E;5       ;0000   ;51       ;5190      ;PCS          ;PC_39_0E_5
  100;PC            ;40                   ;0E                   ;Z-RES;E;5       ;0000   ;51       ;5190      ;PCS          ;PC_40_0E_5
  100;PC            ;41                   ;0E                   ;Z-RES;E;5       ;0000   ;51       ;5190      ;PCS          ;PC_41_0E_5
  100;PC            ;42                   ;0E                   ;Z-RES;E;5       ;0000   ;51       ;5190      ;PCS          ;PC_42_0E_5
  100;PD            ;01                   ;1E                   ;Z-RES;E;5       ;0000   ;51       ;5180      ;             ;PD_01_1E_5
  100;PD            ;03                   ;2E                   ;Z-RES;E;5       ;0000   ;51       ;5180      ;             ;PD_03_2E_5
  100;PE            ;01                   ;1E                   ;Z-RES;E;5       ;0000   ;51       ;5180      ;             ;PE_01_1E_5
  100;PE            ;03                   ;2E                   ;Z-RES;E;5       ;0000   ;51       ;5180      ;             ;PE_03_2E_5
  100;PF            ;01                   ;1E                   ;Z-RES;E;5       ;0000   ;51       ;5180      ;             ;PF_01_1E_5
  100;PF            ;04                   ;2E                   ;Z-RES;E;5       ;0000   ;51       ;5180      ;             ;PF_04_2E_5
  100;PG            ;01                   ;1E                   ;Z-RES;E;5       ;0000   ;51       ;5180      ;             ;PG_01_1E_5
  100;PG            ;04                   ;2E                   ;Z-RES;E;5       ;0000   ;51       ;5180      ;             ;PG_04_2E_5
  100;PH            ;01                   ;1E                   ;Z-RES;E;5       ;0000   ;51       ;5180      ;             ;PH_01_1E_5
  100;PH            ;05                   ;2E                   ;Z-RES;E;5       ;0000   ;51       ;5180      ;             ;PH_05_2E_5
  100;PI            ;01                   ;1E                   ;Z-RES;E;5       ;0000   ;51       ;5180      ;             ;PI_01_1E_5
  100;PI            ;05                   ;2E                   ;Z-RES;E;5       ;0000   ;51       ;5180      ;             ;PI_05_2E_5
  100;PJ            ;01                   ;1E                   ;Z-RES;E;5       ;0000   ;51       ;5180      ;             ;PJ_01_1E_5
  100;PJ            ;06                   ;2E                   ;Z-RES;E;5       ;0000   ;51       ;5180      ;             ;PJ_06_2E_5
  100;PK            ;01                   ;1E                   ;Z-RES;E;5       ;0000   ;51       ;5180      ;             ;PK_01_1E_5
  100;PK            ;06                   ;2E                   ;Z-RES;E;5       ;0000   ;51       ;5180      ;             ;PK_06_2E_5
  100;PL            ;00                   ;01                   ;Z-RES;E;6       ;0000   ;51       ;5150      ;             ;PL_00_01_6
  100;PL            ;00                   ;02                   ;Z-RES;E;6       ;0000   ;51       ;5150      ;             ;PL_00_02_6
  100;PL            ;00                   ;03                   ;Z-RES;E;6       ;0000   ;51       ;5150      ;             ;PL_00_03_6
  100;PL            ;00                   ;04                   ;Z-RES;E;6       ;0000   ;51       ;5150      ;             ;PL_00_04_6
  100;PL            ;00                   ;05                   ;Z-RES;E;6       ;0000   ;51       ;5150      ;             ;PL_00_05_6
  100;PL            ;00                   ;06                   ;Z-RES;E;6       ;0000   ;51       ;5150      ;             ;PL_00_06_6
  100;PL            ;00                   ;07                   ;Z-RES;E;6       ;0000   ;51       ;5150      ;             ;PL_00_07_6
  100;PL            ;00                   ;08                   ;Z-RES;E;6       ;0000   ;51       ;5150      ;             ;PL_00_08_6
  100;PL            ;00                   ;09                   ;Z-RES;E;6       ;0000   ;51       ;5150      ;             ;PL_00_09_6
  100;PL            ;01                   ;1E                   ;Z-RES;E;5       ;0000   ;51       ;5180      ;             ;PL_01_1E_5
  100;PL            ;07                   ;3E                   ;Z-RES;E;5       ;0000   ;51       ;5180      ;             ;PL_07_3E_5
  100;PL            ;C1                   ;01                   ;Z-RES;E;6       ;0000   ;51       ;5180      ;             ;PL_C1_01_6
  100;PL            ;C1                   ;02                   ;Z-RES;E;6       ;0000   ;51       ;5180      ;             ;PL_C1_02_6
  100;PL            ;C1                   ;03                   ;Z-RES;E;6       ;0000   ;51       ;5180      ;             ;PL_C1_03_6
  100;PL            ;C1                   ;04                   ;Z-RES;E;6       ;0000   ;51       ;5180      ;             ;PL_C1_04_6
  100;PL            ;C1                   ;05                   ;Z-RES;E;6       ;0000   ;51       ;5180      ;             ;PL_C1_05_6
  100;PL            ;C1                   ;06                   ;Z-RES;E;6       ;0000   ;51       ;5180      ;             ;PL_C1_06_6
  100;PL            ;C1                   ;07                   ;Z-RES;E;6       ;0000   ;51       ;5180      ;             ;PL_C1_07_6
  100;PL            ;C1                   ;08                   ;Z-RES;E;6       ;0000   ;51       ;5180      ;             ;PL_C1_08_6
  100;PL            ;C1                   ;09                   ;Z-RES;E;6       ;0000   ;51       ;5150      ;             ;PL_C1_09_6
  100;PL            ;C1                   ;10                   ;Z-RES;E;6       ;0000   ;51       ;5180      ;             ;PL_C1_10_6
  100;PL            ;C1                   ;11                   ;Z-RES;E;6       ;0000   ;51       ;5180      ;             ;PL_C1_11_6
  100;PL            ;C1                   ;12                   ;Z-RES;E;6       ;0000   ;51       ;5180      ;             ;PL_C1_12_6
  100;PL            ;C2                   ;01                   ;Z-RES;E;6       ;0000   ;51       ;5180      ;             ;PL_C2_01_6
  100;PL            ;C2                   ;02                   ;Z-RES;E;6       ;0000   ;51       ;5180      ;             ;PL_C2_02_6
  100;PL            ;C2                   ;03                   ;Z-RES;E;6       ;0000   ;51       ;5180      ;             ;PL_C2_03_6
  100;PL            ;C2                   ;04                   ;Z-RES;E;6       ;0000   ;51       ;5180      ;             ;PL_C2_04_6
  100;PL            ;C2                   ;05                   ;Z-RES;E;6       ;0000   ;51       ;5180      ;             ;PL_C2_05_6
  100;PL            ;C2                   ;06                   ;Z-RES;E;6       ;0000   ;51       ;5180      ;             ;PL_C2_06_6
  100;PL            ;C2                   ;07                   ;Z-RES;E;6       ;0000   ;51       ;5180      ;             ;PL_C2_07_6
  100;PL            ;C2                   ;08                   ;Z-RES;E;6       ;0000   ;51       ;5180      ;             ;PL_C2_08_6
  100;PL            ;C2                   ;09                   ;Z-RES;E;6       ;0000   ;51       ;5150      ;             ;PL_C2_09_6
  100;PL            ;C3                   ;01                   ;Z-RES;E;6       ;0000   ;51       ;5180      ;             ;PL_C3_01_6
  100;PL            ;C3                   ;02                   ;Z-RES;E;6       ;0000   ;51       ;5180      ;             ;PL_C3_02_6
  100;PL            ;C3                   ;03                   ;Z-RES;E;6       ;0000   ;51       ;5180      ;             ;PL_C3_03_6
  100;PL            ;C3                   ;04                   ;Z-RES;E;6       ;0000   ;51       ;5180      ;             ;PL_C3_04_6
  100;PL            ;C3                   ;05                   ;Z-RES;E;6       ;0000   ;51       ;5180      ;             ;PL_C3_05_6
  100;PL            ;C3                   ;06                   ;Z-RES;E;6       ;0000   ;51       ;5180      ;             ;PL_C3_06_6
  100;PL            ;C3                   ;07                   ;Z-RES;E;6       ;0000   ;51       ;5180      ;             ;PL_C3_07_6
  100;PL            ;C3                   ;09                   ;Z-RES;E;6       ;0000   ;51       ;5150      ;             ;PL_C3_09_6
  100;PL            ;C4                   ;01                   ;Z-RES;E;6       ;0000   ;51       ;5180      ;             ;PL_C4_01_6
  100;PL            ;C4                   ;02                   ;Z-RES;E;6       ;0000   ;51       ;5180      ;             ;PL_C4_02_6
  100;PL            ;C4                   ;03                   ;Z-RES;E;6       ;0000   ;51       ;5180      ;             ;PL_C4_03_6
  100;PL            ;C4                   ;04                   ;Z-RES;E;6       ;0000   ;51       ;5180      ;             ;PL_C4_04_6
  100;PL            ;C4                   ;05                   ;Z-RES;E;6       ;0000   ;51       ;5180      ;             ;PL_C4_05_6
  100;PL            ;C4                   ;06                   ;Z-RES;E;6       ;0000   ;51       ;5180      ;             ;PL_C4_06_6
  100;PL            ;C4                   ;07                   ;Z-RES;E;6       ;0000   ;51       ;5180      ;             ;PL_C4_07_6
  100;PL            ;C4                   ;09                   ;Z-RES;E;6       ;0000   ;51       ;5150      ;             ;PL_C4_09_6
  100;PL            ;C5                   ;01                   ;Z-RES;E;6       ;0000   ;51       ;5180      ;             ;PL_C5_01_6
  100;PL            ;C5                   ;09                   ;Z-RES;E;6       ;0000   ;51       ;5150      ;             ;PL_C5_09_6
  100;PL            ;C6                   ;09                   ;Z-RES;E;6       ;0000   ;51       ;5150      ;             ;PL_C6_09_6
  100;PL            ;C7                   ;09                   ;Z-RES;E;6       ;0000   ;51       ;5150      ;             ;PL_C7_09_6
  100;PL            ;IL                   ;00                   ;Z-RES;E;5       ;0000   ;51       ;5150      ;             ;PL_IL_00_5
  100;PL            ;N0                   ;00                   ;Z-RES;E;6       ;0000   ;51       ;5190      ;             ;PL_N0_00_6
  100;PL            ;N0                   ;0E                   ;Z-RES;E;5       ;0000   ;51       ;5190      ;             ;PL_N0_0E_5
  100;PL            ;N0                   ;WE                   ;Z-RES;E;5       ;0000   ;51       ;5190      ;             ;PL_N0_WE_5
  100;PL            ;N0                   ;ZE                   ;Z-RES;E;5       ;0000   ;51       ;5190      ;             ;PL_N0_ZE_5
  100;PM            ;01                   ;1E                   ;Z-RES;E;5       ;0000   ;51       ;5180      ;             ;PM_01_1E_5
  100;PM            ;07                   ;3E                   ;Z-RES;E;5       ;0000   ;51       ;5180      ;             ;PM_07_3E_5
  100;PM            ;P1                   ;01                   ;Z-RES;E;6       ;0000   ;51       ;5180      ;             ;PM_P1_01_6
  100;PM            ;P1                   ;02                   ;Z-RES;E;6       ;0000   ;51       ;5180      ;             ;PM_P1_02_6
  100;PM            ;P1                   ;03                   ;Z-RES;E;6       ;0000   ;51       ;5180      ;             ;PM_P1_03_6
  100;PM            ;P1                   ;04                   ;Z-RES;E;6       ;0000   ;51       ;5180      ;             ;PM_P1_04_6
  100;PM            ;P1                   ;05                   ;Z-RES;E;6       ;0000   ;51       ;5180      ;             ;PM_P1_05_6
  100;PM            ;P1                   ;06                   ;Z-RES;E;6       ;0000   ;51       ;5180      ;             ;PM_P1_06_6
  100;PM            ;P1                   ;07                   ;Z-RES;E;6       ;0000   ;51       ;5180      ;             ;PM_P1_07_6
  100;PM            ;P1                   ;08                   ;Z-RES;E;6       ;0000   ;51       ;5180      ;             ;PM_P1_08_6
  100;PM            ;P1                   ;09                   ;Z-RES;E;6       ;0000   ;51       ;5180      ;             ;PM_P1_09_6
  100;PM            ;P1                   ;10                   ;Z-RES;E;6       ;0000   ;51       ;5180      ;             ;PM_P1_10_6
  100;PM            ;P1                   ;11                   ;Z-RES;E;6       ;0000   ;51       ;5180      ;             ;PM_P1_11_6
  100;PM            ;P1                   ;12                   ;Z-RES;E;6       ;0000   ;51       ;5180      ;             ;PM_P1_12_6
  100;PM            ;P2                   ;01                   ;Z-RES;E;6       ;0000   ;51       ;5180      ;             ;PM_P2_01_6
  100;PM            ;P2                   ;02                   ;Z-RES;E;6       ;0000   ;51       ;5180      ;             ;PM_P2_02_6
  100;PM            ;P2                   ;03                   ;Z-RES;E;6       ;0000   ;51       ;5180      ;             ;PM_P2_03_6
  100;PM            ;P2                   ;04                   ;Z-RES;E;6       ;0000   ;51       ;5180      ;             ;PM_P2_04_6
  100;PM            ;P2                   ;05                   ;Z-RES;E;6       ;0000   ;51       ;5180      ;             ;PM_P2_05_6
  100;PM            ;P2                   ;06                   ;Z-RES;E;6       ;0000   ;51       ;5180      ;             ;PM_P2_06_6
  100;PM            ;P2                   ;07                   ;Z-RES;E;6       ;0000   ;51       ;5180      ;             ;PM_P2_07_6
  100;PM            ;P2                   ;08                   ;Z-RES;E;6       ;0000   ;51       ;5180      ;             ;PM_P2_08_6
  100;PM            ;P2                   ;09                   ;Z-RES;E;6       ;0000   ;51       ;5180      ;             ;PM_P2_09_6
  100;PM            ;P2                   ;10                   ;Z-RES;E;6       ;0000   ;51       ;5180      ;             ;PM_P2_10_6
  100;PM            ;P2                   ;11                   ;Z-RES;E;6       ;0000   ;51       ;5180      ;             ;PM_P2_11_6
  100;PM            ;P2                   ;12                   ;Z-RES;E;6       ;0000   ;51       ;5180      ;             ;PM_P2_12_6
  100;PM            ;P3                   ;01                   ;Z-RES;E;6       ;0000   ;51       ;5180      ;             ;PM_P3_01_6
  100;PM            ;P3                   ;02                   ;Z-RES;E;6       ;0000   ;51       ;5180      ;             ;PM_P3_02_6
  100;PM            ;P3                   ;03                   ;Z-RES;E;6       ;0000   ;51       ;5180      ;             ;PM_P3_03_6
  100;PM            ;P3                   ;04                   ;Z-RES;E;6       ;0000   ;51       ;5180      ;             ;PM_P3_04_6
  100;PM            ;P3                   ;05                   ;Z-RES;E;6       ;0000   ;51       ;5180      ;             ;PM_P3_05_6
  100;PM            ;P3                   ;06                   ;Z-RES;E;6       ;0000   ;51       ;5180      ;             ;PM_P3_06_6
  100;PM            ;P3                   ;07                   ;Z-RES;E;6       ;0000   ;51       ;5180      ;             ;PM_P3_07_6
  100;PM            ;P4                   ;01                   ;Z-RES;E;6       ;0000   ;51       ;5180      ;             ;PM_P4_01_6
  100;PM            ;P4                   ;02                   ;Z-RES;E;6       ;0000   ;51       ;5180      ;             ;PM_P4_02_6
  100;PM            ;P4                   ;03                   ;Z-RES;E;6       ;0000   ;51       ;5180      ;             ;PM_P4_03_6
  100;PM            ;P4                   ;04                   ;Z-RES;E;6       ;0000   ;51       ;5180      ;             ;PM_P4_04_6
  100;PM            ;P4                   ;05                   ;Z-RES;E;6       ;0000   ;51       ;5180      ;             ;PM_P4_05_6
  100;PM            ;P4                   ;06                   ;Z-RES;E;6       ;0000   ;51       ;5180      ;             ;PM_P4_06_6
  100;PM            ;P4                   ;07                   ;Z-RES;E;6       ;0000   ;51       ;5180      ;             ;PM_P4_07_6
  100;PM            ;P5                   ;01                   ;Z-RES;E;6       ;0000   ;51       ;5180      ;             ;PM_P5_01_6
  100;PM            ;P6                   ;01                   ;Z-RES;E;6       ;0000   ;51       ;5180      ;             ;PM_P6_01_6
  100;PM            ;P7                   ;01                   ;Z-RES;E;6       ;0000   ;51       ;5180      ;             ;PM_P7_01_6
  100;PM            ;P8                   ;01                   ;Z-RES;E;6       ;0000   ;51       ;5180      ;             ;PM_P8_01_6
  100;PM            ;P9                   ;01                   ;Z-RES;E;6       ;0000   ;51       ;5180      ;             ;PM_P9_01_6
  100;PM            ;PA                   ;01                   ;Z-RES;E;6       ;0000   ;51       ;5180      ;             ;PM_PA_01_6
  100;PM            ;PB                   ;01                   ;Z-RES;E;6       ;0000   ;51       ;5180      ;             ;PM_PB_01_6
  100;PM            ;PC                   ;01                   ;Z-RES;E;6       ;0000   ;51       ;5180      ;             ;PM_PC_01_6
  100;PM            ;PD                   ;01                   ;Z-RES;E;6       ;0000   ;51       ;5180      ;             ;PM_PD_01_6
  100;PM            ;PE                   ;01                   ;Z-RES;E;6       ;0000   ;51       ;5180      ;             ;PM_PE_01_6
  100;PM            ;PF                   ;01                   ;Z-RES;E;6       ;0000   ;51       ;5180      ;             ;PM_PF_01_6
  100;PM            ;PG                   ;01                   ;Z-RES;E;6       ;0000   ;51       ;5180      ;             ;PM_PG_01_6
  100;PM            ;PH                   ;01                   ;Z-RES;E;6       ;0000   ;51       ;5180      ;             ;PM_PH_01_6
  100;PM            ;PI                   ;01                   ;Z-RES;E;6       ;0000   ;51       ;5180      ;             ;PM_PI_01_6
  100;PM            ;PJ                   ;01                   ;Z-RES;E;6       ;0000   ;51       ;5180      ;             ;PM_PJ_01_6
  100;PM            ;PK                   ;01                   ;Z-RES;E;6       ;0000   ;51       ;5180      ;             ;PM_PK_01_6
  100;PM            ;PL                   ;01                   ;Z-RES;E;6       ;0000   ;51       ;5180      ;             ;PM_PL_01_6
  100;PM            ;PM                   ;01                   ;Z-RES;E;6       ;0000   ;51       ;5180      ;             ;PM_PM_01_6
  100;PM            ;PN                   ;01                   ;Z-RES;E;6       ;0000   ;51       ;5180      ;             ;PM_PN_01_6
  100;PM            ;PO                   ;01                   ;Z-RES;E;6       ;0000   ;51       ;5180      ;             ;PM_PO_01_6
  100;PM            ;PP                   ;01                   ;Z-RES;E;6       ;0000   ;51       ;5180      ;             ;PM_PP_01_6
  100;PM            ;WS                   ;00                   ;Z-RES;E;6       ;0000   ;51       ;5150      ;             ;PM_WS_00_6
  100;PN            ;01                   ;1E                   ;Z-RES;E;5       ;0000   ;51       ;5180      ;             ;PN_01_1E_5
  100;PN            ;08                   ;3E                   ;Z-RES;E;5       ;0000   ;51       ;5180      ;             ;PN_08_3E_5
  100;PN            ;12                   ;3E                   ;Z-RES;E;5       ;0000   ;51       ;5180      ;             ;PN_12_3E_5
  100;PO            ;01                   ;1E                   ;Z-RES;E;5       ;0000   ;51       ;5180      ;             ;PO_01_1E_5
  100;PO            ;08                   ;3E                   ;Z-RES;E;5       ;0000   ;51       ;5180      ;             ;PO_08_3E_5
  100;PP            ;01                   ;1E                   ;Z-RES;E;5       ;0000   ;51       ;5180      ;             ;PP_01_1E_5
  100;PP            ;09                   ;3E                   ;Z-RES;E;5       ;0000   ;51       ;5180      ;             ;PP_09_3E_5
  100;PP            ;WS                   ;00                   ;Z-RES;E;6       ;0000   ;51       ;5150      ;             ;PP_WS_00_6
  100;PQ            ;09                   ;3E                   ;Z-RES;E;5       ;0000   ;51       ;5180      ;             ;PQ_09_3E_5
  100;PR            ;10                   ;3E                   ;Z-RES;E;5       ;0000   ;51       ;5180      ;             ;PR_10_3E_5
  100;PR            ;MV                   ;1E                   ;Z-RES;E;5       ;0000   ;51       ;5140      ;             ;PR_MV_1E_5
  100;PR            ;MV                   ;2E                   ;Z-RES;E;5       ;0000   ;51       ;5140      ;             ;PR_MV_2E_5
  100;PR            ;MV                   ;3E                   ;Z-RES;E;5       ;0000   ;51       ;5140      ;             ;PR_MV_3E_5
  100;PR            ;MV                   ;4E                   ;Z-RES;E;5       ;0000   ;51       ;5140      ;             ;PR_MV_4E_5
  100;PR            ;MV                   ;5E                   ;Z-RES;E;5       ;0000   ;51       ;5140      ;             ;PR_MV_5E_5
  100;PR            ;MV                   ;6E                   ;Z-RES;E;5       ;0000   ;51       ;5140      ;             ;PR_MV_6E_5
  100;PR            ;MV                   ;7E                   ;Z-RES;E;5       ;0000   ;51       ;5140      ;             ;PR_MV_7E_5
  100;PR            ;MV                   ;8E                   ;Z-RES;E;5       ;0000   ;51       ;5140      ;             ;PR_MV_8E_5
  100;PR            ;MV                   ;9E                   ;Z-RES;E;5       ;0000   ;51       ;5140      ;             ;PR_MV_9E_5
  100;PR            ;MV                   ;AE                   ;Z-RES;E;5       ;0000   ;51       ;5140      ;             ;PR_MV_AE_5
  100;PR            ;MV                   ;BE                   ;Z-RES;E;5       ;0000   ;51       ;5140      ;             ;PR_MV_BE_5
  100;PR            ;MV                   ;CE                   ;Z-RES;E;5       ;0000   ;51       ;5140      ;             ;PR_MV_CE_5
  100;PR            ;MV                   ;DE                   ;Z-RES;E;5       ;0000   ;51       ;5140      ;             ;PR_MV_DE_5
  100;PR            ;MV                   ;EE                   ;Z-RES;E;5       ;0000   ;51       ;5140      ;             ;PR_MV_EE_5
  100;PS            ;10                   ;3E                   ;Z-RES;E;5       ;0000   ;51       ;5180      ;             ;PS_10_3E_5
  100;PS            ;P1                   ;01                   ;Z-RES;E;6       ;0000   ;51       ;5180      ;             ;PS_P1_01_6
  100;PS            ;P1                   ;02                   ;Z-RES;E;6       ;0000   ;51       ;5180      ;             ;PS_P1_02_6
  100;PS            ;P1                   ;03                   ;Z-RES;E;6       ;0000   ;51       ;5180      ;             ;PS_P1_03_6
  100;PS            ;P1                   ;04                   ;Z-RES;E;6       ;0000   ;51       ;5180      ;             ;PS_P1_04_6
  100;PS            ;P1                   ;05                   ;Z-RES;E;6       ;0000   ;51       ;5180      ;             ;PS_P1_05_6
  100;PS            ;P1                   ;06                   ;Z-RES;E;6       ;0000   ;51       ;5180      ;             ;PS_P1_06_6
  100;PS            ;P1                   ;07                   ;Z-RES;E;6       ;0000   ;51       ;5180      ;             ;PS_P1_07_6
  100;PS            ;P1                   ;08                   ;Z-RES;E;6       ;0000   ;51       ;5180      ;             ;PS_P1_08_6
  100;PS            ;P1                   ;09                   ;Z-RES;E;6       ;0000   ;51       ;5180      ;             ;PS_P1_09_6
  100;PS            ;P1                   ;10                   ;Z-RES;E;6       ;0000   ;51       ;5180      ;             ;PS_P1_10_6
  100;PS            ;P1                   ;11                   ;Z-RES;E;6       ;0000   ;51       ;5180      ;             ;PS_P1_11_6
  100;PS            ;P1                   ;12                   ;Z-RES;E;6       ;0000   ;51       ;5180      ;             ;PS_P1_12_6
  100;PS            ;P2                   ;01                   ;Z-RES;E;6       ;0000   ;51       ;5180      ;             ;PS_P2_01_6
  100;PS            ;P2                   ;02                   ;Z-RES;E;6       ;0000   ;51       ;5180      ;             ;PS_P2_02_6
  100;PS            ;P2                   ;03                   ;Z-RES;E;6       ;0000   ;51       ;5180      ;             ;PS_P2_03_6
  100;PS            ;P2                   ;04                   ;Z-RES;E;6       ;0000   ;51       ;5180      ;             ;PS_P2_04_6
  100;PS            ;P2                   ;05                   ;Z-RES;E;6       ;0000   ;51       ;5180      ;             ;PS_P2_05_6
  100;PS            ;P2                   ;06                   ;Z-RES;E;6       ;0000   ;51       ;5180      ;             ;PS_P2_06_6
  100;PS            ;P2                   ;07                   ;Z-RES;E;6       ;0000   ;51       ;5180      ;             ;PS_P2_07_6
  100;PS            ;P2                   ;08                   ;Z-RES;E;6       ;0000   ;51       ;5180      ;             ;PS_P2_08_6
  100;PS            ;P2                   ;09                   ;Z-RES;E;6       ;0000   ;51       ;5180      ;             ;PS_P2_09_6
  100;PS            ;P2                   ;10                   ;Z-RES;E;6       ;0000   ;51       ;5180      ;             ;PS_P2_10_6
  100;PS            ;P2                   ;11                   ;Z-RES;E;6       ;0000   ;51       ;5180      ;             ;PS_P2_11_6
  100;PS            ;P2                   ;12                   ;Z-RES;E;6       ;0000   ;51       ;5180      ;             ;PS_P2_12_6
  100;PS            ;P3                   ;01                   ;Z-RES;E;6       ;0000   ;51       ;5180      ;             ;PS_P3_01_6
  100;PS            ;P3                   ;02                   ;Z-RES;E;6       ;0000   ;51       ;5180      ;             ;PS_P3_02_6
  100;PS            ;P3                   ;03                   ;Z-RES;E;6       ;0000   ;51       ;5180      ;             ;PS_P3_03_6
  100;PS            ;P3                   ;04                   ;Z-RES;E;6       ;0000   ;51       ;5180      ;             ;PS_P3_04_6
  100;PS            ;P3                   ;05                   ;Z-RES;E;6       ;0000   ;51       ;5180      ;             ;PS_P3_05_6
  100;PS            ;P3                   ;06                   ;Z-RES;E;6       ;0000   ;51       ;5180      ;             ;PS_P3_06_6
  100;PS            ;P3                   ;07                   ;Z-RES;E;6       ;0000   ;51       ;5180      ;             ;PS_P3_07_6
  100;PS            ;P4                   ;01                   ;Z-RES;E;6       ;0000   ;51       ;5180      ;             ;PS_P4_01_6
  100;PS            ;P4                   ;02                   ;Z-RES;E;6       ;0000   ;51       ;5180      ;             ;PS_P4_02_6
  100;PS            ;P4                   ;03                   ;Z-RES;E;6       ;0000   ;51       ;5180      ;             ;PS_P4_03_6
  100;PS            ;P4                   ;04                   ;Z-RES;E;6       ;0000   ;51       ;5180      ;             ;PS_P4_04_6
  100;PS            ;P4                   ;05                   ;Z-RES;E;6       ;0000   ;51       ;5180      ;             ;PS_P4_05_6
  100;PS            ;P4                   ;06                   ;Z-RES;E;6       ;0000   ;51       ;5180      ;             ;PS_P4_06_6
  100;PS            ;P4                   ;07                   ;Z-RES;E;6       ;0000   ;51       ;5180      ;             ;PS_P4_07_6
  100;PS            ;P5                   ;01                   ;Z-RES;E;6       ;0000   ;51       ;5180      ;             ;PS_P5_01_6
  100;PS            ;P6                   ;01                   ;Z-RES;E;6       ;0000   ;51       ;5180      ;             ;PS_P6_01_6
  100;PS            ;P7                   ;01                   ;Z-RES;E;6       ;0000   ;51       ;5180      ;             ;PS_P7_01_6
  100;PS            ;P8                   ;01                   ;Z-RES;E;6       ;0000   ;51       ;5180      ;             ;PS_P8_01_6
  100;PS            ;P9                   ;01                   ;Z-RES;E;6       ;0000   ;51       ;5180      ;             ;PS_P9_01_6
  100;PS            ;PA                   ;01                   ;Z-RES;E;6       ;0000   ;51       ;5180      ;             ;PS_PA_01_6
  100;PS            ;PB                   ;01                   ;Z-RES;E;6       ;0000   ;51       ;5180      ;             ;PS_PB_01_6
  100;PS            ;PC                   ;01                   ;Z-RES;E;6       ;0000   ;51       ;5180      ;             ;PS_PC_01_6
  100;PS            ;PD                   ;01                   ;Z-RES;E;6       ;0000   ;51       ;5180      ;             ;PS_PD_01_6
  100;PS            ;PE                   ;01                   ;Z-RES;E;6       ;0000   ;51       ;5180      ;             ;PS_PE_01_6
  100;PS            ;PF                   ;01                   ;Z-RES;E;6       ;0000   ;51       ;5180      ;             ;PS_PF_01_6
  100;PS            ;PG                   ;01                   ;Z-RES;E;6       ;0000   ;51       ;5180      ;             ;PS_PG_01_6
  100;PS            ;PH                   ;01                   ;Z-RES;E;6       ;0000   ;51       ;5180      ;             ;PS_PH_01_6
  100;PS            ;PI                   ;01                   ;Z-RES;E;6       ;0000   ;51       ;5180      ;             ;PS_PI_01_6
  100;PS            ;PJ                   ;01                   ;Z-RES;E;6       ;0000   ;51       ;5180      ;             ;PS_PJ_01_6
  100;PS            ;PK                   ;01                   ;Z-RES;E;6       ;0000   ;51       ;5180      ;             ;PS_PK_01_6
  100;PS            ;PL                   ;01                   ;Z-RES;E;6       ;0000   ;51       ;5180      ;             ;PS_PL_01_6
  100;PS            ;PM                   ;01                   ;Z-RES;E;6       ;0000   ;51       ;5180      ;             ;PS_PM_01_6
  100;PS            ;PN                   ;01                   ;Z-RES;E;6       ;0000   ;51       ;5180      ;             ;PS_PN_01_6
  100;PS            ;PO                   ;01                   ;Z-RES;E;6       ;0000   ;51       ;5180      ;             ;PS_PO_01_6
  100;PS            ;PP                   ;01                   ;Z-RES;E;6       ;0000   ;51       ;5180      ;             ;PS_PP_01_6
  100;PT            ;11                   ;3E                   ;Z-RES;E;5       ;0000   ;51       ;5180      ;             ;PT_11_3E_5
  100;PT            ;T1                   ;TR                   ;Z-RES;E;6       ;0000   ;51       ;5190      ;             ;PT_T1_TR_6
  100;PT            ;T2                   ;TR                   ;Z-RES;E;6       ;0000   ;51       ;5190      ;             ;PT_T2_TR_6
  100;PT            ;T3                   ;TR                   ;Z-RES;E;6       ;0000   ;51       ;5190      ;             ;PT_T3_TR_6
  100;PT            ;T4                   ;TR                   ;Z-RES;E;6       ;0000   ;51       ;5190      ;             ;PT_T4_TR_6
  100;PT            ;T5                   ;TR                   ;Z-RES;E;6       ;0000   ;51       ;5190      ;             ;PT_T5_TR_6
  100;PT            ;T6                   ;TR                   ;Z-RES;E;6       ;0000   ;51       ;5190      ;             ;PT_T6_TR_6
  100;PT            ;T7                   ;TR                   ;Z-RES;E;6       ;0000   ;51       ;5190      ;             ;PT_T7_TR_6
  100;PT            ;T8                   ;TR                   ;Z-RES;E;6       ;0000   ;51       ;5190      ;             ;PT_T8_TR_6
  100;PT            ;T9                   ;TR                   ;Z-RES;E;6       ;0000   ;51       ;5190      ;             ;PT_T9_TR_6
  100;PT            ;TA                   ;TR                   ;Z-RES;E;6       ;0000   ;51       ;5190      ;             ;PT_TA_TR_6
  100;PT            ;TB                   ;TR                   ;Z-RES;E;6       ;0000   ;51       ;5190      ;             ;PT_TB_TR_6
  100;PT            ;TC                   ;TR                   ;Z-RES;E;6       ;0000   ;51       ;5190      ;             ;PT_TC_TR_6
  100;PU            ;11                   ;3E                   ;Z-RES;E;5       ;0000   ;51       ;5180      ;             ;PU_11_3E_5
  100;R1            ;HV                   ;1L                   ;Z-RES;E;6       ;0000   ;51       ;5150      ;             ;R1_HV_1L_6
  100;R1            ;HV                   ;1S                   ;Z-RES;E;6       ;0000   ;51       ;5150      ;             ;R1_HV_1S_6
  100;R1            ;HV                   ;1T                   ;Z-RES;E;6       ;0000   ;51       ;5150      ;             ;R1_HV_1T_6
  100;R2            ;HV                   ;1L                   ;Z-RES;E;6       ;0000   ;51       ;5150      ;             ;R2_HV_1L_6
  100;R2            ;HV                   ;1S                   ;Z-RES;E;6       ;0000   ;51       ;5150      ;             ;R2_HV_1S_6
  100;R2            ;HV                   ;1T                   ;Z-RES;E;6       ;0000   ;51       ;5150      ;             ;R2_HV_1T_6
  100;R3            ;HV                   ;1L                   ;Z-RES;E;6       ;0000   ;51       ;5150      ;             ;R3_HV_1L_6
  100;R3            ;HV                   ;1S                   ;Z-RES;E;6       ;0000   ;51       ;5150      ;             ;R3_HV_1S_6
  100;R3            ;HV                   ;1T                   ;Z-RES;E;6       ;0000   ;51       ;5150      ;             ;R3_HV_1T_6
  100;R4            ;HV                   ;1S                   ;Z-RES;E;6       ;0000   ;51       ;5150      ;             ;R4_HV_1S_6
  100;R4            ;HV                   ;1T                   ;Z-RES;E;6       ;0000   ;51       ;5150      ;             ;R4_HV_1T_6
  100;R5            ;HV                   ;1S                   ;Z-RES;E;6       ;0000   ;51       ;5150      ;             ;R5_HV_1S_6
  100;R5            ;HV                   ;1T                   ;Z-RES;E;6       ;0000   ;51       ;5150      ;             ;R5_HV_1T_6
  100;R6            ;HV                   ;1T                   ;Z-RES;E;6       ;0000   ;51       ;5150      ;             ;R6_HV_1T_6
  100;RA            ;T1                   ;TR                   ;Z-RES;E;6       ;0000   ;51       ;5190      ;             ;RA_T1_TR_6
  100;RA            ;T2                   ;TR                   ;Z-RES;E;6       ;0000   ;51       ;5190      ;             ;RA_T2_TR_6
  100;RA            ;T3                   ;TR                   ;Z-RES;E;6       ;0000   ;51       ;5190      ;             ;RA_T3_TR_6
  100;RA            ;T4                   ;TR                   ;Z-RES;E;6       ;0000   ;51       ;5190      ;             ;RA_T4_TR_6
  100;RA            ;T5                   ;TR                   ;Z-RES;E;6       ;0000   ;51       ;5190      ;             ;RA_T5_TR_6
  100;RA            ;T6                   ;TR                   ;Z-RES;E;6       ;0000   ;51       ;5190      ;             ;RA_T6_TR_6
  100;RA            ;T7                   ;TR                   ;Z-RES;E;6       ;0000   ;51       ;5190      ;             ;RA_T7_TR_6
  100;RA            ;T8                   ;TR                   ;Z-RES;E;6       ;0000   ;51       ;5190      ;             ;RA_T8_TR_6
  100;RA            ;TR                   ;01                   ;Z-RES;E;6       ;0000   ;51       ;5190      ;TRA          ;RA_TR_01_6
  100;RA            ;TR                   ;02                   ;Z-RES;E;6       ;0000   ;51       ;5190      ;TRA          ;RA_TR_02_6
  100;RA            ;TR                   ;03                   ;Z-RES;E;6       ;0000   ;51       ;5190      ;TRA          ;RA_TR_03_6
  100;RA            ;TR                   ;04                   ;Z-RES;E;6       ;0000   ;51       ;5190      ;TRA          ;RA_TR_04_6
  100;RA            ;TR                   ;05                   ;Z-RES;E;6       ;0000   ;51       ;5190      ;TRA          ;RA_TR_05_6
  100;RA            ;TR                   ;06                   ;Z-RES;E;6       ;0000   ;51       ;5190      ;TRA          ;RA_TR_06_6
  100;RA            ;TR                   ;07                   ;Z-RES;E;6       ;0000   ;51       ;5190      ;TRA          ;RA_TR_07_6
  100;RA            ;TR                   ;08                   ;Z-RES;E;6       ;0000   ;51       ;5190      ;TRA          ;RA_TR_08_6
  100;RA            ;TR                   ;09                   ;Z-RES;E;6       ;0000   ;51       ;5190      ;TRA          ;RA_TR_09_6
  100;RA            ;TR                   ;10                   ;Z-RES;E;6       ;0000   ;51       ;5190      ;TRA          ;RA_TR_10_6
  100;RA            ;TR                   ;11                   ;Z-RES;E;6       ;0000   ;51       ;5190      ;TRA          ;RA_TR_11_6
  100;RA            ;TR                   ;12                   ;Z-RES;E;6       ;0000   ;51       ;5190      ;TRA          ;RA_TR_12_6
  100;RA            ;TR                   ;13                   ;Z-RES;E;6       ;0000   ;51       ;5190      ;TRA          ;RA_TR_13_6
  100;RA            ;TR                   ;14                   ;Z-RES;E;6       ;0000   ;51       ;5190      ;TRA          ;RA_TR_14_6
  100;RA            ;TR                   ;15                   ;Z-RES;E;6       ;0000   ;51       ;5190      ;TRA          ;RA_TR_15_6
  100;RA            ;TR                   ;16                   ;Z-RES;E;6       ;0000   ;51       ;5190      ;TRA          ;RA_TR_16_6
  100;RA            ;TR                   ;17                   ;Z-RES;E;6       ;0000   ;51       ;5190      ;TRA          ;RA_TR_17_6
  100;RA            ;TR                   ;18                   ;Z-RES;E;6       ;0000   ;51       ;5190      ;TRA          ;RA_TR_18_6
  100;RA            ;TR                   ;19                   ;Z-RES;E;6       ;0000   ;51       ;5190      ;TRA          ;RA_TR_19_6
  100;RA            ;TR                   ;20                   ;Z-RES;E;6       ;0000   ;51       ;5190      ;TRA          ;RA_TR_20_6
  100;RA            ;TR                   ;21                   ;Z-RES;E;6       ;0000   ;51       ;5190      ;TRA          ;RA_TR_21_6
  100;RA            ;TR                   ;22                   ;Z-RES;E;6       ;0000   ;51       ;5190      ;TRA          ;RA_TR_22_6
  100;RA            ;TR                   ;23                   ;Z-RES;E;6       ;0000   ;51       ;5190      ;TRA          ;RA_TR_23_6
  100;RA            ;TR                   ;24                   ;Z-RES;E;6       ;0000   ;51       ;5190      ;TRA          ;RA_TR_24_6
  100;RC            ;P1                   ;01                   ;Z-RES;E;6       ;0000   ;51       ;5180      ;             ;RC_P1_01_6
  100;RC            ;P1                   ;02                   ;Z-RES;E;6       ;0000   ;51       ;5180      ;             ;RC_P1_02_6
  100;RC            ;P1                   ;03                   ;Z-RES;E;6       ;0000   ;51       ;5180      ;             ;RC_P1_03_6
  100;RC            ;P1                   ;04                   ;Z-RES;E;6       ;0000   ;51       ;5180      ;             ;RC_P1_04_6
  100;RC            ;P1                   ;05                   ;Z-RES;E;6       ;0000   ;51       ;5180      ;             ;RC_P1_05_6
  100;RC            ;P1                   ;06                   ;Z-RES;E;6       ;0000   ;51       ;5180      ;             ;RC_P1_06_6
  100;RC            ;P1                   ;07                   ;Z-RES;E;6       ;0000   ;51       ;5180      ;             ;RC_P1_07_6
  100;RC            ;P1                   ;08                   ;Z-RES;E;6       ;0000   ;51       ;5180      ;             ;RC_P1_08_6
  100;RC            ;P1                   ;09                   ;Z-RES;E;6       ;0000   ;51       ;5180      ;             ;RC_P1_09_6
  100;RC            ;P1                   ;10                   ;Z-RES;E;6       ;0000   ;51       ;5180      ;             ;RC_P1_10_6
  100;RC            ;P1                   ;11                   ;Z-RES;E;6       ;0000   ;51       ;5180      ;             ;RC_P1_11_6
  100;RC            ;P1                   ;12                   ;Z-RES;E;6       ;0000   ;51       ;5180      ;             ;RC_P1_12_6
  100;RC            ;P2                   ;01                   ;Z-RES;E;6       ;0000   ;51       ;5180      ;             ;RC_P2_01_6
  100;RC            ;P2                   ;02                   ;Z-RES;E;6       ;0000   ;51       ;5180      ;             ;RC_P2_02_6
  100;RC            ;P2                   ;03                   ;Z-RES;E;6       ;0000   ;51       ;5180      ;             ;RC_P2_03_6
  100;RC            ;P2                   ;04                   ;Z-RES;E;6       ;0000   ;51       ;5180      ;             ;RC_P2_04_6
  100;RC            ;P2                   ;05                   ;Z-RES;E;6       ;0000   ;51       ;5180      ;             ;RC_P2_05_6
  100;RC            ;P2                   ;06                   ;Z-RES;E;6       ;0000   ;51       ;5180      ;             ;RC_P2_06_6
  100;RC            ;P2                   ;07                   ;Z-RES;E;6       ;0000   ;51       ;5180      ;             ;RC_P2_07_6
  100;RC            ;P2                   ;08                   ;Z-RES;E;6       ;0000   ;51       ;5180      ;             ;RC_P2_08_6
  100;RC            ;P2                   ;09                   ;Z-RES;E;6       ;0000   ;51       ;5180      ;             ;RC_P2_09_6
  100;RC            ;P2                   ;10                   ;Z-RES;E;6       ;0000   ;51       ;5180      ;             ;RC_P2_10_6
  100;RC            ;P2                   ;11                   ;Z-RES;E;6       ;0000   ;51       ;5180      ;             ;RC_P2_11_6
  100;RC            ;P2                   ;12                   ;Z-RES;E;6       ;0000   ;51       ;5180      ;             ;RC_P2_12_6
  100;RC            ;P3                   ;01                   ;Z-RES;E;6       ;0000   ;51       ;5180      ;             ;RC_P3_01_6
  100;RC            ;P3                   ;02                   ;Z-RES;E;6       ;0000   ;51       ;5180      ;             ;RC_P3_02_6
  100;RC            ;P3                   ;03                   ;Z-RES;E;6       ;0000   ;51       ;5180      ;             ;RC_P3_03_6
  100;RC            ;P3                   ;04                   ;Z-RES;E;6       ;0000   ;51       ;5180      ;             ;RC_P3_04_6
  100;RC            ;P3                   ;05                   ;Z-RES;E;6       ;0000   ;51       ;5180      ;             ;RC_P3_05_6
  100;RC            ;P3                   ;06                   ;Z-RES;E;6       ;0000   ;51       ;5180      ;             ;RC_P3_06_6
  100;RC            ;P3                   ;07                   ;Z-RES;E;6       ;0000   ;51       ;5180      ;             ;RC_P3_07_6
  100;RC            ;P4                   ;01                   ;Z-RES;E;6       ;0000   ;51       ;5180      ;             ;RC_P4_01_6
  100;RC            ;P4                   ;02                   ;Z-RES;E;6       ;0000   ;51       ;5180      ;             ;RC_P4_02_6
  100;RC            ;P4                   ;03                   ;Z-RES;E;6       ;0000   ;51       ;5180      ;             ;RC_P4_03_6
  100;RC            ;P4                   ;04                   ;Z-RES;E;6       ;0000   ;51       ;5180      ;             ;RC_P4_04_6
  100;RC            ;P4                   ;05                   ;Z-RES;E;6       ;0000   ;51       ;5180      ;             ;RC_P4_05_6
  100;RC            ;P4                   ;06                   ;Z-RES;E;6       ;0000   ;51       ;5180      ;             ;RC_P4_06_6
  100;RC            ;P4                   ;07                   ;Z-RES;E;6       ;0000   ;51       ;5180      ;             ;RC_P4_07_6
  100;RC            ;P5                   ;01                   ;Z-RES;E;6       ;0000   ;51       ;5180      ;             ;RC_P5_01_6
  100;RC            ;P6                   ;01                   ;Z-RES;E;6       ;0000   ;51       ;5180      ;             ;RC_P6_01_6
  100;RC            ;P7                   ;01                   ;Z-RES;E;6       ;0000   ;51       ;5180      ;             ;RC_P7_01_6
  100;RC            ;P8                   ;01                   ;Z-RES;E;6       ;0000   ;51       ;5180      ;             ;RC_P8_01_6
  100;RC            ;P9                   ;01                   ;Z-RES;E;6       ;0000   ;51       ;5180      ;             ;RC_P9_01_6
  100;RC            ;PA                   ;01                   ;Z-RES;E;6       ;0000   ;51       ;5180      ;             ;RC_PA_01_6
  100;RC            ;PB                   ;01                   ;Z-RES;E;6       ;0000   ;51       ;5180      ;             ;RC_PB_01_6
  100;RC            ;PC                   ;01                   ;Z-RES;E;6       ;0000   ;51       ;5180      ;             ;RC_PC_01_6
  100;RC            ;PD                   ;01                   ;Z-RES;E;6       ;0000   ;51       ;5180      ;             ;RC_PD_01_6
  100;RC            ;PE                   ;01                   ;Z-RES;E;6       ;0000   ;51       ;5180      ;             ;RC_PE_01_6
  100;RC            ;PF                   ;01                   ;Z-RES;E;6       ;0000   ;51       ;5180      ;             ;RC_PF_01_6
  100;RC            ;PG                   ;01                   ;Z-RES;E;6       ;0000   ;51       ;5180      ;             ;RC_PG_01_6
  100;RC            ;PH                   ;01                   ;Z-RES;E;6       ;0000   ;51       ;5180      ;             ;RC_PH_01_6
  100;RC            ;PI                   ;01                   ;Z-RES;E;6       ;0000   ;51       ;5180      ;             ;RC_PI_01_6
  100;RC            ;PJ                   ;01                   ;Z-RES;E;6       ;0000   ;51       ;5180      ;             ;RC_PJ_01_6
  100;RC            ;PK                   ;01                   ;Z-RES;E;6       ;0000   ;51       ;5180      ;             ;RC_PK_01_6
  100;RC            ;PL                   ;01                   ;Z-RES;E;6       ;0000   ;51       ;5180      ;             ;RC_PL_01_6
  100;RC            ;PM                   ;01                   ;Z-RES;E;6       ;0000   ;51       ;5180      ;             ;RC_PM_01_6
  100;RC            ;PN                   ;01                   ;Z-RES;E;6       ;0000   ;51       ;5180      ;             ;RC_PN_01_6
  100;RC            ;PO                   ;01                   ;Z-RES;E;6       ;0000   ;51       ;5180      ;             ;RC_PO_01_6
  100;RC            ;PP                   ;01                   ;Z-RES;E;6       ;0000   ;51       ;5180      ;             ;RC_PP_01_6
  100;RE            ;0A                   ;                     ;Z-RES;E;4       ;0000   ;51       ;5150      ;             ;RE_0A_4
  100;RO            ;VC                   ;00                   ;Z-RES;E;5       ;0000   ;51       ;5110      ;             ;RO_VC_00_5
  100;S1            ;HV                   ;1L                   ;Z-RES;E;6       ;0000   ;51       ;5150      ;             ;S1_HV_1L_6
  100;S1            ;HV                   ;1S                   ;Z-RES;E;6       ;0000   ;51       ;5150      ;             ;S1_HV_1S_6
  100;S1            ;HV                   ;1T                   ;Z-RES;E;6       ;0000   ;51       ;5150      ;             ;S1_HV_1T_6
  100;S1            ;M1                   ;1T                   ;Z-RES;E;6       ;0000   ;51       ;5150      ;             ;S1_M1_1T_6
  100;S1            ;MA                   ;1M                   ;Z-RES;E;6       ;0000   ;51       ;5150      ;             ;S1_MA_1M_6
  100;S1            ;MA                   ;2M                   ;Z-RES;E;6       ;0000   ;51       ;5150      ;             ;S1_MA_2M_6
  100;S2            ;HV                   ;1S                   ;Z-RES;E;6       ;0000   ;51       ;5150      ;             ;S2_HV_1S_6
  100;S2            ;HV                   ;1T                   ;Z-RES;E;6       ;0000   ;51       ;5150      ;             ;S2_HV_1T_6
  100;S2            ;M1                   ;1T                   ;Z-RES;E;6       ;0000   ;51       ;5150      ;             ;S2_M1_1T_6
  100;S2            ;MA                   ;1M                   ;Z-RES;E;6       ;0000   ;51       ;5150      ;             ;S2_MA_1M_6
  100;S2            ;MA                   ;2M                   ;Z-RES;E;6       ;0000   ;51       ;5150      ;             ;S2_MA_2M_6
  100;S3            ;HV                   ;1S                   ;Z-RES;E;6       ;0000   ;51       ;5150      ;             ;S3_HV_1S_6
  100;S3            ;M1                   ;1T                   ;Z-RES;E;6       ;0000   ;51       ;5150      ;             ;S3_M1_1T_6
  100;S4            ;M1                   ;1T                   ;Z-RES;E;6       ;0000   ;51       ;5150      ;             ;S4_M1_1T_6
  100;S5            ;M1                   ;1T                   ;Z-RES;E;6       ;0000   ;51       ;5150      ;             ;S5_M1_1T_6
  100;S6            ;M1                   ;1T                   ;Z-RES;E;6       ;0000   ;51       ;5150      ;             ;S6_M1_1T_6
  100;S7            ;M1                   ;1T                   ;Z-RES;E;6       ;0000   ;51       ;5150      ;             ;S7_M1_1T_6
  100;S8            ;M1                   ;1T                   ;Z-RES;E;6       ;0000   ;51       ;5150      ;             ;S8_M1_1T_6
  100;SA            ;00                   ;0E                   ;Z-RES;E;5       ;0000   ;51       ;5150      ;             ;SA_00_0E_5
  100;SA            ;0A                   ;                     ;Z-RES;E;4       ;0000   ;51       ;5150      ;             ;SA_0A_4
  100;SA            ;0E                   ;                     ;Z-RES;E;4       ;0000   ;51       ;5150      ;             ;SA_0E_4
  100;SA            ;C1                   ;01                   ;Z-RES;E;6       ;0000   ;51       ;5180      ;             ;SA_C1_01_6
  100;SA            ;C1                   ;02                   ;Z-RES;E;6       ;0000   ;51       ;5180      ;             ;SA_C1_02_6
  100;SA            ;C1                   ;03                   ;Z-RES;E;6       ;0000   ;51       ;5180      ;             ;SA_C1_03_6
  100;SA            ;C1                   ;04                   ;Z-RES;E;6       ;0000   ;51       ;5180      ;             ;SA_C1_04_6
  100;SA            ;C1                   ;05                   ;Z-RES;E;6       ;0000   ;51       ;5180      ;             ;SA_C1_05_6
  100;SA            ;C1                   ;06                   ;Z-RES;E;6       ;0000   ;51       ;5180      ;             ;SA_C1_06_6
  100;SA            ;C1                   ;07                   ;Z-RES;E;6       ;0000   ;51       ;5180      ;             ;SA_C1_07_6
  100;SA            ;C1                   ;08                   ;Z-RES;E;6       ;0000   ;51       ;5180      ;             ;SA_C1_08_6
  100;SA            ;C1                   ;09                   ;Z-RES;E;6       ;0000   ;51       ;5180      ;             ;SA_C1_09_6
  100;SA            ;C1                   ;10                   ;Z-RES;E;6       ;0000   ;51       ;5180      ;             ;SA_C1_10_6
  100;SA            ;C1                   ;11                   ;Z-RES;E;6       ;0000   ;51       ;5180      ;             ;SA_C1_11_6
  100;SA            ;C1                   ;12                   ;Z-RES;E;6       ;0000   ;51       ;5180      ;             ;SA_C1_12_6
  100;SA            ;C2                   ;01                   ;Z-RES;E;6       ;0000   ;51       ;5180      ;             ;SA_C2_01_6
  100;SA            ;C2                   ;02                   ;Z-RES;E;6       ;0000   ;51       ;5180      ;             ;SA_C2_02_6
  100;SA            ;C2                   ;03                   ;Z-RES;E;6       ;0000   ;51       ;5180      ;             ;SA_C2_03_6
  100;SA            ;C2                   ;04                   ;Z-RES;E;6       ;0000   ;51       ;5180      ;             ;SA_C2_04_6
  100;SA            ;C2                   ;05                   ;Z-RES;E;6       ;0000   ;51       ;5180      ;             ;SA_C2_05_6
  100;SA            ;C2                   ;06                   ;Z-RES;E;6       ;0000   ;51       ;5180      ;             ;SA_C2_06_6
  100;SA            ;C2                   ;07                   ;Z-RES;E;6       ;0000   ;51       ;5180      ;             ;SA_C2_07_6
  100;SA            ;C2                   ;08                   ;Z-RES;E;6       ;0000   ;51       ;5180      ;             ;SA_C2_08_6
  100;SA            ;C2                   ;09                   ;Z-RES;E;6       ;0000   ;51       ;5180      ;             ;SA_C2_09_6
  100;SA            ;C3                   ;01                   ;Z-RES;E;6       ;0000   ;51       ;5180      ;             ;SA_C3_01_6
  100;SA            ;C3                   ;02                   ;Z-RES;E;6       ;0000   ;51       ;5180      ;             ;SA_C3_02_6
  100;SA            ;C3                   ;03                   ;Z-RES;E;6       ;0000   ;51       ;5180      ;             ;SA_C3_03_6
  100;SA            ;C3                   ;04                   ;Z-RES;E;6       ;0000   ;51       ;5180      ;             ;SA_C3_04_6
  100;SA            ;C3                   ;05                   ;Z-RES;E;6       ;0000   ;51       ;5180      ;             ;SA_C3_05_6
  100;SA            ;C3                   ;06                   ;Z-RES;E;6       ;0000   ;51       ;5180      ;             ;SA_C3_06_6
  100;SA            ;C3                   ;07                   ;Z-RES;E;6       ;0000   ;51       ;5180      ;             ;SA_C3_07_6
  100;SA            ;C3                   ;08                   ;Z-RES;E;6       ;0000   ;51       ;5180      ;             ;SA_C3_08_6
  100;SA            ;C3                   ;09                   ;Z-RES;E;6       ;0000   ;51       ;5180      ;             ;SA_C3_09_6
  100;SA            ;C4                   ;01                   ;Z-RES;E;6       ;0000   ;51       ;5180      ;             ;SA_C4_01_6
  100;SA            ;C4                   ;02                   ;Z-RES;E;6       ;0000   ;51       ;5180      ;             ;SA_C4_02_6
  100;SA            ;C4                   ;03                   ;Z-RES;E;6       ;0000   ;51       ;5180      ;             ;SA_C4_03_6
  100;SA            ;C4                   ;04                   ;Z-RES;E;6       ;0000   ;51       ;5180      ;             ;SA_C4_04_6
  100;SA            ;C4                   ;05                   ;Z-RES;E;6       ;0000   ;51       ;5180      ;             ;SA_C4_05_6
  100;SA            ;C4                   ;06                   ;Z-RES;E;6       ;0000   ;51       ;5180      ;             ;SA_C4_06_6
  100;SA            ;C4                   ;07                   ;Z-RES;E;6       ;0000   ;51       ;5180      ;             ;SA_C4_07_6
  100;SA            ;C4                   ;08                   ;Z-RES;E;6       ;0000   ;51       ;5180      ;             ;SA_C4_08_6
  100;SA            ;C4                   ;09                   ;Z-RES;E;6       ;0000   ;51       ;5180      ;             ;SA_C4_09_6
  100;SA            ;C5                   ;01                   ;Z-RES;E;6       ;0000   ;51       ;5180      ;             ;SA_C5_01_6
  100;SA            ;C5                   ;02                   ;Z-RES;E;6       ;0000   ;51       ;5180      ;             ;SA_C5_02_6
  100;SA            ;C5                   ;03                   ;Z-RES;E;6       ;0000   ;51       ;5180      ;             ;SA_C5_03_6
  100;SA            ;C5                   ;04                   ;Z-RES;E;6       ;0000   ;51       ;5180      ;             ;SA_C5_04_6
  100;SA            ;C5                   ;05                   ;Z-RES;E;6       ;0000   ;51       ;5180      ;             ;SA_C5_05_6
  100;SA            ;C5                   ;06                   ;Z-RES;E;6       ;0000   ;51       ;5180      ;             ;SA_C5_06_6
  100;SA            ;C5                   ;07                   ;Z-RES;E;6       ;0000   ;51       ;5180      ;             ;SA_C5_07_6
  100;SA            ;C5                   ;08                   ;Z-RES;E;6       ;0000   ;51       ;5180      ;             ;SA_C5_08_6
  100;SA            ;C5                   ;09                   ;Z-RES;E;6       ;0000   ;51       ;5180      ;             ;SA_C5_09_6
  100;SA            ;C6                   ;01                   ;Z-RES;E;6       ;0000   ;51       ;5180      ;             ;SA_C6_01_6
  100;SA            ;C6                   ;02                   ;Z-RES;E;6       ;0000   ;51       ;5180      ;             ;SA_C6_02_6
  100;SA            ;C6                   ;03                   ;Z-RES;E;6       ;0000   ;51       ;5180      ;             ;SA_C6_03_6
  100;SA            ;C6                   ;04                   ;Z-RES;E;6       ;0000   ;51       ;5180      ;             ;SA_C6_04_6
  100;SA            ;C6                   ;05                   ;Z-RES;E;6       ;0000   ;51       ;5180      ;             ;SA_C6_05_6
  100;SA            ;C6                   ;06                   ;Z-RES;E;6       ;0000   ;51       ;5180      ;             ;SA_C6_06_6
  100;SA            ;C6                   ;07                   ;Z-RES;E;6       ;0000   ;51       ;5180      ;             ;SA_C6_07_6
  100;SA            ;C6                   ;08                   ;Z-RES;E;6       ;0000   ;51       ;5180      ;             ;SA_C6_08_6
  100;SA            ;C6                   ;09                   ;Z-RES;E;6       ;0000   ;51       ;5180      ;             ;SA_C6_09_6
  100;SA            ;C7                   ;01                   ;Z-RES;E;6       ;0000   ;51       ;5180      ;             ;SA_C7_01_6
  100;SA            ;C7                   ;02                   ;Z-RES;E;6       ;0000   ;51       ;5180      ;             ;SA_C7_02_6
  100;SA            ;C7                   ;03                   ;Z-RES;E;6       ;0000   ;51       ;5180      ;             ;SA_C7_03_6
  100;SA            ;C7                   ;04                   ;Z-RES;E;6       ;0000   ;51       ;5180      ;             ;SA_C7_04_6
  100;SA            ;C7                   ;05                   ;Z-RES;E;6       ;0000   ;51       ;5180      ;             ;SA_C7_05_6
  100;SA            ;C7                   ;06                   ;Z-RES;E;6       ;0000   ;51       ;5180      ;             ;SA_C7_06_6
  100;SA            ;C7                   ;07                   ;Z-RES;E;6       ;0000   ;51       ;5180      ;             ;SA_C7_07_6
  100;SA            ;C7                   ;08                   ;Z-RES;E;6       ;0000   ;51       ;5180      ;             ;SA_C7_08_6
  100;SA            ;C7                   ;09                   ;Z-RES;E;6       ;0000   ;51       ;5180      ;             ;SA_C7_09_6
  100;SA            ;C8                   ;01                   ;Z-RES;E;6       ;0000   ;51       ;5180      ;             ;SA_C8_01_6
  100;SA            ;C8                   ;02                   ;Z-RES;E;6       ;0000   ;51       ;5180      ;             ;SA_C8_02_6
  100;SA            ;C8                   ;03                   ;Z-RES;E;6       ;0000   ;51       ;5180      ;             ;SA_C8_03_6
  100;SA            ;C8                   ;04                   ;Z-RES;E;6       ;0000   ;51       ;5180      ;             ;SA_C8_04_6
  100;SA            ;C8                   ;05                   ;Z-RES;E;6       ;0000   ;51       ;5180      ;             ;SA_C8_05_6
  100;SA            ;C8                   ;06                   ;Z-RES;E;6       ;0000   ;51       ;5180      ;             ;SA_C8_06_6
  100;SA            ;C8                   ;07                   ;Z-RES;E;6       ;0000   ;51       ;5180      ;             ;SA_C8_07_6
  100;SA            ;C8                   ;08                   ;Z-RES;E;6       ;0000   ;51       ;5180      ;             ;SA_C8_08_6
  100;SA            ;WE                   ;                     ;Z-RES;E;4       ;0000   ;51       ;5150      ;             ;SA_WE_4
  100;SA            ;ZE                   ;                     ;Z-RES;E;4       ;0000   ;51       ;5150      ;             ;SA_ZE_4
  100;SB            ;LA                   ;0A                   ;Z-RES;E;5       ;0000   ;51       ;5150      ;             ;SB_LA_0A_5
  100;SC            ;N0                   ;00                   ;Z-RES;E;6       ;0000   ;51       ;5190      ;             ;SC_N0_00_6
  100;SC            ;N0                   ;0E                   ;Z-RES;E;5       ;0000   ;51       ;5190      ;             ;SC_N0_0E_5
  100;SC            ;N0                   ;WE                   ;Z-RES;E;5       ;0000   ;51       ;5190      ;             ;SC_N0_WE_5
  100;SC            ;N0                   ;ZE                   ;Z-RES;E;5       ;0000   ;51       ;5190      ;             ;SC_N0_ZE_5
  100;SC            ;N1                   ;00                   ;Z-RES;E;6       ;0000   ;51       ;5190      ;SCC          ;SC_N1_00_6
  100;SC            ;N2                   ;00                   ;Z-RES;E;6       ;0000   ;51       ;5190      ;SCC          ;SC_N2_00_6
  100;SC            ;N3                   ;00                   ;Z-RES;E;6       ;0000   ;51       ;5190      ;SCC          ;SC_N3_00_6
  100;SC            ;N4                   ;00                   ;Z-RES;E;6       ;0000   ;51       ;5190      ;SCC          ;SC_N4_00_6
  100;SC            ;N5                   ;00                   ;Z-RES;E;6       ;0000   ;51       ;5190      ;SCC          ;SC_N5_00_6
  100;SC            ;SU                   ;00                   ;Z-RES;E;6       ;0000   ;51       ;5190      ;SCC          ;SC_SU_00_6
  100;SG            ;LA                   ;0A                   ;Z-RES;E;5       ;0000   ;51       ;5150      ;             ;SG_LA_0A_5
  100;SM            ;TC                   ;00                   ;Z-RES;E;5       ;0000   ;51       ;5180      ;             ;SM_TC_00_5
  100;SR            ;M1                   ;1T                   ;Z-RES;E;6       ;0000   ;51       ;5150      ;             ;SR_M1_1T_6
  100;SS            ;00                   ;                     ;Z-RES;E;4       ;0000   ;51       ;5150      ;             ;SS_00_4
  100;SU            ;00                   ;0E                   ;Z-RES;E;5       ;0000   ;51       ;5190      ;SCC          ;SU_00_0E_5
  100;SW            ;N0                   ;00                   ;Z-RES;E;6       ;0000   ;51       ;5190      ;             ;SW_N0_00_6
  100;SW            ;N0                   ;0E                   ;Z-RES;E;5       ;0000   ;51       ;5190      ;             ;SW_N0_0E_5
  100;SW            ;N0                   ;WE                   ;Z-RES;E;5       ;0000   ;51       ;5190      ;             ;SW_N0_WE_5
  100;SW            ;N0                   ;ZE                   ;Z-RES;E;5       ;0000   ;51       ;5190      ;             ;SW_N0_ZE_5
  100;SW            ;T1                   ;TR                   ;Z-RES;E;6       ;0000   ;51       ;5190      ;             ;SW_T1_TR_6
  100;SW            ;T2                   ;TR                   ;Z-RES;E;6       ;0000   ;51       ;5190      ;             ;SW_T2_TR_6
  100;SW            ;T3                   ;TR                   ;Z-RES;E;6       ;0000   ;51       ;5190      ;             ;SW_T3_TR_6
  100;SW            ;T4                   ;TR                   ;Z-RES;E;6       ;0000   ;51       ;5190      ;             ;SW_T4_TR_6
  100;SW            ;T5                   ;TR                   ;Z-RES;E;6       ;0000   ;51       ;5190      ;             ;SW_T5_TR_6
  100;SW            ;T6                   ;TR                   ;Z-RES;E;6       ;0000   ;51       ;5190      ;             ;SW_T6_TR_6
  100;SW            ;T7                   ;TR                   ;Z-RES;E;6       ;0000   ;51       ;5190      ;             ;SW_T7_TR_6
  100;SW            ;T8                   ;TR                   ;Z-RES;E;6       ;0000   ;51       ;5190      ;             ;SW_T8_TR_6
  100;SW            ;TR                   ;01                   ;Z-RES;E;6       ;0000   ;51       ;5190      ;TRA          ;SW_TR_01_6
  100;SW            ;TR                   ;02                   ;Z-RES;E;6       ;0000   ;51       ;5190      ;TRA          ;SW_TR_02_6
  100;SW            ;TR                   ;03                   ;Z-RES;E;6       ;0000   ;51       ;5190      ;TRA          ;SW_TR_03_6
  100;SW            ;TR                   ;04                   ;Z-RES;E;6       ;0000   ;51       ;5190      ;TRA          ;SW_TR_04_6
  100;SW            ;TR                   ;05                   ;Z-RES;E;6       ;0000   ;51       ;5190      ;TRA          ;SW_TR_05_6
  100;SW            ;TR                   ;06                   ;Z-RES;E;6       ;0000   ;51       ;5190      ;TRA          ;SW_TR_06_6
  100;SW            ;TR                   ;07                   ;Z-RES;E;6       ;0000   ;51       ;5190      ;TRA          ;SW_TR_07_6
  100;SW            ;TR                   ;08                   ;Z-RES;E;6       ;0000   ;51       ;5190      ;TRA          ;SW_TR_08_6
  100;SW            ;TR                   ;09                   ;Z-RES;E;6       ;0000   ;51       ;5190      ;TRA          ;SW_TR_09_6
  100;SW            ;TR                   ;10                   ;Z-RES;E;6       ;0000   ;51       ;5190      ;TRA          ;SW_TR_10_6
  100;SW            ;TR                   ;11                   ;Z-RES;E;6       ;0000   ;51       ;5190      ;TRA          ;SW_TR_11_6
  100;SW            ;TR                   ;12                   ;Z-RES;E;6       ;0000   ;51       ;5190      ;TRA          ;SW_TR_12_6
  100;SW            ;TR                   ;13                   ;Z-RES;E;6       ;0000   ;51       ;5190      ;TRA          ;SW_TR_13_6
  100;SW            ;TR                   ;14                   ;Z-RES;E;6       ;0000   ;51       ;5190      ;TRA          ;SW_TR_14_6
  100;SW            ;TR                   ;15                   ;Z-RES;E;6       ;0000   ;51       ;5190      ;TRA          ;SW_TR_15_6
  100;SW            ;TR                   ;16                   ;Z-RES;E;6       ;0000   ;51       ;5190      ;TRA          ;SW_TR_16_6
  100;SW            ;TR                   ;17                   ;Z-RES;E;6       ;0000   ;51       ;5190      ;TRA          ;SW_TR_17_6
  100;SW            ;TR                   ;18                   ;Z-RES;E;6       ;0000   ;51       ;5190      ;TRA          ;SW_TR_18_6
  100;SW            ;TR                   ;19                   ;Z-RES;E;6       ;0000   ;51       ;5190      ;TRA          ;SW_TR_19_6
  100;SW            ;TR                   ;20                   ;Z-RES;E;6       ;0000   ;51       ;5190      ;TRA          ;SW_TR_20_6
  100;SW            ;TR                   ;21                   ;Z-RES;E;6       ;0000   ;51       ;5190      ;TRA          ;SW_TR_21_6
  100;SW            ;TR                   ;22                   ;Z-RES;E;6       ;0000   ;51       ;5190      ;TRA          ;SW_TR_22_6
  100;SW            ;TR                   ;23                   ;Z-RES;E;6       ;0000   ;51       ;5190      ;TRA          ;SW_TR_23_6
  100;SW            ;TR                   ;24                   ;Z-RES;E;6       ;0000   ;51       ;5190      ;TRA          ;SW_TR_24_6
  100;T1            ;TR                   ;1E                   ;Z-RES;E;5       ;0000   ;51       ;5190      ;             ;T1_TR_1E_5
  100;T1            ;TR                   ;2E                   ;Z-RES;E;5       ;0000   ;51       ;5190      ;             ;T1_TR_2E_5
  100;T1            ;TR                   ;3E                   ;Z-RES;E;5       ;0000   ;51       ;5190      ;             ;T1_TR_3E_5
  100;T1            ;TR                   ;4E                   ;Z-RES;E;5       ;0000   ;51       ;5190      ;             ;T1_TR_4E_5
  100;T1            ;TR                   ;5E                   ;Z-RES;E;5       ;0000   ;51       ;5190      ;             ;T1_TR_5E_5
  100;T1            ;TR                   ;6E                   ;Z-RES;E;5       ;0000   ;51       ;5190      ;             ;T1_TR_6E_5
  100;T1            ;TR                   ;7E                   ;Z-RES;E;5       ;0000   ;51       ;5190      ;             ;T1_TR_7E_5
  100;T1            ;TR                   ;8E                   ;Z-RES;E;5       ;0000   ;51       ;5190      ;             ;T1_TR_8E_5
  100;T1            ;TR                   ;9E                   ;Z-RES;E;5       ;0000   ;51       ;5190      ;             ;T1_TR_9E_5
  100;T1            ;TR                   ;AE                   ;Z-RES;E;5       ;0000   ;51       ;5190      ;             ;T1_TR_AE_5
  100;T1            ;TR                   ;BE                   ;Z-RES;E;5       ;0000   ;51       ;5190      ;             ;T1_TR_BE_5
  100;T1            ;TR                   ;CE                   ;Z-RES;E;5       ;0000   ;51       ;5190      ;             ;T1_TR_CE_5
  100;T1            ;TR                   ;DE                   ;Z-RES;E;5       ;0000   ;51       ;5190      ;             ;T1_TR_DE_5
  100;T1            ;TR                   ;EE                   ;Z-RES;E;5       ;0000   ;51       ;5190      ;             ;T1_TR_EE_5
  100;T2            ;TR                   ;1E                   ;Z-RES;E;5       ;0000   ;51       ;5190      ;             ;T2_TR_1E_5
  100;T2            ;TR                   ;2E                   ;Z-RES;E;5       ;0000   ;51       ;5190      ;             ;T2_TR_2E_5
  100;T2            ;TR                   ;3E                   ;Z-RES;E;5       ;0000   ;51       ;5190      ;             ;T2_TR_3E_5
  100;T2            ;TR                   ;4E                   ;Z-RES;E;5       ;0000   ;51       ;5190      ;             ;T2_TR_4E_5
  100;T2            ;TR                   ;5E                   ;Z-RES;E;5       ;0000   ;51       ;5190      ;             ;T2_TR_5E_5
  100;T2            ;TR                   ;6E                   ;Z-RES;E;5       ;0000   ;51       ;5190      ;             ;T2_TR_6E_5
  100;T2            ;TR                   ;7E                   ;Z-RES;E;5       ;0000   ;51       ;5190      ;             ;T2_TR_7E_5
  100;T2            ;TR                   ;8E                   ;Z-RES;E;5       ;0000   ;51       ;5190      ;             ;T2_TR_8E_5
  100;T2            ;TR                   ;9E                   ;Z-RES;E;5       ;0000   ;51       ;5190      ;             ;T2_TR_9E_5
  100;T2            ;TR                   ;AE                   ;Z-RES;E;5       ;0000   ;51       ;5190      ;             ;T2_TR_AE_5
  100;T2            ;TR                   ;BE                   ;Z-RES;E;5       ;0000   ;51       ;5190      ;             ;T2_TR_BE_5
  100;T2            ;TR                   ;CE                   ;Z-RES;E;5       ;0000   ;51       ;5190      ;             ;T2_TR_CE_5
  100;T2            ;TR                   ;DE                   ;Z-RES;E;5       ;0000   ;51       ;5190      ;             ;T2_TR_DE_5
  100;T2            ;TR                   ;EE                   ;Z-RES;E;5       ;0000   ;51       ;5190      ;             ;T2_TR_EE_5
  100;T3            ;TR                   ;1E                   ;Z-RES;E;5       ;0000   ;51       ;5190      ;             ;T3_TR_1E_5
  100;T3            ;TR                   ;2E                   ;Z-RES;E;5       ;0000   ;51       ;5190      ;             ;T3_TR_2E_5
  100;T3            ;TR                   ;3E                   ;Z-RES;E;5       ;0000   ;51       ;5190      ;             ;T3_TR_3E_5
  100;T3            ;TR                   ;4E                   ;Z-RES;E;5       ;0000   ;51       ;5190      ;             ;T3_TR_4E_5
  100;T3            ;TR                   ;5E                   ;Z-RES;E;5       ;0000   ;51       ;5190      ;             ;T3_TR_5E_5
  100;T3            ;TR                   ;6E                   ;Z-RES;E;5       ;0000   ;51       ;5190      ;             ;T3_TR_6E_5
  100;T3            ;TR                   ;7E                   ;Z-RES;E;5       ;0000   ;51       ;5190      ;             ;T3_TR_7E_5
  100;T3            ;TR                   ;8E                   ;Z-RES;E;5       ;0000   ;51       ;5190      ;             ;T3_TR_8E_5
  100;T3            ;TR                   ;9E                   ;Z-RES;E;5       ;0000   ;51       ;5190      ;             ;T3_TR_9E_5
  100;T3            ;TR                   ;AE                   ;Z-RES;E;5       ;0000   ;51       ;5190      ;             ;T3_TR_AE_5
  100;T3            ;TR                   ;BE                   ;Z-RES;E;5       ;0000   ;51       ;5190      ;             ;T3_TR_BE_5
  100;T3            ;TR                   ;CE                   ;Z-RES;E;5       ;0000   ;51       ;5190      ;             ;T3_TR_CE_5
  100;T3            ;TR                   ;DE                   ;Z-RES;E;5       ;0000   ;51       ;5190      ;             ;T3_TR_DE_5
  100;T3            ;TR                   ;EE                   ;Z-RES;E;5       ;0000   ;51       ;5190      ;             ;T3_TR_EE_5
  100;T4            ;TR                   ;1E                   ;Z-RES;E;5       ;0000   ;51       ;5190      ;             ;T4_TR_1E_5
  100;T4            ;TR                   ;2E                   ;Z-RES;E;5       ;0000   ;51       ;5190      ;             ;T4_TR_2E_5
  100;T4            ;TR                   ;3E                   ;Z-RES;E;5       ;0000   ;51       ;5190      ;             ;T4_TR_3E_5
  100;T4            ;TR                   ;4E                   ;Z-RES;E;5       ;0000   ;51       ;5190      ;             ;T4_TR_4E_5
  100;T4            ;TR                   ;5E                   ;Z-RES;E;5       ;0000   ;51       ;5190      ;             ;T4_TR_5E_5
  100;T4            ;TR                   ;6E                   ;Z-RES;E;5       ;0000   ;51       ;5190      ;             ;T4_TR_6E_5
  100;T4            ;TR                   ;7E                   ;Z-RES;E;5       ;0000   ;51       ;5190      ;             ;T4_TR_7E_5
  100;T4            ;TR                   ;8E                   ;Z-RES;E;5       ;0000   ;51       ;5190      ;             ;T4_TR_8E_5
  100;T4            ;TR                   ;9E                   ;Z-RES;E;5       ;0000   ;51       ;5190      ;             ;T4_TR_9E_5
  100;T4            ;TR                   ;AE                   ;Z-RES;E;5       ;0000   ;51       ;5190      ;             ;T4_TR_AE_5
  100;T4            ;TR                   ;BE                   ;Z-RES;E;5       ;0000   ;51       ;5190      ;             ;T4_TR_BE_5
  100;T4            ;TR                   ;CE                   ;Z-RES;E;5       ;0000   ;51       ;5190      ;             ;T4_TR_CE_5
  100;T4            ;TR                   ;DE                   ;Z-RES;E;5       ;0000   ;51       ;5190      ;             ;T4_TR_DE_5
  100;T4            ;TR                   ;EE                   ;Z-RES;E;5       ;0000   ;51       ;5190      ;             ;T4_TR_EE_5
  100;T5            ;TR                   ;1E                   ;Z-RES;E;5       ;0000   ;51       ;5190      ;             ;T5_TR_1E_5
  100;T5            ;TR                   ;2E                   ;Z-RES;E;5       ;0000   ;51       ;5190      ;             ;T5_TR_2E_5
  100;T5            ;TR                   ;3E                   ;Z-RES;E;5       ;0000   ;51       ;5190      ;             ;T5_TR_3E_5
  100;T5            ;TR                   ;4E                   ;Z-RES;E;5       ;0000   ;51       ;5190      ;             ;T5_TR_4E_5
  100;T5            ;TR                   ;5E                   ;Z-RES;E;5       ;0000   ;51       ;5190      ;             ;T5_TR_5E_5
  100;T5            ;TR                   ;6E                   ;Z-RES;E;5       ;0000   ;51       ;5190      ;             ;T5_TR_6E_5
  100;T5            ;TR                   ;7E                   ;Z-RES;E;5       ;0000   ;51       ;5190      ;             ;T5_TR_7E_5
  100;T5            ;TR                   ;8E                   ;Z-RES;E;5       ;0000   ;51       ;5190      ;             ;T5_TR_8E_5
  100;T5            ;TR                   ;9E                   ;Z-RES;E;5       ;0000   ;51       ;5190      ;             ;T5_TR_9E_5
  100;T5            ;TR                   ;AE                   ;Z-RES;E;5       ;0000   ;51       ;5190      ;             ;T5_TR_AE_5
  100;T5            ;TR                   ;BE                   ;Z-RES;E;5       ;0000   ;51       ;5190      ;             ;T5_TR_BE_5
  100;T5            ;TR                   ;CE                   ;Z-RES;E;5       ;0000   ;51       ;5190      ;             ;T5_TR_CE_5
  100;T6            ;TR                   ;1E                   ;Z-RES;E;5       ;0000   ;51       ;5190      ;             ;T6_TR_1E_5
  100;T6            ;TR                   ;2E                   ;Z-RES;E;5       ;0000   ;51       ;5190      ;             ;T6_TR_2E_5
  100;T6            ;TR                   ;3E                   ;Z-RES;E;5       ;0000   ;51       ;5190      ;             ;T6_TR_3E_5
  100;T6            ;TR                   ;4E                   ;Z-RES;E;5       ;0000   ;51       ;5190      ;             ;T6_TR_4E_5
  100;T6            ;TR                   ;5E                   ;Z-RES;E;5       ;0000   ;51       ;5190      ;             ;T6_TR_5E_5
  100;T6            ;TR                   ;6E                   ;Z-RES;E;5       ;0000   ;51       ;5190      ;             ;T6_TR_6E_5
  100;T6            ;TR                   ;7E                   ;Z-RES;E;5       ;0000   ;51       ;5190      ;             ;T6_TR_7E_5
  100;T6            ;TR                   ;8E                   ;Z-RES;E;5       ;0000   ;51       ;5190      ;             ;T6_TR_8E_5
  100;T6            ;TR                   ;9E                   ;Z-RES;E;5       ;0000   ;51       ;5190      ;             ;T6_TR_9E_5
  100;T6            ;TR                   ;AE                   ;Z-RES;E;5       ;0000   ;51       ;5190      ;             ;T6_TR_AE_5
  100;T6            ;TR                   ;BE                   ;Z-RES;E;5       ;0000   ;51       ;5190      ;             ;T6_TR_BE_5
  100;T6            ;TR                   ;CE                   ;Z-RES;E;5       ;0000   ;51       ;5190      ;             ;T6_TR_CE_5
  100;T7            ;TR                   ;1E                   ;Z-RES;E;5       ;0000   ;51       ;5190      ;             ;T7_TR_1E_5
  100;T7            ;TR                   ;2E                   ;Z-RES;E;5       ;0000   ;51       ;5190      ;             ;T7_TR_2E_5
  100;T7            ;TR                   ;3E                   ;Z-RES;E;5       ;0000   ;51       ;5190      ;             ;T7_TR_3E_5
  100;T7            ;TR                   ;4E                   ;Z-RES;E;5       ;0000   ;51       ;5190      ;             ;T7_TR_4E_5
  100;T7            ;TR                   ;5E                   ;Z-RES;E;5       ;0000   ;51       ;5190      ;             ;T7_TR_5E_5
  100;T7            ;TR                   ;6E                   ;Z-RES;E;5       ;0000   ;51       ;5190      ;             ;T7_TR_6E_5
  100;T7            ;TR                   ;7E                   ;Z-RES;E;5       ;0000   ;51       ;5190      ;             ;T7_TR_7E_5
  100;T7            ;TR                   ;8E                   ;Z-RES;E;5       ;0000   ;51       ;5190      ;             ;T7_TR_8E_5
  100;T7            ;TR                   ;9E                   ;Z-RES;E;5       ;0000   ;51       ;5190      ;             ;T7_TR_9E_5
  100;T7            ;TR                   ;AE                   ;Z-RES;E;5       ;0000   ;51       ;5190      ;             ;T7_TR_AE_5
  100;T7            ;TR                   ;BE                   ;Z-RES;E;5       ;0000   ;51       ;5190      ;             ;T7_TR_BE_5
  100;T7            ;TR                   ;CE                   ;Z-RES;E;5       ;0000   ;51       ;5190      ;             ;T7_TR_CE_5
  100;T8            ;TR                   ;1E                   ;Z-RES;E;5       ;0000   ;51       ;5190      ;             ;T8_TR_1E_5
  100;T8            ;TR                   ;2E                   ;Z-RES;E;5       ;0000   ;51       ;5190      ;             ;T8_TR_2E_5
  100;T8            ;TR                   ;3E                   ;Z-RES;E;5       ;0000   ;51       ;5190      ;             ;T8_TR_3E_5
  100;T9            ;TR                   ;1E                   ;Z-RES;E;5       ;0000   ;51       ;5190      ;             ;T9_TR_1E_5
  100;T9            ;TR                   ;2E                   ;Z-RES;E;5       ;0000   ;51       ;5190      ;             ;T9_TR_2E_5
  100;T9            ;TR                   ;3E                   ;Z-RES;E;5       ;0000   ;51       ;5190      ;             ;T9_TR_3E_5
  100;TA            ;TR                   ;1E                   ;Z-RES;E;5       ;0000   ;51       ;5190      ;             ;TA_TR_1E_5
  100;TA            ;TR                   ;2E                   ;Z-RES;E;5       ;0000   ;51       ;5190      ;             ;TA_TR_2E_5
  100;TA            ;TR                   ;3E                   ;Z-RES;E;5       ;0000   ;51       ;5190      ;             ;TA_TR_3E_5
  100;TB            ;TR                   ;1E                   ;Z-RES;E;5       ;0000   ;51       ;5190      ;             ;TB_TR_1E_5
  100;TB            ;TR                   ;2E                   ;Z-RES;E;5       ;0000   ;51       ;5190      ;             ;TB_TR_2E_5
  100;TB            ;TR                   ;3E                   ;Z-RES;E;5       ;0000   ;51       ;5190      ;             ;TB_TR_3E_5
  100;TC            ;00                   ;                     ;Z-RES;E;4       ;0000   ;51       ;5180      ;             ;TC_00_4
  100;TC            ;TR                   ;1E                   ;Z-RES;E;5       ;0000   ;51       ;5190      ;             ;TC_TR_1E_5
  100;TC            ;TR                   ;2E                   ;Z-RES;E;5       ;0000   ;51       ;5190      ;             ;TC_TR_2E_5
  100;TC            ;TR                   ;3E                   ;Z-RES;E;5       ;0000   ;51       ;5190      ;             ;TC_TR_3E_5
  100;TK            ;P1                   ;01                   ;Z-RES;E;6       ;0000   ;51       ;5180      ;             ;TK_P1_01_6
  100;TK            ;P1                   ;02                   ;Z-RES;E;6       ;0000   ;51       ;5180      ;             ;TK_P1_02_6
  100;TK            ;P1                   ;03                   ;Z-RES;E;6       ;0000   ;51       ;5180      ;             ;TK_P1_03_6
  100;TK            ;P1                   ;04                   ;Z-RES;E;6       ;0000   ;51       ;5180      ;             ;TK_P1_04_6
  100;TK            ;P1                   ;05                   ;Z-RES;E;6       ;0000   ;51       ;5180      ;             ;TK_P1_05_6
  100;TK            ;P1                   ;06                   ;Z-RES;E;6       ;0000   ;51       ;5180      ;             ;TK_P1_06_6
  100;TK            ;P1                   ;07                   ;Z-RES;E;6       ;0000   ;51       ;5180      ;             ;TK_P1_07_6
  100;TK            ;P1                   ;08                   ;Z-RES;E;6       ;0000   ;51       ;5180      ;             ;TK_P1_08_6
  100;TK            ;P1                   ;09                   ;Z-RES;E;6       ;0000   ;51       ;5180      ;             ;TK_P1_09_6
  100;TK            ;P1                   ;10                   ;Z-RES;E;6       ;0000   ;51       ;5180      ;             ;TK_P1_10_6
  100;TK            ;P1                   ;11                   ;Z-RES;E;6       ;0000   ;51       ;5180      ;             ;TK_P1_11_6
  100;TK            ;P1                   ;12                   ;Z-RES;E;6       ;0000   ;51       ;5180      ;             ;TK_P1_12_6
  100;TK            ;P2                   ;01                   ;Z-RES;E;6       ;0000   ;51       ;5180      ;             ;TK_P2_01_6
  100;TK            ;P2                   ;02                   ;Z-RES;E;6       ;0000   ;51       ;5180      ;             ;TK_P2_02_6
  100;TK            ;P2                   ;03                   ;Z-RES;E;6       ;0000   ;51       ;5180      ;             ;TK_P2_03_6
  100;TK            ;P2                   ;04                   ;Z-RES;E;6       ;0000   ;51       ;5180      ;             ;TK_P2_04_6
  100;TK            ;P2                   ;05                   ;Z-RES;E;6       ;0000   ;51       ;5180      ;             ;TK_P2_05_6
  100;TK            ;P2                   ;06                   ;Z-RES;E;6       ;0000   ;51       ;5180      ;             ;TK_P2_06_6
  100;TK            ;P2                   ;07                   ;Z-RES;E;6       ;0000   ;51       ;5180      ;             ;TK_P2_07_6
  100;TK            ;P2                   ;08                   ;Z-RES;E;6       ;0000   ;51       ;5180      ;             ;TK_P2_08_6
  100;TK            ;P2                   ;09                   ;Z-RES;E;6       ;0000   ;51       ;5180      ;             ;TK_P2_09_6
  100;TK            ;P3                   ;01                   ;Z-RES;E;6       ;0000   ;51       ;5180      ;             ;TK_P3_01_6
  100;TK            ;P3                   ;02                   ;Z-RES;E;6       ;0000   ;51       ;5180      ;             ;TK_P3_02_6
  100;TK            ;P3                   ;03                   ;Z-RES;E;6       ;0000   ;51       ;5180      ;             ;TK_P3_03_6
  100;TK            ;P3                   ;04                   ;Z-RES;E;6       ;0000   ;51       ;5180      ;             ;TK_P3_04_6
  100;TK            ;P3                   ;05                   ;Z-RES;E;6       ;0000   ;51       ;5180      ;             ;TK_P3_05_6
  100;TK            ;P3                   ;06                   ;Z-RES;E;6       ;0000   ;51       ;5180      ;             ;TK_P3_06_6
  100;TK            ;P3                   ;07                   ;Z-RES;E;6       ;0000   ;51       ;5180      ;             ;TK_P3_07_6
  100;TK            ;P4                   ;01                   ;Z-RES;E;6       ;0000   ;51       ;5180      ;             ;TK_P4_01_6
  100;TK            ;P4                   ;02                   ;Z-RES;E;6       ;0000   ;51       ;5180      ;             ;TK_P4_02_6
  100;TK            ;P4                   ;03                   ;Z-RES;E;6       ;0000   ;51       ;5180      ;             ;TK_P4_03_6
  100;TK            ;P4                   ;04                   ;Z-RES;E;6       ;0000   ;51       ;5180      ;             ;TK_P4_04_6
  100;TK            ;P4                   ;05                   ;Z-RES;E;6       ;0000   ;51       ;5180      ;             ;TK_P4_05_6
  100;TK            ;P4                   ;06                   ;Z-RES;E;6       ;0000   ;51       ;5180      ;             ;TK_P4_06_6
  100;TK            ;P4                   ;07                   ;Z-RES;E;6       ;0000   ;51       ;5180      ;             ;TK_P4_07_6
  100;TK            ;P5                   ;01                   ;Z-RES;E;6       ;0000   ;51       ;5180      ;             ;TK_P5_01_6
  100;TK            ;P6                   ;01                   ;Z-RES;E;6       ;0000   ;51       ;5180      ;             ;TK_P6_01_6
  100;TK            ;P7                   ;01                   ;Z-RES;E;6       ;0000   ;51       ;5180      ;             ;TK_P7_01_6
  100;TK            ;P8                   ;01                   ;Z-RES;E;6       ;0000   ;51       ;5180      ;             ;TK_P8_01_6
  100;TK            ;P9                   ;01                   ;Z-RES;E;6       ;0000   ;51       ;5180      ;             ;TK_P9_01_6
  100;TK            ;PA                   ;01                   ;Z-RES;E;6       ;0000   ;51       ;5180      ;             ;TK_PA_01_6
  100;TK            ;PB                   ;01                   ;Z-RES;E;6       ;0000   ;51       ;5180      ;             ;TK_PB_01_6
  100;TK            ;PC                   ;01                   ;Z-RES;E;6       ;0000   ;51       ;5180      ;             ;TK_PC_01_6
  100;TK            ;PD                   ;01                   ;Z-RES;E;6       ;0000   ;51       ;5180      ;             ;TK_PD_01_6
  100;TK            ;PE                   ;01                   ;Z-RES;E;6       ;0000   ;51       ;5180      ;             ;TK_PE_01_6
  100;TK            ;PF                   ;01                   ;Z-RES;E;6       ;0000   ;51       ;5180      ;             ;TK_PF_01_6
  100;TK            ;PG                   ;01                   ;Z-RES;E;6       ;0000   ;51       ;5180      ;             ;TK_PG_01_6
  100;TK            ;PH                   ;01                   ;Z-RES;E;6       ;0000   ;51       ;5180      ;             ;TK_PH_01_6
  100;TK            ;PI                   ;01                   ;Z-RES;E;6       ;0000   ;51       ;5180      ;             ;TK_PI_01_6
  100;TK            ;PJ                   ;01                   ;Z-RES;E;6       ;0000   ;51       ;5180      ;             ;TK_PJ_01_6
  100;TK            ;PK                   ;01                   ;Z-RES;E;6       ;0000   ;51       ;5180      ;             ;TK_PK_01_6
  100;TK            ;PL                   ;01                   ;Z-RES;E;6       ;0000   ;51       ;5180      ;             ;TK_PL_01_6
  100;TK            ;PM                   ;01                   ;Z-RES;E;6       ;0000   ;51       ;5180      ;             ;TK_PM_01_6
  100;TK            ;PN                   ;01                   ;Z-RES;E;6       ;0000   ;51       ;5180      ;             ;TK_PN_01_6
  100;TK            ;PO                   ;01                   ;Z-RES;E;6       ;0000   ;51       ;5180      ;             ;TK_PO_01_6
  100;TK            ;PP                   ;01                   ;Z-RES;E;6       ;0000   ;51       ;5180      ;             ;TK_PP_01_6
  100;TO            ;ZZ                   ;0E                   ;Z-RES;E;5       ;0000   ;51       ;5110      ;SCC          ;TO_ZZ_0E_5
  100;TR            ;01                   ;0E                   ;Z-RES;E;5       ;0000   ;51       ;5190      ;TRA          ;TR_01_0E_5
  100;TR            ;02                   ;0E                   ;Z-RES;E;5       ;0000   ;51       ;5190      ;TRA          ;TR_02_0E_5
  100;TR            ;03                   ;0E                   ;Z-RES;E;5       ;0000   ;51       ;5190      ;TRA          ;TR_03_0E_5
  100;TR            ;04                   ;0E                   ;Z-RES;E;5       ;0000   ;51       ;5190      ;TRA          ;TR_04_0E_5
  100;TR            ;05                   ;0E                   ;Z-RES;E;5       ;0000   ;51       ;5190      ;TRA          ;TR_05_0E_5
  100;TR            ;06                   ;0E                   ;Z-RES;E;5       ;0000   ;51       ;5190      ;TRA          ;TR_06_0E_5
  100;TR            ;07                   ;0E                   ;Z-RES;E;5       ;0000   ;51       ;5190      ;TRA          ;TR_07_0E_5
  100;TR            ;08                   ;0E                   ;Z-RES;E;5       ;0000   ;51       ;5190      ;TRA          ;TR_08_0E_5
  100;TR            ;09                   ;0E                   ;Z-RES;E;5       ;0000   ;51       ;5190      ;TRA          ;TR_09_0E_5
  100;TR            ;10                   ;0E                   ;Z-RES;E;5       ;0000   ;51       ;5190      ;TRA          ;TR_10_0E_5
  100;TR            ;11                   ;0E                   ;Z-RES;E;5       ;0000   ;51       ;5190      ;TRA          ;TR_11_0E_5
  100;TR            ;12                   ;0E                   ;Z-RES;E;5       ;0000   ;51       ;5190      ;TRA          ;TR_12_0E_5
  100;TR            ;13                   ;0E                   ;Z-RES;E;5       ;0000   ;51       ;5190      ;TRA          ;TR_13_0E_5
  100;TR            ;14                   ;0E                   ;Z-RES;E;5       ;0000   ;51       ;5190      ;TRA          ;TR_14_0E_5
  100;TR            ;15                   ;0E                   ;Z-RES;E;5       ;0000   ;51       ;5190      ;TRA          ;TR_15_0E_5
  100;TR            ;16                   ;0E                   ;Z-RES;E;5       ;0000   ;51       ;5190      ;TRA          ;TR_16_0E_5
  100;TR            ;17                   ;0E                   ;Z-RES;E;5       ;0000   ;51       ;5190      ;TRA          ;TR_17_0E_5
  100;TR            ;18                   ;0E                   ;Z-RES;E;5       ;0000   ;51       ;5190      ;TRA          ;TR_18_0E_5
  100;TR            ;19                   ;0E                   ;Z-RES;E;5       ;0000   ;51       ;5190      ;TRA          ;TR_19_0E_5
  100;TR            ;1E                   ;                     ;Z-RES;E;4       ;0000   ;51       ;5190      ;             ;TR_1E_4
  100;TR            ;20                   ;0E                   ;Z-RES;E;5       ;0000   ;51       ;5190      ;TRA          ;TR_20_0E_5
  100;TR            ;21                   ;0E                   ;Z-RES;E;5       ;0000   ;51       ;5190      ;TRA          ;TR_21_0E_5
  100;TR            ;22                   ;0E                   ;Z-RES;E;5       ;0000   ;51       ;5190      ;TRA          ;TR_22_0E_5
  100;TR            ;23                   ;0E                   ;Z-RES;E;5       ;0000   ;51       ;5190      ;TRA          ;TR_23_0E_5
  100;TR            ;24                   ;0E                   ;Z-RES;E;5       ;0000   ;51       ;5190      ;TRA          ;TR_24_0E_5
  100;TR            ;25                   ;0E                   ;Z-RES;E;5       ;0000   ;51       ;5190      ;TRA          ;TR_25_0E_5
  100;TR            ;26                   ;0E                   ;Z-RES;E;5       ;0000   ;51       ;5190      ;TRA          ;TR_26_0E_5
  100;TR            ;27                   ;0E                   ;Z-RES;E;5       ;0000   ;51       ;5190      ;TRA          ;TR_27_0E_5
  100;TR            ;28                   ;0E                   ;Z-RES;E;5       ;0000   ;51       ;5190      ;TRA          ;TR_28_0E_5
  100;TR            ;29                   ;0E                   ;Z-RES;E;5       ;0000   ;51       ;5190      ;TRA          ;TR_29_0E_5
  100;TR            ;2E                   ;                     ;Z-RES;E;4       ;0000   ;51       ;5190      ;             ;TR_2E_4
  100;TR            ;30                   ;0E                   ;Z-RES;E;5       ;0000   ;51       ;5190      ;TRA          ;TR_30_0E_5
  100;TR            ;31                   ;0E                   ;Z-RES;E;5       ;0000   ;51       ;5190      ;TRA          ;TR_31_0E_5
  100;TR            ;32                   ;0E                   ;Z-RES;E;5       ;0000   ;51       ;5190      ;TRA          ;TR_32_0E_5
  100;TR            ;33                   ;0E                   ;Z-RES;E;5       ;0000   ;51       ;5190      ;TRA          ;TR_33_0E_5
  100;TR            ;34                   ;0E                   ;Z-RES;E;5       ;0000   ;51       ;5190      ;TRA          ;TR_34_0E_5
  100;TR            ;35                   ;0E                   ;Z-RES;E;5       ;0000   ;51       ;5190      ;TRA          ;TR_35_0E_5
  100;TR            ;36                   ;0E                   ;Z-RES;E;5       ;0000   ;51       ;5190      ;TRA          ;TR_36_0E_5
  100;TR            ;37                   ;0E                   ;Z-RES;E;5       ;0000   ;51       ;5190      ;TRA          ;TR_37_0E_5
  100;TR            ;38                   ;0E                   ;Z-RES;E;5       ;0000   ;51       ;5190      ;TRA          ;TR_38_0E_5
  100;TR            ;39                   ;0E                   ;Z-RES;E;5       ;0000   ;51       ;5190      ;TRA          ;TR_39_0E_5
  100;TR            ;3E                   ;                     ;Z-RES;E;4       ;0000   ;51       ;5190      ;             ;TR_3E_4
  100;TR            ;40                   ;0E                   ;Z-RES;E;5       ;0000   ;51       ;5190      ;TRA          ;TR_40_0E_5
  100;TR            ;41                   ;0E                   ;Z-RES;E;5       ;0000   ;51       ;5190      ;TRA          ;TR_41_0E_5
  100;TR            ;42                   ;0E                   ;Z-RES;E;5       ;0000   ;51       ;5190      ;TRA          ;TR_42_0E_5
  100;TR            ;4E                   ;                     ;Z-RES;E;4       ;0000   ;51       ;5190      ;             ;TR_4E_4
  100;TR            ;5E                   ;                     ;Z-RES;E;4       ;0000   ;51       ;5190      ;             ;TR_5E_4
  100;TR            ;6E                   ;                     ;Z-RES;E;4       ;0000   ;51       ;5190      ;             ;TR_6E_4
  100;TR            ;7E                   ;                     ;Z-RES;E;4       ;0000   ;51       ;5150      ;             ;TR_7E_4
  100;TR            ;8E                   ;                     ;Z-RES;E;4       ;0000   ;51       ;5150      ;             ;TR_8E_4
  100;TR            ;9E                   ;                     ;Z-RES;E;4       ;0000   ;51       ;5150      ;             ;TR_9E_4
  100;TR            ;AE                   ;                     ;Z-RES;E;4       ;0000   ;51       ;5150      ;             ;TR_AE_4
  100;TR            ;BE                   ;                     ;Z-RES;E;4       ;0000   ;51       ;5150      ;             ;TR_BE_4
  100;TR            ;CE                   ;                     ;Z-RES;E;4       ;0000   ;51       ;5150      ;             ;TR_CE_4
  100;TR            ;DE                   ;                     ;Z-RES;E;4       ;0000   ;51       ;5150      ;             ;TR_DE_4
  100;TR            ;EE                   ;                     ;Z-RES;E;4       ;0000   ;51       ;5150      ;             ;TR_EE_4
  100;TR            ;P1                   ;01                   ;Z-RES;E;6       ;0000   ;51       ;5180      ;             ;TR_P1_01_6
  100;TR            ;SA                   ;00                   ;Z-RES;E;6       ;0000   ;51       ;5150      ;             ;TR_SA_00_6
  100;TR            ;SA                   ;0A                   ;Z-RES;E;5       ;0000   ;51       ;5150      ;             ;TR_SA_0A_5
  100;TR            ;SA                   ;0E                   ;Z-RES;E;5       ;0000   ;51       ;5150      ;             ;TR_SA_0E_5
  100;TR            ;SA                   ;WE                   ;Z-RES;E;5       ;0000   ;51       ;5150      ;             ;TR_SA_WE_5
  100;TR            ;SA                   ;ZE                   ;Z-RES;E;5       ;0000   ;51       ;5150      ;             ;TR_SA_ZE_5
  100;TS            ;SA                   ;00                   ;Z-RES;E;6       ;0000   ;51       ;5150      ;             ;TS_SA_00_6
  100;TS            ;SA                   ;0A                   ;Z-RES;E;5       ;0000   ;51       ;5150      ;             ;TS_SA_0A_5
  100;TS            ;SA                   ;0E                   ;Z-RES;E;5       ;0000   ;51       ;5150      ;             ;TS_SA_0E_5
  100;TS            ;SA                   ;WE                   ;Z-RES;E;5       ;0000   ;51       ;5150      ;             ;TS_SA_WE_5
  100;TS            ;SA                   ;ZE                   ;Z-RES;E;5       ;0000   ;51       ;5150      ;             ;TS_SA_ZE_5
  100;TW            ;N1                   ;00                   ;Z-RES;E;6       ;0000   ;51       ;5190      ;SCC          ;TW_N1_00_6
  100;TW            ;N2                   ;00                   ;Z-RES;E;6       ;0000   ;51       ;5190      ;SCC          ;TW_N2_00_6
  100;TW            ;N3                   ;00                   ;Z-RES;E;6       ;0000   ;51       ;5190      ;SCC          ;TW_N3_00_6
  100;TW            ;N4                   ;00                   ;Z-RES;E;6       ;0000   ;51       ;5190      ;SCC          ;TW_N4_00_6
  100;TW            ;N5                   ;00                   ;Z-RES;E;6       ;0000   ;51       ;5190      ;SCC          ;TW_N5_00_6
  100;UC            ;N1                   ;00                   ;Z-RES;E;6       ;0000   ;51       ;5190      ;SCC          ;UC_N1_00_6
  100;UC            ;N2                   ;00                   ;Z-RES;E;6       ;0000   ;51       ;5190      ;SCC          ;UC_N2_00_6
  100;UC            ;N3                   ;00                   ;Z-RES;E;6       ;0000   ;51       ;5190      ;SCC          ;UC_N3_00_6
  100;UC            ;N4                   ;00                   ;Z-RES;E;6       ;0000   ;51       ;5190      ;SCC          ;UC_N4_00_6
  100;UC            ;N5                   ;00                   ;Z-RES;E;6       ;0000   ;51       ;5190      ;SCC          ;UC_N5_00_6
  100;UL            ;1L                   ;0A                   ;Z-RES;E;5       ;0000   ;51       ;5150      ;             ;UL_1L_0A_5
  100;UL            ;1M                   ;0A                   ;Z-RES;E;5       ;0000   ;51       ;5150      ;             ;UL_1M_0A_5
  100;UL            ;2M                   ;0A                   ;Z-RES;E;5       ;0000   ;51       ;5150      ;             ;UL_2M_0A_5
  100;UN            ;LA                   ;0A                   ;Z-RES;E;5       ;0000   ;51       ;5150      ;             ;UN_LA_0A_5
  100;UP            ;C0                   ;01                   ;Z-RES;E;6       ;0000   ;51       ;5180      ;             ;UP_C0_01_6
  100;UP            ;C0                   ;02                   ;Z-RES;E;6       ;0000   ;51       ;5180      ;             ;UP_C0_02_6
  100;UP            ;C0                   ;03                   ;Z-RES;E;6       ;0000   ;51       ;5180      ;             ;UP_C0_03_6
  100;UP            ;C0                   ;04                   ;Z-RES;E;6       ;0000   ;51       ;5180      ;             ;UP_C0_04_6
  100;UP            ;C0                   ;05                   ;Z-RES;E;6       ;0000   ;51       ;5180      ;             ;UP_C0_05_6
  100;UP            ;C0                   ;06                   ;Z-RES;E;6       ;0000   ;51       ;5180      ;             ;UP_C0_06_6
  100;UP            ;C0                   ;07                   ;Z-RES;E;6       ;0000   ;51       ;5180      ;             ;UP_C0_07_6
  100;UP            ;C0                   ;08                   ;Z-RES;E;6       ;0000   ;51       ;5180      ;             ;UP_C0_08_6
  100;UP            ;C1                   ;01                   ;Z-RES;E;6       ;0000   ;51       ;5180      ;             ;UP_C1_01_6
  100;UP            ;C1                   ;02                   ;Z-RES;E;6       ;0000   ;51       ;5180      ;             ;UP_C1_02_6
  100;UP            ;C1                   ;03                   ;Z-RES;E;6       ;0000   ;51       ;5180      ;             ;UP_C1_03_6
  100;UP            ;C1                   ;04                   ;Z-RES;E;6       ;0000   ;51       ;5180      ;             ;UP_C1_04_6
  100;UP            ;C1                   ;05                   ;Z-RES;E;6       ;0000   ;51       ;5180      ;             ;UP_C1_05_6
  100;UP            ;C1                   ;06                   ;Z-RES;E;6       ;0000   ;51       ;5180      ;             ;UP_C1_06_6
  100;UP            ;C1                   ;07                   ;Z-RES;E;6       ;0000   ;51       ;5180      ;             ;UP_C1_07_6
  100;UP            ;C1                   ;08                   ;Z-RES;E;6       ;0000   ;51       ;5180      ;             ;UP_C1_08_6
  100;UP            ;C1                   ;09                   ;Z-RES;E;6       ;0000   ;51       ;5180      ;             ;UP_C1_09_6
  100;UP            ;C1                   ;10                   ;Z-RES;E;6       ;0000   ;51       ;5180      ;             ;UP_C1_10_6
  100;UP            ;C1                   ;11                   ;Z-RES;E;6       ;0000   ;51       ;5180      ;             ;UP_C1_11_6
  100;UP            ;C1                   ;12                   ;Z-RES;E;6       ;0000   ;51       ;5180      ;             ;UP_C1_12_6
  100;UP            ;C2                   ;01                   ;Z-RES;E;6       ;0000   ;51       ;5180      ;             ;UP_C2_01_6
  100;UP            ;C2                   ;02                   ;Z-RES;E;6       ;0000   ;51       ;5180      ;             ;UP_C2_02_6
  100;UP            ;C2                   ;03                   ;Z-RES;E;6       ;0000   ;51       ;5180      ;             ;UP_C2_03_6
  100;UP            ;C2                   ;04                   ;Z-RES;E;6       ;0000   ;51       ;5180      ;             ;UP_C2_04_6
  100;UP            ;C2                   ;05                   ;Z-RES;E;6       ;0000   ;51       ;5180      ;             ;UP_C2_05_6
  100;UP            ;C2                   ;06                   ;Z-RES;E;6       ;0000   ;51       ;5180      ;             ;UP_C2_06_6
  100;UP            ;C2                   ;07                   ;Z-RES;E;6       ;0000   ;51       ;5180      ;             ;UP_C2_07_6
  100;UP            ;C2                   ;08                   ;Z-RES;E;6       ;0000   ;51       ;5180      ;             ;UP_C2_08_6
  100;UP            ;C2                   ;09                   ;Z-RES;E;6       ;0000   ;51       ;5180      ;             ;UP_C2_09_6
  100;UP            ;C3                   ;01                   ;Z-RES;E;6       ;0000   ;51       ;5180      ;             ;UP_C3_01_6
  100;UP            ;C3                   ;02                   ;Z-RES;E;6       ;0000   ;51       ;5180      ;             ;UP_C3_02_6
  100;UP            ;C3                   ;03                   ;Z-RES;E;6       ;0000   ;51       ;5180      ;             ;UP_C3_03_6
  100;UP            ;C3                   ;04                   ;Z-RES;E;6       ;0000   ;51       ;5180      ;             ;UP_C3_04_6
  100;UP            ;C3                   ;05                   ;Z-RES;E;6       ;0000   ;51       ;5180      ;             ;UP_C3_05_6
  100;UP            ;C3                   ;06                   ;Z-RES;E;6       ;0000   ;51       ;5180      ;             ;UP_C3_06_6
  100;UP            ;C3                   ;07                   ;Z-RES;E;6       ;0000   ;51       ;5180      ;             ;UP_C3_07_6
  100;UP            ;C3                   ;08                   ;Z-RES;E;6       ;0000   ;51       ;5180      ;             ;UP_C3_08_6
  100;UP            ;C3                   ;09                   ;Z-RES;E;6       ;0000   ;51       ;5180      ;             ;UP_C3_09_6
  100;UP            ;C4                   ;01                   ;Z-RES;E;6       ;0000   ;51       ;5180      ;             ;UP_C4_01_6
  100;UP            ;C4                   ;02                   ;Z-RES;E;6       ;0000   ;51       ;5180      ;             ;UP_C4_02_6
  100;UP            ;C4                   ;03                   ;Z-RES;E;6       ;0000   ;51       ;5180      ;             ;UP_C4_03_6
  100;UP            ;C4                   ;04                   ;Z-RES;E;6       ;0000   ;51       ;5180      ;             ;UP_C4_04_6
  100;UP            ;C4                   ;05                   ;Z-RES;E;6       ;0000   ;51       ;5180      ;             ;UP_C4_05_6
  100;UP            ;C4                   ;06                   ;Z-RES;E;6       ;0000   ;51       ;5180      ;             ;UP_C4_06_6
  100;UP            ;C4                   ;07                   ;Z-RES;E;6       ;0000   ;51       ;5180      ;             ;UP_C4_07_6
  100;UP            ;C4                   ;08                   ;Z-RES;E;6       ;0000   ;51       ;5180      ;             ;UP_C4_08_6
  100;UP            ;C4                   ;09                   ;Z-RES;E;6       ;0000   ;51       ;5180      ;             ;UP_C4_09_6
  100;UP            ;C5                   ;01                   ;Z-RES;E;6       ;0000   ;51       ;5180      ;             ;UP_C5_01_6
  100;UP            ;C5                   ;02                   ;Z-RES;E;6       ;0000   ;51       ;5180      ;             ;UP_C5_02_6
  100;UP            ;C5                   ;03                   ;Z-RES;E;6       ;0000   ;51       ;5180      ;             ;UP_C5_03_6
  100;UP            ;C5                   ;04                   ;Z-RES;E;6       ;0000   ;51       ;5180      ;             ;UP_C5_04_6
  100;UP            ;C5                   ;05                   ;Z-RES;E;6       ;0000   ;51       ;5180      ;             ;UP_C5_05_6
  100;UP            ;C5                   ;06                   ;Z-RES;E;6       ;0000   ;51       ;5180      ;             ;UP_C5_06_6
  100;UP            ;C5                   ;07                   ;Z-RES;E;6       ;0000   ;51       ;5180      ;             ;UP_C5_07_6
  100;UP            ;C5                   ;08                   ;Z-RES;E;6       ;0000   ;51       ;5180      ;             ;UP_C5_08_6
  100;UP            ;C5                   ;09                   ;Z-RES;E;6       ;0000   ;51       ;5180      ;             ;UP_C5_09_6
  100;UP            ;C6                   ;01                   ;Z-RES;E;6       ;0000   ;51       ;5180      ;             ;UP_C6_01_6
  100;UP            ;C6                   ;02                   ;Z-RES;E;6       ;0000   ;51       ;5180      ;             ;UP_C6_02_6
  100;UP            ;C6                   ;03                   ;Z-RES;E;6       ;0000   ;51       ;5180      ;             ;UP_C6_03_6
  100;UP            ;C6                   ;04                   ;Z-RES;E;6       ;0000   ;51       ;5180      ;             ;UP_C6_04_6
  100;UP            ;C6                   ;05                   ;Z-RES;E;6       ;0000   ;51       ;5180      ;             ;UP_C6_05_6
  100;UP            ;C6                   ;06                   ;Z-RES;E;6       ;0000   ;51       ;5180      ;             ;UP_C6_06_6
  100;UP            ;C6                   ;07                   ;Z-RES;E;6       ;0000   ;51       ;5180      ;             ;UP_C6_07_6
  100;UP            ;C6                   ;08                   ;Z-RES;E;6       ;0000   ;51       ;5180      ;             ;UP_C6_08_6
  100;UP            ;C6                   ;09                   ;Z-RES;E;6       ;0000   ;51       ;5180      ;             ;UP_C6_09_6
  100;UP            ;C7                   ;01                   ;Z-RES;E;6       ;0000   ;51       ;5180      ;             ;UP_C7_01_6
  100;UP            ;C7                   ;02                   ;Z-RES;E;6       ;0000   ;51       ;5180      ;             ;UP_C7_02_6
  100;UP            ;C7                   ;03                   ;Z-RES;E;6       ;0000   ;51       ;5180      ;             ;UP_C7_03_6
  100;UP            ;C7                   ;04                   ;Z-RES;E;6       ;0000   ;51       ;5180      ;             ;UP_C7_04_6
  100;UP            ;C7                   ;05                   ;Z-RES;E;6       ;0000   ;51       ;5180      ;             ;UP_C7_05_6
  100;UP            ;C7                   ;06                   ;Z-RES;E;6       ;0000   ;51       ;5180      ;             ;UP_C7_06_6
  100;UP            ;C7                   ;07                   ;Z-RES;E;6       ;0000   ;51       ;5180      ;             ;UP_C7_07_6
  100;UP            ;C7                   ;08                   ;Z-RES;E;6       ;0000   ;51       ;5180      ;             ;UP_C7_08_6
  100;UP            ;C7                   ;09                   ;Z-RES;E;6       ;0000   ;51       ;5180      ;             ;UP_C7_09_6
  100;UP            ;C8                   ;01                   ;Z-RES;E;6       ;0000   ;51       ;5180      ;             ;UP_C8_01_6
  100;UP            ;C8                   ;02                   ;Z-RES;E;6       ;0000   ;51       ;5180      ;             ;UP_C8_02_6
  100;UP            ;C8                   ;03                   ;Z-RES;E;6       ;0000   ;51       ;5180      ;             ;UP_C8_03_6
  100;UP            ;C8                   ;04                   ;Z-RES;E;6       ;0000   ;51       ;5180      ;             ;UP_C8_04_6
  100;UP            ;C8                   ;05                   ;Z-RES;E;6       ;0000   ;51       ;5180      ;             ;UP_C8_05_6
  100;UP            ;C8                   ;06                   ;Z-RES;E;6       ;0000   ;51       ;5180      ;             ;UP_C8_06_6
  100;UP            ;C8                   ;07                   ;Z-RES;E;6       ;0000   ;51       ;5180      ;             ;UP_C8_07_6
  100;UP            ;C8                   ;08                   ;Z-RES;E;6       ;0000   ;51       ;5180      ;             ;UP_C8_08_6
  100;UP            ;LA                   ;0A                   ;Z-RES;E;5       ;0000   ;51       ;5150      ;             ;UP_LA_0A_5
  100;UP            ;N1                   ;00                   ;Z-RES;E;6       ;0000   ;51       ;5190      ;SCC          ;UP_N1_00_6
  100;UP            ;N2                   ;00                   ;Z-RES;E;6       ;0000   ;51       ;5190      ;SCC          ;UP_N2_00_6
  100;UP            ;N3                   ;00                   ;Z-RES;E;6       ;0000   ;51       ;5190      ;SCC          ;UP_N3_00_6
  100;UP            ;N4                   ;00                   ;Z-RES;E;6       ;0000   ;51       ;5190      ;SCC          ;UP_N4_00_6
  100;UP            ;N5                   ;00                   ;Z-RES;E;6       ;0000   ;51       ;5190      ;SCC          ;UP_N5_00_6
  100;UP            ;SA                   ;00                   ;Z-RES;E;6       ;0000   ;51       ;5150      ;             ;UP_SA_00_6
  100;UP            ;SA                   ;0A                   ;Z-RES;E;5       ;0000   ;51       ;5150      ;             ;UP_SA_0A_5
  100;UP            ;SA                   ;0E                   ;Z-RES;E;5       ;0000   ;51       ;5150      ;             ;UP_SA_0E_5
  100;UP            ;SA                   ;WE                   ;Z-RES;E;5       ;0000   ;51       ;5150      ;             ;UP_SA_WE_5
  100;UP            ;SA                   ;ZE                   ;Z-RES;E;5       ;0000   ;51       ;5150      ;             ;UP_SA_ZE_5
  100;V1            ;HV                   ;1L                   ;Z-RES;E;6       ;0000   ;51       ;5150      ;             ;V1_HV_1L_6
  100;V1            ;HV                   ;1T                   ;Z-RES;E;6       ;0000   ;51       ;5150      ;             ;V1_HV_1T_6
  100;V1            ;M1                   ;1T                   ;Z-RES;E;6       ;0000   ;51       ;5150      ;             ;V1_M1_1T_6
  100;V2            ;HV                   ;1L                   ;Z-RES;E;6       ;0000   ;51       ;5150      ;             ;V2_HV_1L_6
  100;V2            ;M1                   ;1T                   ;Z-RES;E;6       ;0000   ;51       ;5150      ;             ;V2_M1_1T_6
  100;V3            ;HV                   ;1L                   ;Z-RES;E;6       ;0000   ;51       ;5150      ;             ;V3_HV_1L_6
  100;V3            ;M1                   ;1T                   ;Z-RES;E;6       ;0000   ;51       ;5150      ;             ;V3_M1_1T_6
  100;VC            ;00                   ;                     ;Z-RES;E;4       ;0000   ;51       ;5110      ;             ;VC_00_4
  100;VE            ;ZZ                   ;0E                   ;Z-RES;E;5       ;0000   ;51       ;5110      ;SCC          ;VE_ZZ_0E_5
  100;VS            ;SS                   ;00                   ;Z-RES;E;5       ;0000   ;51       ;5150      ;             ;VS_SS_00_5
  100;VS            ;ZZ                   ;0E                   ;Z-RES;E;5       ;0000   ;51       ;5110      ;SCC          ;VS_ZZ_0E_5
  100;VT            ;HV                   ;1S                   ;Z-RES;E;6       ;0000   ;51       ;5150      ;             ;VT_HV_1S_6
  100;VT            ;I1                   ;MV                   ;Z-RES;E;6       ;0000   ;51       ;5140      ;             ;VT_I1_MV_6
  100;VT            ;I2                   ;MV                   ;Z-RES;E;6       ;0000   ;51       ;5140      ;             ;VT_I2_MV_6
  100;VT            ;I3                   ;MV                   ;Z-RES;E;6       ;0000   ;51       ;5140      ;             ;VT_I3_MV_6
  100;VT            ;I4                   ;MV                   ;Z-RES;E;6       ;0000   ;51       ;5140      ;             ;VT_I4_MV_6
  100;VT            ;I5                   ;MV                   ;Z-RES;E;6       ;0000   ;51       ;5140      ;             ;VT_I5_MV_6
  100;VT            ;I6                   ;MV                   ;Z-RES;E;6       ;0000   ;51       ;5140      ;             ;VT_I6_MV_6
  100;VT            ;I7                   ;MV                   ;Z-RES;E;6       ;0000   ;51       ;5140      ;             ;VT_I7_MV_6
  100;VT            ;I8                   ;MV                   ;Z-RES;E;6       ;0000   ;51       ;5140      ;             ;VT_I8_MV_6
  100;VT            ;I9                   ;MV                   ;Z-RES;E;6       ;0000   ;51       ;5140      ;             ;VT_I9_MV_6
  100;WS            ;00                   ;0E                   ;Z-RES;E;5       ;0000   ;51       ;5150      ;             ;WS_00_0E_5
  100;ZT            ;M1                   ;1T                   ;Z-RES;E;6       ;0000   ;51       ;5150      ;             ;ZT_M1_1T_6
  100;ZZ            ;0E                   ;                     ;Z-RES;E;4       ;       ;         ;          ;             ;ZZ_0E_4
